supply_structure,pricing_structure,producer_npv,consumer_npv,total_volume_mwh,average_strike_eur_mwh,capture_rate,volume_value,profile_value,path,mode,label
PayAsProduced,FixedFlat,4660398.641106147,-4660398.641106147,443970.5333737907,64.99999999999999,0.7397116698692928,5037836.862027004,-377438.22092085704,0,joint,PayAsProduced / FixedFlat
PayAsProduced,FixedEscalated,6488483.146373606,-6488483.146373606,443970.5333737907,71.08132369269141,0.7397116698692928,7054897.45162046,-566414.3052468533,0,joint,PayAsProduced / FixedEscalated
PayAsProduced,IndexedWithFloorCap,2878424.1468148488,-2878424.1468148488,443970.5333737907,59.17914868953582,0.7397116698692928,3107170.0582962465,-228745.9114813977,0,joint,PayAsProduced / IndexedWithFloorCap
PayAsProduced,Floating,0.0,-0.0,443970.5333737907,49.81120655124495,0.7397116698692928,0.0,0.0,0,joint,PayAsProduced / Floating
PayAsNominated,FixedFlat,1635148.6507336828,-1635148.6507336828,443970.53337379056,65.0,0.7397116698692928,1954345.743599399,-319197.0928657162,0,joint,PayAsNominated / FixedFlat
PayAsNominated,FixedEscalated,3463256.785279092,-3463256.785279092,443970.53337379056,71.08132369269143,0.7397116698692928,3971406.333192854,-508149.5479137623,0,joint,PayAsNominated / FixedEscalated
PayAsNominated,IndexedWithFloorCap,582319.1797989121,-582319.1797989121,443970.53337379056,61.250606199899785,0.7397116698692928,710742.4014294776,-128423.22163056547,0,joint,PayAsNominated / IndexedWithFloorCap
PayAsNominated,Floating,0.0,-0.0,443970.53337379056,59.10775802393862,0.7397116698692928,0.0,0.0,0,joint,PayAsNominated / Floating
Baseload,FixedFlat,-1104610.5547094073,1104610.5547094073,443970.5333737907,65.00000000000001,0.7397116698692928,-775695.7371369782,-328914.8175724291,0,joint,Baseload / FixedFlat
Baseload,FixedEscalated,745988.5821311923,-745988.5821311923,443970.5333737907,71.1737960547356,0.7397116698692928,1272036.1941793433,-526047.612048151,0,joint,Baseload / FixedEscalated
Baseload,IndexedWithFloorCap,-130510.95525527975,130510.95525527975,443970.5333737907,67.23349233612029,0.7397116698692928,-34888.37413449923,-95622.58112078052,0,joint,Baseload / IndexedWithFloorCap
Baseload,Floating,0.0,-0.0,443970.5333737907,67.33867881257927,0.7397116698692928,0.0,0.0,0,joint,Baseload / Floating
PayAsProduced,FixedFlat,4698715.59859397,-4698715.59859397,446431.2407208789,65.00000000000001,0.7414215662560041,5078219.734692396,-379504.13609842584,1,joint,PayAsProduced / FixedFlat
PayAsProduced,FixedEscalated,6544944.02550685,-6544944.02550685,446431.2407208789,71.11589131110627,0.7414215662560041,7117988.861084546,-573044.8355776956,1,joint,PayAsProduced / FixedEscalated
PayAsProduced,IndexedWithFloorCap,2889932.9260634496,-2889932.9260634496,446431.2407208789,59.1334715986747,0.7414215662560041,3121618.0059475517,-231685.0798841021,1,joint,PayAsProduced / IndexedWithFloorCap
PayAsProduced,Floating,0.0,-0.0,446431.2407208789,49.773845456604604,0.7414215662560041,0.0,0.0,1,joint,PayAsProduced / Floating
PayAsNominated,FixedFlat,1678987.2949300264,-1678987.2949300264,446431.2407208789,65.0,0.7414215662560041,1997854.65380479,-318867.3588747636,1,joint,PayAsNominated / FixedFlat
PayAsNominated,FixedEscalated,3525239.6331195533,-3525239.6331195533,446431.2407208789,71.11589131110627,0.7414215662560041,4037623.7801969456,-512384.1470773923,1,joint,PayAsNominated / FixedEscalated
PayAsNominated,IndexedWithFloorCap,586856.7608500373,-586856.7608500373,446431.2407208789,61.158006900550944,0.7414215662560041,716474.9644966198,-129618.20364658243,1,joint,PayAsNominated / IndexedWithFloorCap
PayAsNominated,Floating,0.0,-0.0,446431.2407208789,59.0097819111177,0.7414215662560041,0.0,0.0,1,joint,PayAsNominated / Floating
Baseload,FixedFlat,-1034061.8416414008,1034061.8416414008,446431.24072087894,64.99999999999996,0.7414215662560041,-711393.2868481576,-322668.5547932432,1,joint,Baseload / FixedFlat
Baseload,FixedEscalated,826794.2436906532,-826794.2436906532,446431.24072087894,71.17379605473558,0.7414215662560041,1347688.2017686688,-520893.9580780156,1,joint,Baseload / FixedEscalated
Baseload,IndexedWithFloorCap,-120626.08910253484,120626.08910253484,446431.24072087894,67.05660396031894,0.7414215662560041,-25475.723882885464,-95150.36521964938,1,joint,Baseload / IndexedWithFloorCap
Baseload,Floating,0.0,-0.0,446431.24072087894,67.13298846693958,0.7414215662560041,0.0,0.0,1,joint,Baseload / Floating
PayAsProduced,FixedFlat,4741076.759819476,-4741076.759819476,446343.11247612035,65.0,0.7404168445018608,5111669.631030954,-370592.8712114785,2,joint,PayAsProduced / FixedFlat
PayAsProduced,FixedEscalated,6585027.643903866,-6585027.643903866,446343.11247612035,71.09750040724359,0.7404168445018608,7144903.580009922,-559875.936106056,2,joint,PayAsProduced / FixedEscalated
PayAsProduced,IndexedWithFloorCap,2916605.1963967215,-2916605.1963967215,446343.11247612035,59.09703599387844,0.7404168445018608,3143304.560880368,-226699.36448364658,2,joint,PayAsProduced / IndexedWithFloorCap
PayAsProduced,Floating,0.0,-0.0,446343.11247612035,49.67052565566408,0.7404168445018608,0.0,0.0,2,joint,PayAsProduced / Floating
PayAsNominated,FixedFlat,1687576.336149369,-1687576.336149369,446343.11247612035,65.00000000000001,0.7404168445018608,2003963.2030224837,-316386.86687311484,2,joint,PayAsNominated / FixedFlat
PayAsNominated,FixedEscalated,3531550.98591213,-3531550.98591213,446343.11247612035,71.09750040724359,0.7404168445018608,4037197.1520014475,-505646.1660893173,2,joint,PayAsNominated / FixedEscalated
PayAsNominated,IndexedWithFloorCap,596795.6482646673,-596795.6482646673,446343.11247612035,61.1663567632195,0.7404168445018608,725620.7582993995,-128825.11003473226,2,joint,PayAsNominated / IndexedWithFloorCap
PayAsNominated,Floating,0.0,-0.0,446343.11247612035,58.99028013836438,0.7404168445018608,0.0,0.0,2,joint,PayAsNominated / Floating
Baseload,FixedFlat,-1023539.7379083629,1023539.7379083629,446343.1124761204,64.99999999999997,0.7404168445018608,-695098.5400011841,-328441.1979071788,2,joint,Baseload / FixedFlat
Baseload,FixedEscalated,836949.0031036934,-836949.0031036934,446343.1124761204,71.1737960547356,0.7404168445018608,1363576.473394259,-526627.4702905657,2,joint,Baseload / FixedEscalated
Baseload,IndexedWithFloorCap,-111473.02810397756,111473.02810397756,446343.1124761204,67.04456239899832,0.7404168445018608,-13331.684272745502,-98141.34383123205,2,joint,Baseload / IndexedWithFloorCap
Baseload,Floating,0.0,-0.0,446343.1124761204,67.08454301722631,0.7404168445018608,0.0,0.0,2,joint,Baseload / Floating
PayAsProduced,FixedFlat,4698729.805877391,-4698729.805877391,446119.90644655685,65.0,0.740835629333692,5078096.005511755,-379366.1996343639,3,joint,PayAsProduced / FixedFlat
PayAsProduced,FixedEscalated,6549736.690719105,-6549736.690719105,446119.90644655685,71.13377399760456,0.740835629333692,7122402.693953049,-572666.0032339441,3,joint,PayAsProduced / FixedEscalated
PayAsProduced,IndexedWithFloorCap,2860787.531816805,-2860787.531816805,446119.90644655685,59.0490851922628,0.740835629333692,3094733.8945907266,-233946.3627739218,3,joint,PayAsProduced / IndexedWithFloorCap
PayAsProduced,Floating,0.0,-0.0,446119.90644655685,49.7635907997265,0.740835629333692,0.0,0.0,3,joint,PayAsProduced / Floating
PayAsNominated,FixedFlat,1667025.7538764332,-1667025.7538764332,446119.9064465568,65.0,0.740835629333692,1981704.7403184855,-314678.9864420523,3,joint,PayAsNominated / FixedFlat
PayAsNominated,FixedEscalated,3518056.555538499,-3518056.555538499,446119.9064465568,71.13377399760455,0.740835629333692,4026011.4287597756,-507954.8732212768,3,joint,PayAsNominated / FixedEscalated
PayAsNominated,IndexedWithFloorCap,571768.3073669176,-571768.3073669176,446119.9064465568,61.15847932188387,0.740835629333692,701376.1173328172,-129607.80996589956,3,joint,PayAsNominated / IndexedWithFloorCap
PayAsNominated,Floating,0.0,-0.0,446119.9064465568,59.0540579963747,0.740835629333692,0.0,0.0,3,joint,PayAsNominated / Floating
Baseload,FixedFlat,-1042433.3356497033,1042433.3356497033,446119.9064465568,65.0,0.740835629333692,-723980.1422221918,-318453.1934275115,3,joint,Baseload / FixedFlat
Baseload,FixedEscalated,817125.0172969359,-817125.0172969359,446119.9064465568,71.17379605473559,0.740835629333692,1333665.3746647043,-516540.3573677684,3,joint,Baseload / FixedEscalated
Baseload,IndexedWithFloorCap,-132688.94323581073,132688.94323581073,446119.9064465568,67.06229672021449,0.740835629333692,-36643.60515194756,-96045.33808386317,3,joint,Baseload / IndexedWithFloorCap
Baseload,Floating,0.0,-0.0,446119.9064465568,67.17224284215908,0.740835629333692,0.0,0.0,3,joint,Baseload / Floating
PayAsProduced,FixedFlat,4816224.490304543,-4816224.490304543,443422.8869647921,65.0,0.7348512828441028,5168297.7457810985,-352073.2554765558,4,joint,PayAsProduced / FixedFlat
PayAsProduced,FixedEscalated,6645377.239559477,-6645377.239559477,443422.8869647921,71.088795530356,0.7348512828441028,7185345.462262075,-539968.2227025982,4,joint,PayAsProduced / FixedEscalated
PayAsProduced,IndexedWithFloorCap,2948988.5333694816,-2948988.5333694816,443422.8869647921,58.95262988328522,0.7348512828441028,3164973.110584869,-215984.5772153875,4,joint,PayAsProduced / IndexedWithFloorCap
PayAsProduced,Floating,0.0,-0.0,443422.8869647921,49.3986297612421,0.7348512828441028,0.0,0.0,4,joint,PayAsProduced / Floating
PayAsNominated,FixedFlat,1734658.4200870781,-1734658.4200870781,443422.88696479215,64.99999999999999,0.7348512828441028,2041398.180215171,-306739.76012809295,4,joint,PayAsNominated / FixedFlat
PayAsNominated,FixedEscalated,3563834.823518511,-3563834.823518511,443422.88696479215,71.08879553035598,0.7348512828441028,4058445.896696149,-494611.073177638,4,joint,PayAsNominated / FixedEscalated
PayAsNominated,IndexedWithFloorCap,608909.6886011699,-608909.6886011699,443422.88696479215,61.04952581433322,0.7348512828441028,732716.5377639073,-123806.84916273749,4,joint,PayAsNominated / IndexedWithFloorCap
PayAsNominated,Floating,0.0,-0.0,443422.88696479215,58.837698526509676,0.7348512828441028,0.0,0.0,4,joint,PayAsNominated / Floating
Baseload,FixedFlat,-1058367.6366128146,1058367.6366128146,443422.88696479215,64.99999999999999,0.7348512828441028,-736292.4106652106,-322075.22594760405,4,joint,Baseload / FixedFlat
Baseload,FixedEscalated,789948.7496945788,-789948.7496945788,443422.88696479215,71.17379605473558,0.7348512828441028,1308913.6029280247,-518964.8532334459,4,joint,Baseload / FixedEscalated
Baseload,IndexedWithFloorCap,-121770.86878408147,121770.86878408147,443422.88696479215,67.1380656215153,0.7348512828441028,-28011.05057299645,-93759.81821108502,4,joint,Baseload / IndexedWithFloorCap
Baseload,Floating,0.0,-0.0,443422.88696479215,67.22262165761492,0.7348512828441028,0.0,0.0,4,joint,Baseload / Floating
PayAsProduced,FixedFlat,4733514.821622492,-4733514.821622492,446870.97834757157,65.0,0.740107367569772,5116922.584999024,-383407.7633765321,5,joint,PayAsProduced / FixedFlat
PayAsProduced,FixedEscalated,6590201.824543988,-6590201.824543988,446870.97834757157,71.14373295716179,0.740107367569772,7167995.775920957,-577793.951376969,5,joint,PayAsProduced / FixedEscalated
PayAsProduced,IndexedWithFloorCap,2895685.258359205,-2895685.258359205,446870.97834757157,59.04571113717076,0.740107367569772,3129094.933193668,-233409.6748344628,5,joint,PayAsProduced / IndexedWithFloorCap
PayAsProduced,Floating,0.0,-0.0,446870.97834757157,49.67289901508906,0.740107367569772,0.0,0.0,5,joint,PayAsProduced / Floating
PayAsNominated,FixedFlat,1664253.6104650805,-1664253.6104650805,446870.97834757157,65.0,0.740107367569772,1986822.9356343332,-322569.3251692527,5,joint,PayAsNominated / FixedFlat
PayAsNominated,FixedEscalated,3520964.5651335916,-3520964.5651335916,446870.97834757157,71.1437329571618,0.740107367569772,4037896.126556271,-516931.5614226796,5,joint,PayAsNominated / FixedEscalated
PayAsNominated,IndexedWithFloorCap,581998.0189494493,-581998.0189494493,446870.97834757157,61.1817082975375,0.740107367569772,712093.7440096929,-130095.72506024363,5,joint,PayAsNominated / IndexedWithFloorCap
PayAsNominated,Floating,0.0,-0.0,446870.97834757157,59.048720638674574,0.740107367569772,0.0,0.0,5,joint,PayAsNominated / Floating
Baseload,FixedFlat,-1030087.5294001616,1030087.5294001616,446870.97834757145,65.0,0.740107367569772,-706356.1084974407,-323731.4209027209,5,joint,Baseload / FixedFlat
Baseload,FixedEscalated,832601.5110746804,-832601.5110746804,446870.97834757145,71.1737960547356,0.740107367569772,1354753.588551902,-522152.0774772216,5,joint,Baseload / FixedEscalated
Baseload,IndexedWithFloorCap,-121305.66268146623,121305.66268146623,446870.97834757145,67.04140289358136,0.740107367569772,-24837.75864561259,-96467.90403585364,5,joint,Baseload / IndexedWithFloorCap
Baseload,Floating,0.0,-0.0,446870.97834757145,67.11580129001523,0.740107367569772,0.0,0.0,5,joint,Baseload / Floating
PayAsProduced,FixedFlat,4647009.617379256,-4647009.617379256,443952.12483789003,65.0,0.740796297343299,5022417.084177602,-375407.4667983465,6,joint,PayAsProduced / FixedFlat
PayAsProduced,FixedEscalated,6481794.748934683,-6481794.748934683,443952.12483789003,71.09935791626025,0.740796297343299,7045375.403994566,-563580.6550598824,6,joint,PayAsProduced / FixedEscalated
PayAsProduced,IndexedWithFloorCap,2876719.3424866,-2876719.3424866,443952.12483789003,59.212079287986235,0.740796297343299,3102752.3392058476,-226032.99671924766,6,joint,PayAsProduced / IndexedWithFloorCap
PayAsProduced,Floating,0.0,-0.0,443952.12483789003,49.857068432378256,0.740796297343299,0.0,0.0,6,joint,PayAsProduced / Floating
PayAsNominated,FixedFlat,1600248.8560896209,-1600248.8560896209,443952.1248378901,65.0,0.740796297343299,1923424.957449514,-323176.1013598931,6,joint,PayAsNominated / FixedFlat
PayAsNominated,FixedEscalated,3435057.7317676023,-3435057.7317676023,443952.1248378901,71.09935791626025,0.740796297343299,3946383.2772664786,-511325.54549887637,6,joint,PayAsNominated / FixedEscalated
PayAsNominated,IndexedWithFloorCap,572612.256129075,-572612.256129075,443952.1248378901,61.310294011587494,0.740796297343299,699669.6819902734,-127057.42586119846,6,joint,PayAsNominated / IndexedWithFloorCap
PayAsNominated,Floating,0.0,-0.0,443952.1248378901,59.200741989773825,0.740796297343299,0.0,0.0,6,joint,PayAsNominated / Floating
Baseload,FixedFlat,-1094105.8569638438,1094105.8569638438,443952.12483789,65.00000000000001,0.740796297343299,-763496.6288325355,-330609.22813130834,6,joint,Baseload / FixedFlat
Baseload,FixedEscalated,756416.5477107959,-756416.5477107959,443952.12483789,71.17379605473562,0.740796297343299,1284150.3965183292,-527733.8488075333,6,joint,Baseload / FixedEscalated
Baseload,IndexedWithFloorCap,-128965.37237908489,128965.37237908489,443952.12483789,67.20190191611799,0.740796297343299,-33197.49541769994,-95767.87696138496,6,joint,Baseload / IndexedWithFloorCap
Baseload,Floating,0.0,-0.0,443952.12483789,67.30199463898451,0.740796297343299,0.0,0.0,6,joint,Baseload / Floating
PayAsProduced,FixedFlat,4755988.245890194,-4755988.245890194,447374.3171127118,65.0,0.7389292692709919,5115395.620056533,-359407.37416633964,7,joint,PayAsProduced / FixedFlat
PayAsProduced,FixedEscalated,6602721.250668102,-6602721.250668102,447374.3171127118,71.09089002905151,0.7389292692709919,7151117.684565298,-548396.4338971963,7,joint,PayAsProduced / FixedEscalated
PayAsProduced,IndexedWithFloorCap,2893742.7439557705,-2893742.7439557705,447374.3171127118,59.02085200373936,0.7389292692709919,3117020.4327037255,-223277.68874795502,7,joint,PayAsProduced / IndexedWithFloorCap
PayAsProduced,Floating,0.0,-0.0,447374.3171127118,49.694712151496674,0.7389292692709919,0.0,0.0,7,joint,PayAsProduced / Floating
PayAsNominated,FixedFlat,1701462.0747268663,-1701462.0747268663,447374.3171127117,65.0,0.7389292692709919,2008478.2473818995,-307016.1726550332,7,joint,PayAsNominated / FixedFlat
PayAsNominated,FixedEscalated,3548218.95361535,-3548218.95361535,447374.3171127117,71.09089002905152,0.7389292692709919,4044200.3118906682,-495981.35827531805,7,joint,PayAsNominated / FixedEscalated
PayAsNominated,IndexedWithFloorCap,582186.1002756678,-582186.1002756678,447374.3171127117,61.11269459468148,0.7389292692709919,709247.2076904131,-127061.10741474526,7,joint,PayAsNominated / IndexedWithFloorCap
PayAsNominated,Floating,0.0,-0.0,447374.3171127117,58.99062360042883,0.7389292692709919,0.0,0.0,7,joint,PayAsNominated / Floating
Baseload,FixedFlat,-1079695.9485218136,1079695.9485218136,447374.31711271167,65.00000000000001,0.7389292692709919,-752781.5857377638,-326914.3627840498,7,joint,Baseload / FixedFlat
Baseload,FixedEscalated,785091.1552574297,-785091.1552574297,447374.31711271167,71.17379605473559,0.7389292692709919,1310649.6682262016,-525558.5129687719,7,joint,Baseload / FixedEscalated
Baseload,IndexedWithFloorCap,-134394.14401368302,134394.14401368302,447374.31711271167,67.1388527669976,0.7389292692709919,-37925.50563371279,-96468.63837997023,7,joint,Baseload / IndexedWithFloorCap
Baseload,Floating,0.0,-0.0,447374.31711271167,67.25232605892602,0.7389292692709919,0.0,0.0,7,joint,Baseload / Floating
PayAsProduced,FixedFlat,4621737.856168958,-4621737.856168958,446686.9000437736,65.0,0.7443638977661255,5006883.604209244,-385145.7480402859,8,joint,PayAsProduced / FixedFlat
PayAsProduced,FixedEscalated,6464113.846265243,-6464113.846265243,446686.9000437736,71.08981130053418,0.7443638977661255,7039117.678445614,-575003.8321803706,8,joint,PayAsProduced / FixedEscalated
PayAsProduced,IndexedWithFloorCap,2853474.7613898185,-2853474.7613898185,446686.9000437736,59.231858977277845,0.7443638977661255,3081994.284510889,-228519.52312107058,8,joint,PayAsProduced / IndexedWithFloorCap
PayAsProduced,Floating,0.0,-0.0,446686.9000437736,49.99632658465782,0.7443638977661255,0.0,0.0,8,joint,PayAsProduced / Floating
PayAsNominated,FixedFlat,1644812.914282,-1644812.914282,446686.9000437736,65.0,0.7443638977661255,1965288.2251454084,-320475.3108634085,8,joint,PayAsNominated / FixedFlat
PayAsNominated,FixedEscalated,3487212.6798148085,-3487212.6798148085,446686.9000437736,71.08981130053418,0.7443638977661255,3997522.2993817795,-510309.61956697097,8,joint,PayAsNominated / FixedEscalated
PayAsNominated,IndexedWithFloorCap,569772.2828525376,-569772.2828525376,446686.9000437736,61.20240128549982,0.7443638977661255,697989.59682723,-128217.31397469237,8,joint,PayAsNominated / IndexedWithFloorCap
PayAsNominated,Floating,0.0,-0.0,446686.9000437736,59.11079924600003,0.7443638977661255,0.0,0.0,8,joint,PayAsNominated / Floating
Baseload,FixedFlat,-1054261.7616962788,1054261.7616962788,446686.9000437737,64.99999999999997,0.7443638977661255,-722987.799422302,-331273.96227397677,8,joint,Baseload / FixedFlat
Baseload,FixedEscalated,807659.9865271366,-807659.9865271366,446686.9000437737,71.17379605473556,0.7443638977661255,1337272.870513266,-529612.8839861293,8,joint,Baseload / FixedEscalated
Baseload,IndexedWithFloorCap,-127063.66158852287,127063.66158852287,446686.9000437737,67.07446028658369,0.7443638977661255,-30718.585813700138,-96345.07577482273,8,joint,Baseload / IndexedWithFloorCap
Baseload,Floating,0.0,-0.0,446686.9000437737,67.16651188309822,0.7443638977661255,0.0,0.0,8,joint,Baseload / Floating
PayAsProduced,FixedFlat,4671710.01352793,-4671710.01352793,447316.549738164,65.0,0.7427377456066298,5043077.314362907,-371367.30083497707,9,joint,PayAsProduced / FixedFlat
PayAsProduced,FixedEscalated,6520358.269977217,-6520358.269977217,447316.549738164,71.10142792655392,0.7427377456066298,7082058.079731603,-561699.8097543865,9,joint,PayAsProduced / FixedEscalated
PayAsProduced,IndexedWithFloorCap,2842513.7734639714,-2842513.7734639714,447316.549738164,59.086834953865555,0.7427377456066298,3067010.4105736646,-224496.63710969314,9,joint,PayAsProduced / IndexedWithFloorCap
PayAsProduced,Floating,0.0,-0.0,447316.549738164,49.90914025073676,0.7427377456066298,0.0,0.0,9,joint,PayAsProduced / Floating
PayAsNominated,FixedFlat,1646205.0014363197,-1646205.0014363197,447316.549738164,65.0,0.7427377456066298,1958518.254095635,-312313.25265931524,9,joint,PayAsNominated / FixedFlat
PayAsNominated,FixedEscalated,3494877.137281156,-3494877.137281156,447316.549738164,71.10142792655392,0.7427377456066298,3997499.0194643307,-502621.8821831746,9,joint,PayAsNominated / FixedEscalated
PayAsNominated,IndexedWithFloorCap,556800.1290983082,-556800.1290983082,447316.549738164,61.18611393602229,0.7427377456066298,683990.3207385004,-127190.1916401923,9,joint,PayAsNominated / IndexedWithFloorCap
PayAsNominated,Floating,0.0,-0.0,447316.549738164,59.13934737729419,0.7427377456066298,0.0,0.0,9,joint,PayAsNominated / Floating
Baseload,FixedFlat,-1063470.6034771004,1063470.6034771004,447316.54973816406,65.0,0.7427377456066298,-733921.8930114057,-329548.71046569466,9,joint,Baseload / FixedFlat
Baseload,FixedEscalated,801075.7089760537,-801075.7089760537,447316.54973816406,71.17379605473559,0.7427377456066298,1329242.9196269421,-528167.2106508884,9,joint,Baseload / FixedEscalated
Baseload,IndexedWithFloorCap,-135709.9374904748,135709.9374904748,447316.54973816406,67.08115184179988,0.7427377456066298,-38440.66692433933,-97269.27056613547,9,joint,Baseload / IndexedWithFloorCap
Baseload,Floating,0.0,-0.0,447316.54973816406,67.19618135197042,0.7427377456066298,0.0,0.0,9,joint,Baseload / Floating
PayAsProduced,FixedFlat,4718208.255530411,-4718208.255530411,443628.2342216716,64.99999999999999,0.7400212989610064,5089137.425354092,-370929.169823681,10,joint,PayAsProduced / FixedFlat
PayAsProduced,FixedEscalated,6551581.570181664,-6551581.570181664,443628.2342216716,71.10242479084245,0.7400212989610064,7111636.311870468,-560054.7416888038,10,joint,PayAsProduced / FixedEscalated
PayAsProduced,IndexedWithFloorCap,2870834.1172338957,-2870834.1172338957,443628.2342216716,58.98274626949453,0.7400212989610064,3094866.3958943915,-224032.27866049577,10,joint,PayAsProduced / IndexedWithFloorCap
PayAsProduced,Floating,0.0,-0.0,443628.2342216716,49.64469938869676,0.7400212989610064,0.0,0.0,10,joint,PayAsProduced / Floating
PayAsNominated,FixedFlat,1692942.8647458854,-1692942.8647458854,443628.23422167153,65.00000000000001,0.7400212989610064,2008586.7959930608,-315643.93124717544,10,joint,PayAsNominated / FixedFlat
PayAsNominated,FixedEscalated,3526339.819036493,-3526339.819036493,443628.23422167153,71.10242479084245,0.7400212989610064,4031085.6825094265,-504745.8634729334,10,joint,PayAsNominated / FixedEscalated
PayAsNominated,IndexedWithFloorCap,575922.1916501229,-575922.1916501229,443628.23422167153,61.05860875235164,0.7400212989610064,702309.4254539745,-126387.23380385165,10,joint,PayAsNominated / IndexedWithFloorCap
PayAsNominated,Floating,0.0,-0.0,443628.23422167153,58.939551739611,0.7400212989610064,0.0,0.0,10,joint,PayAsNominated / Floating
Baseload,FixedFlat,-1016351.1522603814,1016351.1522603814,443628.2342216714,65.0,0.7400212989610064,-691188.0179947102,-325163.13426567113,10,joint,Baseload / FixedFlat
Baseload,FixedEscalated,832821.1815204765,-832821.1815204765,443628.2342216714,71.17379605473562,0.7400212989610064,1354965.1218227108,-522143.9403022344,10,joint,Baseload / FixedEscalated
Baseload,IndexedWithFloorCap,-128753.87366626208,128753.87366626208,443628.2342216714,66.98407876549572,0.7400212989610064,-33613.818965228566,-95140.05470103351,10,joint,Baseload / IndexedWithFloorCap
Baseload,Floating,0.0,-0.0,443628.2342216714,67.08550072599016,0.7400212989610064,0.0,0.0,10,joint,Baseload / Floating
PayAsProduced,FixedFlat,4606973.192089944,-4606973.192089944,445966.15541252604,65.0,0.7429142889242242,4991238.294847058,-384265.102757114,11,joint,PayAsProduced / FixedFlat
PayAsProduced,FixedEscalated,6448113.339945353,-6448113.339945353,445966.15541252604,71.10019799662813,0.7429142889242242,7023653.846680562,-575540.5067352094,11,joint,PayAsProduced / FixedEscalated
PayAsProduced,IndexedWithFloorCap,2833956.7046824754,-2833956.7046824754,445966.15541252604,59.22491851162452,0.7429142889242242,3067142.480814807,-233185.7761323317,11,joint,PayAsProduced / IndexedWithFloorCap
PayAsProduced,Floating,0.0,-0.0,445966.15541252604,50.01903716518409,0.7429142889242242,0.0,0.0,11,joint,PayAsProduced / Floating
PayAsNominated,FixedFlat,1601622.687292434,-1601622.687292434,445966.155412526,65.00000000000001,0.7429142889242242,1925237.2462528362,-323614.55896040215,11,joint,PayAsNominated / FixedFlat
PayAsNominated,FixedEscalated,3442786.646848592,-3442786.646848592,445966.155412526,71.10019799662813,0.7429142889242242,3957652.798086336,-514866.1512377439,11,joint,PayAsNominated / FixedEscalated
PayAsNominated,IndexedWithFloorCap,559828.1622828364,-559828.1622828364,445966.155412526,61.29388595047975,0.7429142889242242,690463.5823033811,-130635.42002054467,11,joint,PayAsNominated / IndexedWithFloorCap
PayAsNominated,Floating,0.0,-0.0,445966.155412526,59.22149255744946,0.7429142889242242,0.0,0.0,11,joint,PayAsNominated / Floating
Baseload,FixedFlat,-1103262.422720242,1103262.422720242,445966.155412526,65.00000000000003,0.7429142889242242,-775671.1677336624,-327591.25498657965,11,joint,Baseload / FixedFlat
Baseload,FixedEscalated,755655.0509123956,-755655.0509123956,445966.155412526,71.17379605473559,0.7429142889242242,1281265.2009593896,-525610.150046994,11,joint,Baseload / FixedEscalated
Baseload,IndexedWithFloorCap,-141668.63500641132,141668.63500641132,445966.155412526,67.19264280671399,0.7429142889242242,-45143.84018715198,-96524.79481925935,11,joint,Baseload / IndexedWithFloorCap
Baseload,Floating,0.0,-0.0,445966.155412526,67.32813988221183,0.7429142889242242,0.0,0.0,11,joint,Baseload / Floating
PayAsProduced,FixedFlat,4768744.7625981495,-4768744.7625981495,446545.2062214242,65.00000000000001,0.7379690605337782,5147646.325317143,-378901.562718994,12,joint,PayAsProduced / FixedFlat
PayAsProduced,FixedEscalated,6621561.799565583,-6621561.799565583,446545.2062214242,71.1314034458678,0.7379690605337782,7193111.086851195,-571549.2872856129,12,joint,PayAsProduced / FixedEscalated
PayAsProduced,IndexedWithFloorCap,2874768.7242360036,-2874768.7242360036,446545.2062214242,58.88075970352392,0.7379690605337782,3106239.2470997483,-231470.52286374476,12,joint,PayAsProduced / IndexedWithFloorCap
PayAsProduced,Floating,0.0,-0.0,446545.2062214242,49.56962104128982,0.7379690605337782,0.0,0.0,12,joint,PayAsProduced / Floating
PayAsNominated,FixedFlat,1709695.1019542022,-1709695.1019542022,446545.2062214242,65.00000000000001,0.7379690605337782,2023649.4809205283,-313954.3789663261,12,joint,PayAsNominated / FixedFlat
PayAsNominated,FixedEscalated,3562536.107143502,-3562536.107143502,446545.2062214242,71.1314034458678,0.7379690605337782,4069114.24245458,-506578.1353110778,12,joint,PayAsNominated / FixedEscalated
PayAsNominated,IndexedWithFloorCap,580252.4711800688,-580252.4711800688,446545.2062214242,61.05660564262845,0.7379690605337782,708114.7473071623,-127862.27612709347,12,joint,PayAsNominated / IndexedWithFloorCap
PayAsNominated,Floating,0.0,-0.0,446545.2062214242,58.93398916770432,0.7379690605337782,0.0,0.0,12,joint,PayAsNominated / Floating
Baseload,FixedFlat,-1044209.0614463966,1044209.0614463966,446545.2062214241,65.00000000000003,0.7379690605337782,-724030.2647487746,-320178.79669762205,12,joint,Baseload / FixedFlat
Baseload,FixedEscalated,817122.0654505476,-817122.0654505476,446545.2062214241,71.1737960547356,0.7379690605337782,1335576.8686507249,-518454.80320017727,12,joint,Baseload / FixedEscalated
Baseload,IndexedWithFloorCap,-133983.14499931017,133983.14499931017,446545.2062214241,67.05106391167526,0.7379690605337782,-39785.78597233515,-94197.35902697503,12,joint,Baseload / IndexedWithFloorCap
Baseload,Floating,0.0,-0.0,446545.2062214241,67.17032419412783,0.7379690605337782,0.0,0.0,12,joint,Baseload / Floating
PayAsProduced,FixedFlat,4639187.848001994,-4639187.848001994,445858.28275667236,65.0,0.7429636681494293,5018289.038108479,-379101.19010648504,13,joint,PayAsProduced / FixedFlat
PayAsProduced,FixedEscalated,6488886.517037762,-6488886.517037762,445858.28275667236,71.13380164016708,0.7429636681494293,7061406.065650233,-572519.5486124707,13,joint,PayAsProduced / FixedEscalated
PayAsProduced,IndexedWithFloorCap,2854641.9955889913,-2854641.9955889913,445858.28275667236,59.1919783752256,0.7429636681494293,3083686.5559871197,-229044.56039812835,13,joint,PayAsProduced / IndexedWithFloorCap
PayAsProduced,Floating,0.0,-0.0,445858.28275667236,49.93420145892588,0.7429636681494293,0.0,0.0,13,joint,PayAsProduced / Floating
PayAsNominated,FixedFlat,1630367.398392303,-1630367.398392303,445858.2827566724,65.0,0.7429636681494293,1951018.3372096948,-320650.93881739187,13,joint,PayAsNominated / FixedFlat
PayAsNominated,FixedEscalated,3480089.9084888753,-3480089.9084888753,445858.2827566724,71.13380164016708,0.7429636681494293,3994135.3647514493,-514045.45626257407,13,joint,PayAsNominated / FixedEscalated
PayAsNominated,IndexedWithFloorCap,570010.0684074416,-570010.0684074416,445858.2827566724,61.23839489218697,0.7429636681494293,698059.7484719766,-128049.680064535,13,joint,PayAsNominated / IndexedWithFloorCap
PayAsNominated,Floating,0.0,-0.0,445858.2827566724,59.14269505101645,0.7429636681494293,0.0,0.0,13,joint,PayAsNominated / Floating
Baseload,FixedFlat,-1070854.3431030223,1070854.3431030223,445858.28275667224,65.0,0.7429636681494293,-735958.7984830883,-334895.54461993405,13,joint,Baseload / FixedFlat
Baseload,FixedEscalated,787613.4857248248,-787613.4857248248,445858.28275667224,71.1737960547356,0.7429636681494293,1320480.0275459883,-532866.5418211635,13,joint,Baseload / FixedEscalated
Baseload,IndexedWithFloorCap,-131885.46188005948,131885.46188005948,445858.28275667224,67.10480641172865,0.7429636681494293,-34865.72900379594,-97019.73287626353,13,joint,Baseload / IndexedWithFloorCap
Baseload,Floating,0.0,-0.0,445858.28275667224,67.2094795473671,0.7429636681494293,0.0,0.0,13,joint,Baseload / Floating
PayAsProduced,FixedFlat,4771276.852923321,-4771276.852923321,445294.1584179077,65.0,0.7379392483181808,5143327.452704829,-372050.59978150856,14,joint,PayAsProduced / FixedFlat
PayAsProduced,FixedEscalated,6617102.916680201,-6617102.916680201,445294.1584179077,71.12665170496363,0.7379392483181808,7181480.847446338,-564377.9307661373,14,joint,PayAsProduced / FixedEscalated
PayAsProduced,IndexedWithFloorCap,2906367.656806974,-2906367.656806974,445294.1584179077,58.95789728081764,0.7379392483181808,3133300.9714375157,-226933.31463054148,14,joint,PayAsProduced / IndexedWithFloorCap
PayAsProduced,Floating,0.0,-0.0,445294.1584179077,49.539252056003,0.7379392483181808,0.0,0.0,14,joint,PayAsProduced / Floating
PayAsNominated,FixedFlat,1721006.4413581402,-1721006.4413581402,445294.1584179078,64.99999999999999,0.7379392483181808,2033627.3189042828,-312620.87754614255,14,joint,PayAsNominated / FixedFlat
PayAsNominated,FixedEscalated,3566856.435838341,-3566856.435838341,445294.1584179078,71.12665170496363,0.7379392483181808,4071780.7136457977,-504924.2778074569,14,joint,PayAsNominated / FixedEscalated
PayAsNominated,IndexedWithFloorCap,596720.6508583351,-596720.6508583351,445294.1584179078,61.06168317002133,0.7379392483181808,723467.3484777837,-126746.69761944865,14,joint,PayAsNominated / IndexedWithFloorCap
PayAsNominated,Floating,0.0,-0.0,445294.1584179078,58.886953595950644,0.7379392483181808,0.0,0.0,14,joint,PayAsNominated / Floating
Baseload,FixedFlat,-1032997.6807462736,1032997.6807462736,445294.1584179076,65.00000000000004,0.7379392483181808,-709213.9276667881,-323783.7530794855,14,joint,Baseload / FixedFlat
Baseload,FixedEscalated,823118.7127138801,-823118.7127138801,445294.1584179076,71.17379605473559,0.7379392483181808,1344622.9792372712,-521504.2665233911,14,joint,Baseload / FixedEscalated
Baseload,IndexedWithFloorCap,-121711.9919780647,121711.9919780647,445294.1584179076,67.05316342455339,0.7379392483181808,-26187.993562811665,-95523.99841525304,14,joint,Baseload / IndexedWithFloorCap
Baseload,Floating,0.0,-0.0,445294.1584179076,67.13188405265976,0.7379392483181808,0.0,0.0,14,joint,Baseload / Floating
PayAsProduced,FixedFlat,4690117.079109394,-4690117.079109394,446251.47667030396,65.0,0.7414323412265709,5056108.860587993,-365991.7814785987,15,joint,PayAsProduced / FixedFlat
PayAsProduced,FixedEscalated,6542432.327949835,-6542432.327949835,446251.47667030396,71.13280646599382,0.7414323412265709,7100695.897697075,-558263.5697472403,15,joint,PayAsProduced / FixedEscalated
PayAsProduced,IndexedWithFloorCap,2877279.782358946,-2877279.782358946,446251.47667030396,59.14137291782995,0.7414323412265709,3102929.1778634093,-225649.39550446346,15,joint,PayAsProduced / IndexedWithFloorCap
PayAsProduced,Floating,0.0,-0.0,446251.47667030396,49.83403418382899,0.7414323412265709,0.0,0.0,15,joint,PayAsProduced / Floating
PayAsNominated,FixedFlat,1669456.2550439318,-1669456.2550439318,446251.47667030396,65.0,0.7414323412265709,1976462.8087318623,-307006.5536879306,15,joint,PayAsNominated / FixedFlat
PayAsNominated,FixedEscalated,3521795.385474624,-3521795.385474624,446251.47667030396,71.13280646599381,0.7414323412265709,4021049.8458409393,-499254.4603663152,15,joint,PayAsNominated / FixedEscalated
PayAsNominated,IndexedWithFloorCap,580539.8712732764,-580539.8712732764,446251.47667030396,61.188985529461775,0.7414323412265709,705926.908422003,-125387.03714872664,15,joint,PayAsNominated / IndexedWithFloorCap
PayAsNominated,Floating,0.0,-0.0,446251.47667030396,59.07153441101447,0.7414323412265709,0.0,0.0,15,joint,PayAsNominated / Floating
Baseload,FixedFlat,-1060790.6538406136,1060790.6538406136,446251.476670304,65.00000000000003,0.7414323412265709,-737845.4484711691,-322945.20536944445,15,joint,Baseload / FixedFlat
Baseload,FixedEscalated,799316.1223102643,-799316.1223102643,446251.476670304,71.17379605473559,0.7414323412265709,1320406.9117265344,-521090.7894162701,15,joint,Baseload / FixedEscalated
Baseload,IndexedWithFloorCap,-128823.53740822666,128823.53740822666,446251.476670304,67.1109810839867,0.7414323412265709,-34075.553915690645,-94747.98349253602,15,joint,Baseload / IndexedWithFloorCap
Baseload,Floating,0.0,-0.0,446251.476670304,67.2131918353969,0.7414323412265709,0.0,0.0,15,joint,Baseload / Floating
PayAsProduced,FixedFlat,4660665.749205118,-4660665.749205118,442409.01662352384,64.99999999999999,0.7394030810535845,5036773.518185027,-376107.7689799089,16,joint,PayAsProduced / FixedFlat
PayAsProduced,FixedEscalated,6489118.912039962,-6489118.912039962,442409.01662352384,71.10543052817371,0.7394030810535845,7054707.437876436,-565588.5258364743,16,joint,PayAsProduced / FixedEscalated
PayAsProduced,IndexedWithFloorCap,2834882.229750187,-2834882.229750187,442409.01662352384,59.02862288290195,0.7394030810535845,3063146.2078329073,-228263.9780827202,16,joint,PayAsProduced / IndexedWithFloorCap
PayAsProduced,Floating,0.0,-0.0,442409.01662352384,49.76081377029108,0.7394030810535845,0.0,0.0,16,joint,PayAsProduced / Floating
PayAsNominated,FixedFlat,1629251.3552172747,-1629251.3552172747,442409.01662352367,65.0,0.7394030810535845,1950507.8014018165,-321256.4461845418,16,joint,PayAsNominated / FixedFlat
PayAsNominated,FixedEscalated,3457728.2137922784,-3457728.2137922784,442409.01662352367,71.10543052817374,0.7394030810535845,3968441.7210932304,-510713.507300952,16,joint,PayAsNominated / FixedEscalated
PayAsNominated,IndexedWithFloorCap,563920.8516290651,-563920.8516290651,442409.01662352367,61.195976179605026,0.7394030810535845,693222.3957180239,-129301.54408895876,16,joint,PayAsNominated / IndexedWithFloorCap
PayAsNominated,Floating,0.0,-0.0,442409.01662352367,59.09857292158467,0.7394030810535845,0.0,0.0,16,joint,PayAsNominated / Floating
Baseload,FixedFlat,-1088510.8188179825,1088510.8188179825,442409.01662352367,65.0,0.7394030810535845,-759730.5022796594,-328780.31653832307,16,joint,Baseload / FixedFlat
Baseload,FixedEscalated,755579.4591390181,-755579.4591390181,442409.01662352367,71.1737960547356,0.7394030810535845,1280799.2219746164,-525219.7628355983,16,joint,Baseload / FixedEscalated
Baseload,IndexedWithFloorCap,-139867.8422662255,139867.8422662255,442409.01662352367,67.16746606257527,0.7394030810535845,-43351.32684435595,-96516.51542186954,16,joint,Baseload / IndexedWithFloorCap
Baseload,Floating,0.0,-0.0,442409.01662352367,67.29862918529678,0.7394030810535845,0.0,0.0,16,joint,Baseload / Floating
PayAsProduced,FixedFlat,4711545.759668838,-4711545.759668838,446904.7127849844,65.0,0.7401552607519861,5088651.009572211,-377105.2499033725,17,joint,PayAsProduced / FixedFlat
PayAsProduced,FixedEscalated,6565693.881477803,-6565693.881477803,446904.7127849844,71.13482050530409,0.7401552607519861,7136903.407508579,-571209.5260307761,17,joint,PayAsProduced / FixedEscalated
PayAsProduced,IndexedWithFloorCap,2885370.379364417,-2885370.379364417,446904.7127849844,59.08936262509185,0.7401552607519861,3115247.359698376,-229876.98033395922,17,joint,PayAsProduced / IndexedWithFloorCap
PayAsProduced,Floating,0.0,-0.0,446904.7127849844,49.75873354801765,0.7401552607519861,0.0,0.0,17,joint,PayAsProduced / Floating
PayAsNominated,FixedFlat,1662631.6951861372,-1662631.6951861372,446904.7127849844,64.99999999999999,0.7401552607519861,1977331.8166648778,-314700.1214787406,17,joint,PayAsNominated / FixedFlat
PayAsNominated,FixedEscalated,3516803.7632458867,-3516803.7632458867,446904.7127849844,71.13482050530409,0.7401552607519861,4025584.2146012504,-508780.4513553637,17,joint,PayAsNominated / FixedEscalated
PayAsNominated,IndexedWithFloorCap,575295.1697701466,-575295.1697701466,446904.7127849844,61.183975274059655,0.7401552607519861,703263.2781095969,-127968.10833945032,17,joint,PayAsNominated / IndexedWithFloorCap
PayAsNominated,Floating,0.0,-0.0,446904.7127849844,59.07759718143742,0.7401552607519861,0.0,0.0,17,joint,PayAsNominated / Floating
Baseload,FixedFlat,-1069806.79248278,1069806.79248278,446904.71278498444,65.0,0.7401552607519861,-743678.1729801318,-326128.61950264825,17,joint,Baseload / FixedFlat
Baseload,FixedEscalated,793022.86300154,-793022.86300154,446904.71278498444,71.17379605473559,0.7401552607519861,1317587.1179194343,-524564.2549178944,17,joint,Baseload / FixedEscalated
Baseload,IndexedWithFloorCap,-130314.67609255723,130314.67609255723,446904.71278498444,67.12595493549014,0.7401552607519861,-33878.71091640878,-96435.96517614846,17,joint,Baseload / IndexedWithFloorCap
Baseload,Floating,0.0,-0.0,446904.71278498444,67.22742671242186,0.7401552607519861,0.0,0.0,17,joint,Baseload / Floating
PayAsProduced,FixedFlat,4690053.513567996,-4690053.513567996,445892.2942589094,65.00000000000001,0.7405487498261137,5072396.473941716,-382342.96037372015,18,joint,PayAsProduced / FixedFlat
PayAsProduced,FixedEscalated,6530941.2660925025,-6530941.2660925025,445892.2942589094,71.0948515450987,0.7405487498261137,7102694.422754132,-571753.1566616297,18,joint,PayAsProduced / FixedEscalated
PayAsProduced,IndexedWithFloorCap,2867211.7131001977,-2867211.7131001977,445892.2942589094,59.07623128808427,0.7405487498261137,3099089.1052473155,-231877.39214711776,18,joint,PayAsProduced / IndexedWithFloorCap
PayAsProduced,Floating,0.0,-0.0,445892.2942589094,49.77292285861776,0.7405487498261137,0.0,0.0,18,joint,PayAsProduced / Floating
PayAsNominated,FixedFlat,1642674.3203015004,-1642674.3203015004,445892.29425890936,65.0,0.7405487498261137,1969364.9136792563,-326690.59337775595,18,joint,PayAsNominated / FixedFlat
PayAsNominated,FixedEscalated,3483585.969813497,-3483585.969813497,445892.29425890936,71.0948515450987,0.7405487498261137,3999662.862491677,-516076.89267818024,18,joint,PayAsNominated / FixedEscalated
PayAsNominated,IndexedWithFloorCap,572738.46415125,-572738.46415125,445892.29425890936,61.200595049693476,0.7405487498261137,703718.9795271119,-130980.5153758619,18,joint,PayAsNominated / IndexedWithFloorCap
PayAsNominated,Floating,0.0,-0.0,445892.29425890936,59.08806633823273,0.7405487498261137,0.0,0.0,18,joint,PayAsNominated / Floating
Baseload,FixedFlat,-1071287.2940490285,1071287.2940490285,445892.29425890936,65.0,0.7405487498261137,-736476.8209665592,-334810.4730824693,18,joint,Baseload / FixedFlat
Baseload,FixedEscalated,787322.3046755819,-787322.3046755819,445892.29425890936,71.17379605473559,0.7405487498261137,1320118.8768229736,-532796.5721473917,18,joint,Baseload / FixedEscalated
Baseload,IndexedWithFloorCap,-130496.58487733042,130496.58487733042,445892.29425890936,67.11327498467058,0.7405487498261137,-32509.24523395012,-97987.3396433803,18,joint,Baseload / IndexedWithFloorCap
Baseload,Floating,0.0,-0.0,445892.29425890936,67.21086609126655,0.7405487498261137,0.0,0.0,18,joint,Baseload / Floating
PayAsProduced,FixedFlat,4673421.519867979,-4673421.519867979,448147.0941638473,65.00000000000001,0.7427143763142552,5041668.2404367635,-368246.7205687845,19,joint,PayAsProduced / FixedFlat
PayAsProduced,FixedEscalated,6527976.18468816,-6527976.18468816,448147.0941638473,71.11428689527114,0.7427143763142552,7088740.035817179,-560763.8511290187,19,joint,PayAsProduced / FixedEscalated
PayAsProduced,IndexedWithFloorCap,2883826.906172927,-2883826.906172927,448147.0941638473,59.215115943829126,0.7427143763142552,3104880.9758267053,-221054.06965377834,19,joint,PayAsProduced / IndexedWithFloorCap
PayAsProduced,Floating,0.0,-0.0,448147.0941638473,49.94131660532281,0.7427143763142552,0.0,0.0,19,joint,PayAsProduced / Floating
PayAsNominated,FixedFlat,1672636.8577708425,-1672636.8577708425,448147.0941638473,65.00000000000001,0.7427143763142552,1984735.3854435408,-312098.52767269826,19,joint,PayAsNominated / FixedFlat
PayAsNominated,FixedEscalated,3527215.5511701936,-3527215.5511701936,448147.0941638473,71.11428689527114,0.7427143763142552,4031807.180823956,-504591.62965376256,19,joint,PayAsNominated / FixedEscalated
PayAsNominated,IndexedWithFloorCap,584175.0014078609,-584175.0014078609,448147.0941638473,61.190551861602074,0.7427143763142552,709326.8261706505,-125151.82476278965,19,joint,PayAsNominated / IndexedWithFloorCap
PayAsNominated,Floating,0.0,-0.0,448147.0941638473,59.07190232155822,0.7427143763142552,0.0,0.0,19,joint,PayAsNominated / Floating
Baseload,FixedFlat,-1076314.0594881787,1076314.0594881787,448147.0941638473,65.0,0.7427143763142552,-750496.9420955295,-325817.1173926492,19,joint,Baseload / FixedFlat
Baseload,FixedEscalated,791694.2052382431,-791694.2052382431,448147.0941638473,71.17379605473559,0.7427143763142552,1316498.603019418,-524804.3977811749,19,joint,Baseload / FixedEscalated
Baseload,IndexedWithFloorCap,-131136.09292154637,131136.09292154637,448147.0941638473,67.13434026844212,0.7427143763142552,-35916.83813415272,-95219.25478739364,19,joint,Baseload / IndexedWithFloorCap
Baseload,Floating,0.0,-0.0,448147.0941638473,67.24161830979797,0.7427143763142552,0.0,0.0,19,joint,Baseload / Floating
PayAsProduced,FixedFlat,4711454.641491956,-4711454.641491956,448477.3859159978,65.00000000000001,0.7409608196979475,5090373.261425363,-378918.6199334068,20,joint,PayAsProduced / FixedFlat
PayAsProduced,FixedEscalated,6575504.587107237,-6575504.587107237,448477.3859159978,71.14006737595133,0.7409608196979475,7147591.484655961,-572086.897548724,20,joint,PayAsProduced / FixedEscalated
PayAsProduced,IndexedWithFloorCap,2876095.4166957205,-2876095.4166957205,448477.3859159978,59.07723543183531,0.7409608196979475,3105961.9422181165,-229866.52552239597,20,joint,PayAsProduced / IndexedWithFloorCap
PayAsProduced,Floating,0.0,-0.0,448477.3859159978,49.80703970004193,0.7409608196979475,0.0,0.0,20,joint,PayAsProduced / Floating
PayAsNominated,FixedFlat,1672520.826405288,-1672520.826405288,448477.38591599785,65.0,0.7409608196979475,1985130.3630580714,-312609.5366527834,20,joint,PayAsNominated / FixedFlat
PayAsNominated,FixedEscalated,3536594.968275844,-3536594.968275844,448477.38591599785,71.14006737595132,0.7409608196979475,4042348.58628867,-505753.61801282596,20,joint,PayAsNominated / FixedEscalated
PayAsNominated,IndexedWithFloorCap,579375.2112031488,-579375.2112031488,448477.38591599785,61.18051540582443,0.7409608196979475,705419.1108229773,-126043.89961982844,20,joint,PayAsNominated / IndexedWithFloorCap
PayAsNominated,Floating,0.0,-0.0,448477.38591599785,59.07508934074954,0.7409608196979475,0.0,0.0,20,joint,PayAsNominated / Floating
Baseload,FixedFlat,-1071500.5363727799,1071500.5363727799,448477.38591599773,65.00000000000001,0.7409608196979475,-743650.17006726,-327850.3663055198,20,joint,Baseload / FixedFlat
Baseload,FixedEscalated,797884.4810556524,-797884.4810556524,448477.38591599773,71.1737960547356,0.7409608196979475,1324868.784636133,-526984.3035804805,20,joint,Baseload / FixedEscalated
Baseload,IndexedWithFloorCap,-128925.62240052925,128925.62240052925,448477.38591599773,67.12263756365606,0.7409608196979475,-32464.37846339446,-96461.24393713479,20,joint,Baseload / IndexedWithFloorCap
Baseload,Floating,0.0,-0.0,448477.38591599773,67.21953222890484,0.7409608196979475,0.0,0.0,20,joint,Baseload / Floating
PayAsProduced,FixedFlat,4718536.015857232,-4718536.015857232,446803.538605834,64.99999999999999,0.7389644257360355,5122834.747672283,-404298.7318150513,21,joint,PayAsProduced / FixedFlat
PayAsProduced,FixedEscalated,6569027.209737122,-6569027.209737122,446803.538605834,71.12206238142055,0.7389644257360355,7166364.812570129,-597337.6028330065,21,joint,PayAsProduced / FixedEscalated
PayAsProduced,IndexedWithFloorCap,2891131.734926376,-2891131.734926376,446803.538605834,59.053133954140534,0.7389644257360355,3137784.808698276,-246653.07377190003,21,joint,PayAsProduced / IndexedWithFloorCap
PayAsProduced,Floating,0.0,-0.0,446803.538605834,49.6528737532783,0.7389644257360355,0.0,0.0,21,joint,PayAsProduced / Floating
PayAsNominated,FixedFlat,1666109.4708187657,-1666109.4708187657,446803.5386058339,65.0,0.7389644257360355,2000882.5788419174,-334773.10802315176,21,joint,PayAsNominated / FixedFlat
PayAsNominated,FixedEscalated,3516624.568580443,-3516624.568580443,446803.5386058339,71.12206238142058,0.7389644257360355,4044412.6437397664,-527788.0751593234,21,joint,PayAsNominated / FixedEscalated
PayAsNominated,IndexedWithFloorCap,581305.2678874927,-581305.2678874927,446803.5386058339,61.15263796559238,0.7389644257360355,716642.1549418011,-135336.88705430843,21,joint,PayAsNominated / IndexedWithFloorCap
PayAsNominated,Floating,0.0,-0.0,446803.5386058339,59.00570210540053,0.7389644257360355,0.0,0.0,21,joint,PayAsNominated / Floating
Baseload,FixedFlat,-1066369.5702238458,1066369.5702238458,446803.53860583407,64.99999999999997,0.7389644257360355,-731854.3288499563,-334515.2413738895,21,joint,Baseload / FixedFlat
Baseload,FixedEscalated,796038.3616672807,-796038.3616672807,446803.53860583407,71.17379605473558,0.7389644257360355,1328944.3148699098,-532905.9532026291,21,joint,Baseload / FixedEscalated
Baseload,IndexedWithFloorCap,-135253.42134315136,135253.42134315136,446803.53860583407,67.08173128188886,0.7389644257360355,-36977.30922194549,-98276.11212120586,21,joint,Baseload / IndexedWithFloorCap
Baseload,Floating,0.0,-0.0,446803.53860583407,67.19250890030631,0.7389644257360355,0.0,0.0,21,joint,Baseload / Floating
PayAsProduced,FixedFlat,4671480.495968021,-4671480.495968021,446674.4943912554,64.99999999999999,0.7416250318453729,5060664.406715531,-389183.91074750945,22,joint,PayAsProduced / FixedFlat
PayAsProduced,FixedEscalated,6518544.975261337,-6518544.975261337,446674.4943912554,71.10665376082466,0.7416250318453729,7098462.3905723775,-579917.4153110404,22,joint,PayAsProduced / FixedEscalated
PayAsProduced,IndexedWithFloorCap,2849644.4121009936,-2849644.4121009936,446674.4943912554,59.079913545788216,0.7416250318453729,3085124.1659959056,-235479.75389491208,22,joint,PayAsProduced / IndexedWithFloorCap
PayAsProduced,Floating,0.0,-0.0,446674.4943912554,49.83474535927702,0.7416250318453729,0.0,0.0,22,joint,PayAsProduced / Floating
PayAsNominated,FixedFlat,1659512.6479920922,-1659512.6479920922,446674.4943912553,65.00000000000001,0.7416250318453729,1983696.8585654323,-324184.21057334007,22,joint,PayAsNominated / FixedFlat
PayAsNominated,FixedEscalated,3506601.0515535115,-3506601.0515535115,446674.4943912553,71.10665376082467,0.7416250318453729,4021494.8424222744,-514893.7908687629,22,joint,PayAsNominated / FixedEscalated
PayAsNominated,IndexedWithFloorCap,564084.1889367555,-564084.1889367555,446674.4943912553,61.13910166724688,0.7416250318453729,695310.2647759541,-131226.07583919854,22,joint,PayAsNominated / IndexedWithFloorCap
PayAsNominated,Floating,0.0,-0.0,446674.4943912553,59.05547067096047,0.7416250318453729,0.0,0.0,22,joint,PayAsNominated / Floating
Baseload,FixedFlat,-1062027.8076374882,1062027.8076374882,446674.4943912554,65.00000000000001,0.7416250318453729,-733037.2947005637,-328990.5129369246,22,joint,Baseload / FixedFlat
Baseload,FixedEscalated,799842.2301949975,-799842.2301949975,446674.4943912554,71.17379605473558,0.7416250318453729,1327166.1564583397,-527323.9262633421,22,joint,Baseload / FixedEscalated
Baseload,IndexedWithFloorCap,-134723.17622883755,134723.17622883755,446674.4943912554,67.08637263808122,0.7416250318453729,-36812.14063487678,-97911.03559396077,22,joint,Baseload / IndexedWithFloorCap
Baseload,Floating,0.0,-0.0,446674.4943912554,67.19668730068899,0.7416250318453729,0.0,0.0,22,joint,Baseload / Floating
PayAsProduced,FixedFlat,4670756.922051354,-4670756.922051354,445054.3970586138,64.99999999999999,0.7410876537699258,5059812.604575265,-389055.6825239109,23,joint,PayAsProduced / FixedFlat
PayAsProduced,FixedEscalated,6514407.939906714,-6514407.939906714,445054.3970586138,71.12060752764253,0.7410876537699258,7094858.954942385,-580451.0150356712,23,joint,PayAsProduced / FixedEscalated
PayAsProduced,IndexedWithFloorCap,2876548.9087105007,-2876548.9087105007,445054.3970586138,59.15393985630171,0.7410876537699258,3116050.763004911,-239501.85429441044,23,joint,PayAsProduced / IndexedWithFloorCap
PayAsProduced,Floating,0.0,-0.0,445054.3970586138,49.7821023288058,0.7410876537699258,0.0,0.0,23,joint,PayAsProduced / Floating
PayAsNominated,FixedFlat,1660533.1674987425,-1660533.1674987425,445054.39705861383,64.99999999999999,0.7410876537699258,1986414.494029919,-325881.32653117646,23,joint,PayAsNominated / FixedFlat
PayAsNominated,FixedEscalated,3504208.048147197,-3504208.048147197,445054.39705861383,71.1206075276425,0.7410876537699258,4021460.844397029,-517252.796249832,23,joint,PayAsNominated / FixedEscalated
PayAsNominated,IndexedWithFloorCap,580280.3554692359,-580280.3554692359,445054.39705861383,61.16946093382378,0.7410876537699258,712795.0842973916,-132514.72882815567,23,joint,PayAsNominated / IndexedWithFloorCap
PayAsNominated,Floating,0.0,-0.0,445054.39705861383,59.02565769424145,0.7410876537699258,0.0,0.0,23,joint,PayAsNominated / Floating
Baseload,FixedFlat,-1050383.580603976,1050383.580603976,445054.39705861366,65.00000000000003,0.7410876537699258,-722960.9784366366,-327422.6021673394,23,joint,Baseload / FixedFlat
Baseload,FixedEscalated,804733.4173305663,-804733.4173305663,445054.39705861366,71.1737960547356,0.7410876537699258,1329770.0735639748,-525036.6562334085,23,joint,Baseload / FixedEscalated
Baseload,IndexedWithFloorCap,-126701.07515408503,126701.07515408503,445054.39705861366,67.08610899338231,0.7410876537699258,-29348.706406870402,-97352.36874721463,23,joint,Baseload / IndexedWithFloorCap
Baseload,Floating,0.0,-0.0,445054.39705861366,67.1743781934072,0.7410876537699258,0.0,0.0,23,joint,Baseload / Floating
PayAsProduced,FixedFlat,4628466.361026256,-4628466.361026256,445193.09784793155,65.0,0.7430310030861403,5000402.836436623,-371936.47541036643,24,joint,PayAsProduced / FixedFlat
PayAsProduced,FixedEscalated,6471557.057063507,-6471557.057063507,445193.09784793155,71.11678284678405,0.7430310030861403,7034811.339183733,-563254.282120226,24,joint,PayAsProduced / FixedEscalated
PayAsProduced,IndexedWithFloorCap,2820979.8612147034,-2820979.8612147034,445193.09784793155,59.12195992487079,0.7430310030861403,3045398.8731001876,-224419.01188548421,24,joint,PayAsProduced / IndexedWithFloorCap
PayAsProduced,Floating,0.0,-0.0,445193.09784793155,49.9654687071823,0.7430310030861403,0.0,0.0,24,joint,PayAsProduced / Floating
PayAsNominated,FixedFlat,1629944.0748460714,-1629944.0748460714,445193.09784793155,65.00000000000001,0.7430310030861403,1945775.4989559974,-315831.424109926,24,joint,PayAsNominated / FixedFlat
PayAsNominated,FixedEscalated,3473058.5896680644,-3473058.5896680644,445193.09784793155,71.11678284678406,0.7430310030861403,3980184.001703108,-507125.4120350438,24,joint,PayAsNominated / FixedEscalated
PayAsNominated,IndexedWithFloorCap,558170.0940516327,-558170.0940516327,445193.09784793155,61.20969402215759,0.7430310030861403,685140.4719352216,-126970.3778835889,24,joint,PayAsNominated / IndexedWithFloorCap
PayAsNominated,Floating,0.0,-0.0,445193.09784793155,59.149706816681466,0.7430310030861403,0.0,0.0,24,joint,PayAsNominated / Floating
Baseload,FixedFlat,-1076254.822713506,1076254.822713506,445193.09784793144,65.00000000000004,0.7430310030861403,-746830.8911992774,-329423.9315142286,24,joint,Baseload / FixedFlat
Baseload,FixedEscalated,779440.3207097467,-779440.3207097467,445193.09784793144,71.17379605473562,0.7430310030861403,1306539.89252638,-527099.5718166333,24,joint,Baseload / FixedEscalated
Baseload,IndexedWithFloorCap,-135730.1524375222,135730.1524375222,445193.09784793144,67.1281087001226,0.7430310030861403,-39033.58291725062,-96696.56952027157,24,joint,Baseload / IndexedWithFloorCap
Baseload,Floating,0.0,-0.0,445193.09784793144,67.24546956944376,0.7430310030861403,0.0,0.0,24,joint,Baseload / Floating
PayAsProduced,FixedFlat,4806346.571714474,-4806346.571714474,447574.59936695814,65.00000000000001,0.7386031002605109,5168572.053485075,-362225.4817706011,25,joint,PayAsProduced / FixedFlat
PayAsProduced,FixedEscalated,6659614.008684937,-6659614.008684937,447574.59936695814,71.11694943620984,0.7386031002605109,7213919.058218772,-554305.0495338347,25,joint,PayAsProduced / FixedEscalated
PayAsProduced,IndexedWithFloorCap,2898985.4720515925,-2898985.4720515925,447574.59936695814,58.900378749719756,0.7386031002605109,3129019.138363872,-230033.66631227965,25,joint,PayAsProduced / IndexedWithFloorCap
PayAsProduced,Floating,0.0,-0.0,447574.59936695814,49.542528072056065,0.7386031002605109,0.0,0.0,25,joint,PayAsProduced / Floating
PayAsNominated,FixedFlat,1733108.52445987,-1733108.52445987,447574.5993669583,65.0,0.7386031002605109,2038648.5114090168,-305539.9869491467,25,joint,PayAsNominated / FixedFlat
PayAsNominated,FixedEscalated,3586399.9470895766,-3586399.9470895766,447574.5993669583,71.1169494362098,0.7386031002605109,4083995.5161427055,-497595.5690531288,25,joint,PayAsNominated / FixedEscalated
PayAsNominated,IndexedWithFloorCap,586191.3380523061,-586191.3380523061,447574.5993669583,61.038461498886356,0.7386031002605109,714014.2322002916,-127822.8941479855,25,joint,PayAsNominated / IndexedWithFloorCap
PayAsNominated,Floating,0.0,-0.0,447574.5993669583,58.9030835190154,0.7386031002605109,0.0,0.0,25,joint,PayAsNominated / Floating
Baseload,FixedFlat,-1022548.2148041668,1022548.2148041668,447574.5993669581,65.00000000000004,0.7386031002605109,-694153.6944745148,-328394.520329652,25,joint,Baseload / FixedFlat
Baseload,FixedEscalated,843073.7240349988,-843073.7240349988,447574.5993669581,71.17379605473559,0.7386031002605109,1370201.3243262195,-527127.6002912207,25,joint,Baseload / FixedEscalated
Baseload,IndexedWithFloorCap,-124002.40561101469,124002.40561101469,447574.5993669581,66.99750337604947,0.7386031002605109,-26241.1034429233,-97761.3021680914,25,joint,Baseload / IndexedWithFloorCap
Baseload,Floating,0.0,-0.0,447574.5993669581,67.0759817479537,0.7386031002605109,0.0,0.0,25,joint,Baseload / Floating
PayAsProduced,FixedFlat,4764154.094215213,-4764154.094215213,448418.8632039947,65.00000000000001,0.739088286700721,5150204.605868346,-386050.51165313274,26,joint,PayAsProduced / FixedFlat
PayAsProduced,FixedEscalated,6619069.054598908,-6619069.054598908,448418.8632039947,71.11333025979648,0.739088286700721,7198197.326211353,-579128.2716124449,26,joint,PayAsProduced / FixedEscalated
PayAsProduced,IndexedWithFloorCap,2890389.3945741616,-2890389.3945741616,448418.8632039947,58.95194807820481,0.739088286700721,3124080.417952234,-233691.0233780723,26,joint,PayAsProduced / IndexedWithFloorCap
PayAsProduced,Floating,0.0,-0.0,448418.8632039947,49.62645821518113,0.739088286700721,0.0,0.0,26,joint,PayAsProduced / Floating
PayAsNominated,FixedFlat,1728413.1276184008,-1728413.1276184008,448418.86320399476,65.0,0.739088286700721,2050203.7666448588,-321790.6390264579,26,joint,PayAsNominated / FixedFlat
PayAsNominated,FixedEscalated,3583352.077433326,-3583352.077433326,448418.86320399476,71.11333025979647,0.739088286700721,4098196.4869878665,-514844.40955454065,26,joint,PayAsNominated / FixedEscalated
PayAsNominated,IndexedWithFloorCap,588537.1499326082,-588537.1499326082,448418.86320399476,61.02890579633859,0.739088286700721,719869.6156537036,-131332.46572109533,26,joint,PayAsNominated / IndexedWithFloorCap
PayAsNominated,Floating,0.0,-0.0,448418.86320399476,58.88006968927139,0.739088286700721,0.0,0.0,26,joint,PayAsNominated / Floating
Baseload,FixedFlat,-1052184.9007423993,1052184.9007423993,448418.8632039945,65.00000000000004,0.739088286700721,-718754.5707332516,-333430.33000914764,26,joint,Baseload / FixedFlat
Baseload,FixedEscalated,816956.1768923362,-816956.1768923362,448418.8632039945,71.1737960547356,0.739088286700721,1349494.4587902655,-532538.2818979293,26,joint,Baseload / FixedEscalated
Baseload,IndexedWithFloorCap,-129697.39164374406,129697.39164374406,448418.8632039945,67.05199485073526,0.739088286700721,-31327.204977461322,-98370.18666628274,26,joint,Baseload / IndexedWithFloorCap
Baseload,Floating,0.0,-0.0,448418.8632039945,67.14550765878444,0.739088286700721,0.0,0.0,26,joint,Baseload / Floating
PayAsProduced,FixedFlat,4723322.840305995,-4723322.840305995,445570.4697948115,65.00000000000001,0.7393692317243545,5102905.376026705,-379582.5357207097,27,joint,PayAsProduced / FixedFlat
PayAsProduced,FixedEscalated,6564956.091192485,-6564956.091192485,445570.4697948115,71.10317824644545,0.7393692317243545,7134509.712373281,-569553.6211807961,27,joint,PayAsProduced / FixedEscalated
PayAsProduced,IndexedWithFloorCap,2846394.2426367165,-2846394.2426367165,445570.4697948115,58.903535266603086,0.7393692317243545,3073535.810101493,-227141.56746477634,27,joint,PayAsProduced / IndexedWithFloorCap
PayAsProduced,Floating,0.0,-0.0,445570.4697948115,49.67027239140392,0.7393692317243545,0.0,0.0,27,joint,PayAsProduced / Floating
PayAsNominated,FixedFlat,1695568.067624626,-1695568.067624626,445570.46979481145,65.00000000000001,0.7393692317243545,2011190.2357358097,-315622.1681111837,27,joint,PayAsNominated / FixedFlat
PayAsNominated,FixedEscalated,3537225.2496902077,-3537225.2496902077,445570.46979481145,71.10317824644545,0.7393692317243545,4042794.5720823864,-505569.3223921787,27,joint,PayAsNominated / FixedEscalated
PayAsNominated,IndexedWithFloorCap,568734.7945868418,-568734.7945868418,445570.46979481145,61.04888773753735,0.7393692317243545,695957.9941596511,-127223.19957280927,27,joint,PayAsNominated / IndexedWithFloorCap
PayAsNominated,Floating,0.0,-0.0,445570.46979481145,58.95814811151679,0.7393692317243545,0.0,0.0,27,joint,PayAsNominated / Floating
Baseload,FixedFlat,-1052974.4197189752,1052974.4197189752,445570.46979481156,64.99999999999999,0.7393692317243545,-725421.8830506648,-327552.5366683104,27,joint,Baseload / FixedFlat
Baseload,FixedEscalated,804293.7204386713,-804293.7204386713,445570.46979481156,71.17379605473558,0.7393692317243545,1329689.4589497484,-525395.7385110771,27,joint,Baseload / FixedEscalated
Baseload,IndexedWithFloorCap,-136074.4749447026,136074.4749447026,445570.46979481156,67.05805244555822,0.7393692317243545,-40344.68163352916,-95729.79331117345,27,joint,Baseload / IndexedWithFloorCap
Baseload,Floating,0.0,-0.0,445570.46979481156,67.17925261180137,0.7393692317243545,0.0,0.0,27,joint,Baseload / Floating
PayAsProduced,FixedFlat,4681055.913385557,-4681055.913385557,446764.01836602425,65.00000000000001,0.7419854363454605,5051757.9226330565,-370702.0092474995,28,joint,PayAsProduced / FixedFlat
PayAsProduced,FixedEscalated,6531695.837885369,-6531695.837885369,446764.01836602425,71.11898373958671,0.7419854363454605,7094079.682633883,-562383.8447485147,28,joint,PayAsProduced / FixedEscalated
PayAsProduced,IndexedWithFloorCap,2855913.5393491797,-2855913.5393491797,446764.01836602425,59.100137141355205,0.7419854363454605,3082571.729298793,-226658.18994961306,28,joint,PayAsProduced / IndexedWithFloorCap
PayAsProduced,Floating,0.0,-0.0,446764.01836602425,49.86446886561725,0.7419854363454605,0.0,0.0,28,joint,PayAsProduced / Floating
PayAsNominated,FixedFlat,1668732.5322008007,-1668732.5322008007,446764.01836602436,65.0,0.7419854363454605,1981877.8912622873,-313145.35906148655,28,joint,PayAsNominated / FixedFlat
PayAsNominated,FixedEscalated,3519396.408737484,-3519396.408737484,446764.01836602436,71.11898373958668,0.7419854363454605,4024199.6512631103,-504803.24252562644,28,joint,PayAsNominated / FixedEscalated
PayAsNominated,IndexedWithFloorCap,570887.5718572409,-570887.5718572409,446764.01836602436,61.15627423164927,0.7419854363454605,698964.7294912718,-128077.15763403091,28,joint,PayAsNominated / IndexedWithFloorCap
PayAsNominated,Floating,0.0,-0.0,446764.01836602436,59.062111647639995,0.7419854363454605,0.0,0.0,28,joint,PayAsNominated / Floating
Baseload,FixedFlat,-1060470.2389807,1060470.2389807,446764.01836602436,65.0,0.7419854363454605,-735660.76563729,-324809.47334341006,28,joint,Baseload / FixedFlat
Baseload,FixedEscalated,801772.9609830077,-801772.9609830077,446764.01836602436,71.17379605473558,0.7419854363454605,1324955.5982894087,-523182.63730640104,28,joint,Baseload / FixedEscalated
Baseload,IndexedWithFloorCap,-133927.6290139474,133927.6290139474,446764.01836602436,67.09344782682322,0.7419854363454605,-36934.599315380525,-96993.02969856685,28,joint,Baseload / IndexedWithFloorCap
Baseload,Floating,0.0,-0.0,446764.01836602436,67.2041072816972,0.7419854363454605,0.0,0.0,28,joint,Baseload / Floating
PayAsProduced,FixedFlat,4777271.151814998,-4777271.151814998,444816.7444326743,65.0,0.7371018184004923,5139815.68215028,-362544.530335282,29,joint,PayAsProduced / FixedFlat
PayAsProduced,FixedEscalated,6617898.905614754,-6617898.905614754,444816.7444326743,71.1168866144276,0.7371018184004923,7172538.837951653,-554639.9323368985,29,joint,PayAsProduced / FixedEscalated
PayAsProduced,IndexedWithFloorCap,2901113.977234039,-2901113.977234039,444816.7444326743,58.93474263657033,0.7371018184004923,3124249.6163254697,-223135.6390914307,29,joint,PayAsProduced / IndexedWithFloorCap
PayAsProduced,Floating,0.0,-0.0,444816.7444326743,49.533225955024136,0.7371018184004923,0.0,0.0,29,joint,PayAsProduced / Floating
PayAsNominated,FixedFlat,1695419.2778433044,-1695419.2778433044,444816.7444326744,65.0,0.7371018184004923,2005212.0960179418,-309792.8181746374,29,joint,PayAsNominated / FixedFlat
PayAsNominated,FixedEscalated,3536070.844966946,-3536070.844966946,444816.7444326744,71.11688661442757,0.7371018184004923,4037935.251819306,-501864.4068523599,29,joint,PayAsNominated / FixedEscalated
PayAsNominated,IndexedWithFloorCap,588284.7766925725,-588284.7766925725,444816.7444326744,61.11633266811882,0.7371018184004923,714617.5480784676,-126332.77138589509,29,joint,PayAsNominated / IndexedWithFloorCap
PayAsNominated,Floating,0.0,-0.0,444816.7444326744,58.96589988449023,0.7371018184004923,0.0,0.0,29,joint,PayAsNominated / Floating
Baseload,FixedFlat,-1056868.6320611734,1056868.6320611734,444816.7444326744,64.99999999999994,0.7371018184004923,-731082.0741185909,-325786.5579425825,29,joint,Baseload / FixedFlat
Baseload,FixedEscalated,797257.7601656223,-797257.7601656223,444816.7444326744,71.17379605473558,0.7371018184004923,1320552.849120973,-523295.08895535057,29,joint,Baseload / FixedEscalated
Baseload,IndexedWithFloorCap,-128250.7087212021,128250.7087212021,444816.7444326744,67.10163052056241,0.7371018184004923,-32682.170152742445,-95568.53856845965,29,joint,Baseload / IndexedWithFloorCap
Baseload,Floating,0.0,-0.0,444816.7444326744,67.19997796574559,0.7371018184004923,0.0,0.0,29,joint,Baseload / Floating
PayAsProduced,FixedFlat,4751212.424042505,-4751212.424042505,445721.8738130751,65.0,0.7381596054150168,5137585.717512831,-386373.2934703259,30,joint,PayAsProduced / FixedFlat
PayAsProduced,FixedEscalated,6596021.223753757,-6596021.223753757,445721.8738130751,71.11929058189287,0.7381596054150168,7175245.62881836,-579224.4050646033,30,joint,PayAsProduced / FixedEscalated
PayAsProduced,IndexedWithFloorCap,2876580.5854994245,-2876580.5854994245,445721.8738130751,58.913016291476694,0.7381596054150168,3110683.657929457,-234103.0724300323,30,joint,PayAsProduced / IndexedWithFloorCap
PayAsProduced,Floating,0.0,-0.0,445721.8738130751,49.57133120182896,0.7381596054150168,0.0,0.0,30,joint,PayAsProduced / Floating
PayAsNominated,FixedFlat,1693801.1512043606,-1693801.1512043606,445721.873813075,65.0,0.7381596054150168,2017333.819858349,-323532.6686539883,30,joint,PayAsNominated / FixedFlat
PayAsNominated,FixedEscalated,3538633.9023623685,-3538633.9023623685,445721.873813075,71.11929058189287,0.7381596054150168,4054993.731163878,-516359.82880150946,30,joint,PayAsNominated / FixedEscalated
PayAsNominated,IndexedWithFloorCap,572589.4578602484,-572589.4578602484,445721.873813075,61.0504954066909,0.7381596054150168,702190.0018614586,-129600.54400121025,30,joint,PayAsNominated / IndexedWithFloorCap
PayAsNominated,Floating,0.0,-0.0,445721.873813075,58.94175064450086,0.7381596054150168,0.0,0.0,30,joint,PayAsNominated / Floating
Baseload,FixedFlat,-1049493.5027873828,1049493.5027873828,445721.8738130751,64.99999999999999,0.7381596054150168,-717693.0654107393,-331800.43737664353,30,joint,Baseload / FixedFlat
Baseload,FixedEscalated,808405.7336355576,-808405.7336355576,445721.8738130751,71.17379605473559,0.7381596054150168,1338116.5996075866,-529710.865972029,30,joint,Baseload / FixedEscalated
Baseload,IndexedWithFloorCap,-134039.51653600662,134039.51653600662,445721.8738130751,67.0433826250959,0.7381596054150168,-37267.9731726375,-96771.54336336911,30,joint,Baseload / IndexedWithFloorCap
Baseload,Floating,0.0,-0.0,445721.8738130751,67.15530196746322,0.7381596054150168,0.0,0.0,30,joint,Baseload / Floating
PayAsProduced,FixedFlat,4675806.408230299,-4675806.408230299,445739.0185884913,65.0,0.7409599779220098,5046451.357885006,-370644.94965470675,31,joint,PayAsProduced / FixedFlat
PayAsProduced,FixedEscalated,6519217.656535376,-6519217.656535376,445739.0185884913,71.10923766302142,0.7409599779220098,7080842.002312246,-561624.3457768699,31,joint,PayAsProduced / FixedEscalated
PayAsProduced,IndexedWithFloorCap,2850377.7131854994,-2850377.7131854994,445739.0185884913,59.08051251630187,0.7409599779220098,3075247.973617945,-224870.26043244544,31,joint,PayAsProduced / IndexedWithFloorCap
PayAsProduced,Floating,0.0,-0.0,445739.0185884913,49.84559945030789,0.7409599779220098,0.0,0.0,31,joint,PayAsProduced / Floating
PayAsNominated,FixedFlat,1656667.0990823745,-1656667.0990823745,445739.01858849137,64.99999999999999,0.7409599779220098,1966394.157523908,-309727.0584415335,31,joint,PayAsNominated / FixedFlat
PayAsNominated,FixedEscalated,3500102.185036839,-3500102.185036839,445739.01858849137,71.1092376630214,0.7409599779220098,4000784.8019511485,-500682.61691430956,31,joint,PayAsNominated / FixedEscalated
PayAsNominated,IndexedWithFloorCap,563558.5166802434,-563558.5166802434,445739.01858849137,61.16363003692676,0.7409599779220098,688873.8527109632,-125315.3360307198,31,joint,PayAsNominated / IndexedWithFloorCap
PayAsNominated,Floating,0.0,-0.0,445739.01858849137,59.09495453569954,0.7409599779220098,0.0,0.0,31,joint,PayAsNominated / Floating
Baseload,FixedFlat,-1079634.4078647976,1079634.4078647976,445739.0185884913,65.00000000000003,0.7409599779220098,-756464.461321628,-323169.9465431697,31,joint,Baseload / FixedFlat
Baseload,FixedEscalated,778336.2930004909,-778336.2930004909,445739.0185884913,71.1737960547356,0.7409599779220098,1299424.2808007663,-521087.98780027544,31,joint,Baseload / FixedEscalated
Baseload,IndexedWithFloorCap,-137387.23735817824,137387.23735817824,445739.0185884913,67.14376553210728,0.7409599779220098,-42585.45007235016,-94801.78728582809,31,joint,Baseload / IndexedWithFloorCap
Baseload,Floating,0.0,-0.0,445739.0185884913,67.27164885490538,0.7409599779220098,0.0,0.0,31,joint,Baseload / Floating
PayAsProduced,FixedFlat,4587962.082483122,-4587962.082483122,443386.3936396981,65.0,0.7441998505203521,4960698.439730982,-372736.3572478602,32,joint,PayAsProduced / FixedFlat
PayAsProduced,FixedEscalated,6419529.313201621,-6419529.313201621,443386.3936396981,71.09831893755732,0.7441998505203521,6980734.733797446,-561205.4205958247,32,joint,PayAsProduced / FixedEscalated
PayAsProduced,IndexedWithFloorCap,2785236.07778309,-2785236.07778309,443386.3936396981,59.12138856140071,0.7441998505203521,3013439.107072765,-228203.02928967495,32,joint,PayAsProduced / IndexedWithFloorCap
PayAsProduced,Floating,0.0,-0.0,443386.3936396981,50.024070444980254,0.7441998505203521,0.0,0.0,32,joint,PayAsProduced / Floating
PayAsNominated,FixedFlat,1598622.9599156142,-1598622.9599156142,443386.3936396981,65.0,0.7441998505203521,1913261.2872517507,-314638.3273361365,32,joint,PayAsNominated / FixedFlat
PayAsNominated,FixedEscalated,3430213.92557316,-3430213.92557316,443386.3936396981,71.09831893755732,0.7441998505203521,3933297.581318214,-503083.65574505413,32,joint,PayAsNominated / FixedEscalated
PayAsNominated,IndexedWithFloorCap,542910.2345512083,-542910.2345512083,443386.3936396981,61.24927048055591,0.7441998505203521,670851.7255212292,-127941.49097002088,32,joint,PayAsNominated / IndexedWithFloorCap
PayAsNominated,Floating,0.0,-0.0,443386.3936396981,59.22402578863825,0.7441998505203521,0.0,0.0,32,joint,PayAsNominated / Floating
Baseload,FixedFlat,-1056431.665939721,1056431.665939721,443386.39363969816,65.00000000000003,0.7441998505203521,-734898.937077119,-321532.72886260203,32,joint,Baseload / FixedFlat
Baseload,FixedEscalated,791732.6055067913,-791732.6055067913,443386.39363969816,71.17379605473558,0.7441998505203521,1310138.7578069593,-518406.15230016806,32,joint,Baseload / FixedEscalated
Baseload,IndexedWithFloorCap,-138681.4711598164,138681.4711598164,443386.39363969816,67.08704877720535,0.7441998505203521,-43574.93113221647,-95106.54002759993,32,joint,Baseload / IndexedWithFloorCap
Baseload,Floating,0.0,-0.0,443386.39363969816,67.21859781348104,0.7441998505203521,0.0,0.0,32,joint,Baseload / Floating
PayAsProduced,FixedFlat,4706995.790194061,-4706995.790194061,444685.99638155627,65.0,0.7398590911375417,5075037.396648131,-368041.60645407066,33,joint,PayAsProduced / FixedFlat
PayAsProduced,FixedEscalated,6550481.247068703,-6550481.247068703,444685.99638155627,71.12631546853045,0.7398590911375417,7110295.473328125,-559814.2262594216,33,joint,PayAsProduced / FixedEscalated
PayAsProduced,IndexedWithFloorCap,2842174.4538817173,-2842174.4538817173,444685.99638155627,58.956178784247165,0.7398590911375417,3067185.2044851477,-225010.75060343044,33,joint,PayAsProduced / IndexedWithFloorCap
PayAsProduced,Floating,0.0,-0.0,444685.99638155627,49.723667006803645,0.7398590911375417,0.0,0.0,33,joint,PayAsProduced / Floating
PayAsNominated,FixedFlat,1687501.438144907,-1687501.438144907,444685.9963815563,64.99999999999999,0.7398590911375417,1994104.188002434,-306602.7498575272,33,joint,PayAsNominated / FixedFlat
PayAsNominated,FixedEscalated,3531010.6822944153,-3531010.6822944153,444685.9963815563,71.12631546853044,0.7398590911375417,4029362.264682429,-498351.5823880136,33,joint,PayAsNominated / FixedEscalated
PayAsNominated,IndexedWithFloorCap,564312.3736471098,-564312.3736471098,444685.9963815563,61.073964977644636,0.7398590911375417,689813.7821911956,-125501.4085440858,33,joint,PayAsNominated / IndexedWithFloorCap
PayAsNominated,Floating,0.0,-0.0,444685.9963815563,58.99756155113811,0.7398590911375417,0.0,0.0,33,joint,PayAsNominated / Floating
Baseload,FixedFlat,-1056212.4064762006,1056212.4064762006,444685.9963815561,65.00000000000003,0.7398590911375417,-733180.7347880116,-323031.6716881889,33,joint,Baseload / FixedFlat
Baseload,FixedEscalated,797368.9896025308,-797368.9896025308,444685.9963815561,71.17379605473562,0.7398590911375417,1317851.1372598344,-520482.1476573036,33,joint,Baseload / FixedEscalated
Baseload,IndexedWithFloorCap,-140547.20639542158,140547.20639542158,444685.9963815561,67.07035166738831,0.7398590911375417,-45377.44188467544,-95169.76451074614,33,joint,Baseload / IndexedWithFloorCap
Baseload,Floating,0.0,-0.0,444685.9963815561,67.20694197371148,0.7398590911375417,0.0,0.0,33,joint,Baseload / Floating
PayAsProduced,FixedFlat,4749891.873374727,-4749891.873374727,446727.8053653344,65.0,0.7390090428938667,5120655.663777539,-370763.79040281195,34,joint,PayAsProduced / FixedFlat
PayAsProduced,FixedEscalated,6601481.225954766,-6601481.225954766,446727.8053653344,71.1252775914006,0.7390090428938667,7164912.397781435,-563431.171826669,34,joint,PayAsProduced / FixedEscalated
PayAsProduced,IndexedWithFloorCap,2882154.1145137427,-2882154.1145137427,446727.8053653344,58.96485752780953,0.7390090428938667,3106480.7214420303,-224326.60692828754,34,joint,PayAsProduced / IndexedWithFloorCap
PayAsProduced,Floating,0.0,-0.0,446727.8053653344,49.65680123788436,0.7390090428938667,0.0,0.0,34,joint,PayAsProduced / Floating
PayAsNominated,FixedFlat,1679415.9874668666,-1679415.9874668666,446727.8053653345,64.99999999999999,0.7390090428938667,1999207.4321409538,-319791.4446740872,34,joint,PayAsNominated / FixedFlat
PayAsNominated,FixedEscalated,3531029.374198275,-3531029.374198275,446727.8053653345,71.12527759140059,0.7390090428938667,4043464.16614485,-512434.79194657505,34,joint,PayAsNominated / FixedEscalated
PayAsNominated,IndexedWithFloorCap,579265.7272530512,-579265.7272530512,446727.8053653345,61.128317654540616,0.7390090428938667,707068.0003312124,-127802.27307816118,34,joint,PayAsNominated / IndexedWithFloorCap
PayAsNominated,Floating,0.0,-0.0,446727.8053653345,59.00970519946874,0.7390090428938667,0.0,0.0,34,joint,PayAsNominated / Floating
Baseload,FixedFlat,-1061643.0811602797,1061643.0811602797,446727.8053653343,64.99999999999999,0.7390090428938667,-732150.0681481917,-329493.013012088,34,joint,Baseload / FixedFlat
Baseload,FixedEscalated,800449.172416717,-800449.172416717,446727.8053653343,71.17379605473559,0.7390090428938667,1328299.2700138148,-527850.0975970977,34,joint,Baseload / FixedEscalated
Baseload,IndexedWithFloorCap,-132283.49494895607,132283.49494895607,446727.8053653343,67.08421143257851,0.7390090428938667,-36563.10207857402,-95720.39287038206,34,joint,Baseload / IndexedWithFloorCap
Baseload,Floating,0.0,-0.0,446727.8053653343,67.19376672771766,0.7390090428938667,0.0,0.0,34,joint,Baseload / Floating
PayAsProduced,FixedFlat,4659428.936246252,-4659428.936246252,441677.03588323295,64.99999999999999,0.7399527495226818,5051064.480230162,-391635.54398391023,35,joint,PayAsProduced / FixedFlat
PayAsProduced,FixedEscalated,6490352.923386361,-6490352.923386361,441677.03588323295,71.1253247620915,0.7399527495226818,7072224.115352394,-581871.1919660326,35,joint,PayAsProduced / FixedEscalated
PayAsProduced,IndexedWithFloorCap,2859655.472266068,-2859655.472266068,441677.03588323295,59.064073758048295,0.7399527495226818,3092400.2488173917,-232744.77655132348,35,joint,PayAsProduced / IndexedWithFloorCap
PayAsProduced,Floating,0.0,-0.0,441677.03588323295,49.692248055011454,0.7399527495226818,0.0,0.0,35,joint,PayAsProduced / Floating
PayAsNominated,FixedFlat,1688720.4484039717,-1688720.4484039717,441677.035883233,64.99999999999999,0.7399527495226818,2010754.5596311744,-322034.1112272027,35,joint,PayAsNominated / FixedFlat
PayAsNominated,FixedEscalated,3519668.1321431827,-3519668.1321431827,441677.035883233,71.1253247620915,0.7399527495226818,4031914.1947534084,-512246.06261022575,35,joint,PayAsNominated / FixedEscalated
PayAsNominated,IndexedWithFloorCap,588228.6981685378,-588228.6981685378,441677.035883233,61.08050479328205,0.7399527495226818,717447.5417077036,-129218.8435391658,35,joint,PayAsNominated / IndexedWithFloorCap
PayAsNominated,Floating,0.0,-0.0,441677.035883233,58.906208851310055,0.7399527495226818,0.0,0.0,35,joint,PayAsNominated / Floating
Baseload,FixedFlat,-1035168.0916294099,1035168.0916294099,441677.0358832327,65.00000000000001,0.7399527495226818,-711402.0909822922,-323766.00064711773,35,joint,Baseload / FixedFlat
Baseload,FixedEscalated,805871.0763454209,-805871.0763454209,441677.0358832327,71.17379605473563,0.7399527495226818,1325751.5075556892,-519880.4312102683,35,joint,Baseload / FixedEscalated
Baseload,IndexedWithFloorCap,-129043.27085184296,129043.27085184296,441677.0358832327,67.05187992728133,0.7399527495226818,-34347.88631307218,-94695.38453877077,35,joint,Baseload / IndexedWithFloorCap
Baseload,Floating,0.0,-0.0,441677.0358832327,67.15597460387339,0.7399527495226818,0.0,0.0,35,joint,Baseload / Floating
PayAsProduced,FixedFlat,4805111.301154657,-4805111.301154657,447412.0212196181,65.00000000000001,0.7362961472134524,5176444.656472668,-371333.3553180108,36,joint,PayAsProduced / FixedFlat
PayAsProduced,FixedEscalated,6654967.735086043,-6654967.735086043,447412.0212196181,71.1096118900507,0.7362961472134524,7218596.112869923,-563628.3777838796,36,joint,PayAsProduced / FixedEscalated
PayAsProduced,IndexedWithFloorCap,2906523.761246221,-2906523.761246221,447412.0212196181,58.90805566472828,0.7362961472134524,3140198.619825817,-233674.85857959604,36,joint,PayAsProduced / IndexedWithFloorCap
PayAsProduced,Floating,0.0,-0.0,447412.0212196181,49.5133583396556,0.7362961472134524,0.0,0.0,36,joint,PayAsProduced / Floating
PayAsNominated,FixedFlat,1713406.236832656,-1713406.236832656,447412.02121961815,65.00000000000001,0.7362961472134524,2026779.6622374495,-313373.4254047936,36,joint,PayAsNominated / FixedFlat
PayAsNominated,FixedEscalated,3563286.5818886277,-3563286.5818886277,447412.02121961815,71.10961189005069,0.7362961472134524,4068931.1186347003,-505644.5367460726,36,joint,PayAsNominated / FixedEscalated
PayAsNominated,IndexedWithFloorCap,590259.6819393984,-590259.6819393984,447412.02121961815,61.0939366638572,0.7362961472134524,721169.2447125816,-130909.56277318322,36,joint,PayAsNominated / IndexedWithFloorCap
PayAsNominated,Floating,0.0,-0.0,447412.02121961815,58.93637671479838,0.7362961472134524,0.0,0.0,36,joint,PayAsNominated / Floating
Baseload,FixedFlat,-1073490.0866053302,1073490.0866053302,447412.0212196184,64.99999999999997,0.7362961472134524,-750906.4973568529,-322583.58924847736,36,joint,Baseload / FixedFlat
Baseload,FixedEscalated,791454.1789277934,-791454.1789277934,447412.0212196184,71.17379605473553,0.7362961472134524,1312698.6598233143,-521244.4808955209,36,joint,Baseload / FixedEscalated
Baseload,IndexedWithFloorCap,-129353.4387403551,129353.4387403551,447412.0212196184,67.14773241889395,0.7362961472134524,-33022.126610095205,-96331.31213025989,36,joint,Baseload / IndexedWithFloorCap
Baseload,Floating,0.0,-0.0,447412.0212196184,67.24652645140304,0.7362961472134524,0.0,0.0,36,joint,Baseload / Floating
PayAsProduced,FixedFlat,4694702.876269892,-4694702.876269892,444245.069142263,65.00000000000001,0.7392472627098156,5078783.410674978,-384080.5344050862,37,joint,PayAsProduced / FixedFlat
PayAsProduced,FixedEscalated,6537443.987019461,-6537443.987019461,444245.069142263,71.12756731667578,0.7392472627098156,7112438.90373822,-574994.9167187596,37,joint,PayAsProduced / FixedEscalated
PayAsProduced,IndexedWithFloorCap,2847756.3190549603,-2847756.3190549603,444245.069142263,58.983043842779104,0.7392472627098156,3081838.2433240763,-234081.92426911602,37,joint,PayAsProduced / IndexedWithFloorCap
PayAsProduced,Floating,0.0,-0.0,444245.069142263,49.69721772351377,0.7392472627098156,0.0,0.0,37,joint,PayAsProduced / Floating
PayAsNominated,FixedFlat,1681060.7137419796,-1681060.7137419796,444245.0691422631,64.99999999999999,0.7392472627098156,2002473.2530653926,-321412.53932341305,37,joint,PayAsNominated / FixedFlat
PayAsNominated,FixedEscalated,3523825.710311641,-3523825.710311641,444245.0691422631,71.12756731667575,0.7392472627098156,4036128.746128635,-512303.03581699403,37,joint,PayAsNominated / FixedEscalated
PayAsNominated,IndexedWithFloorCap,576071.0631043429,-576071.0631043429,444245.0691422631,61.09631801605132,0.7392472627098156,706894.77965973,-130823.71655538713,37,joint,PayAsNominated / IndexedWithFloorCap
PayAsNominated,Floating,0.0,-0.0,444245.0691422631,58.966387276579226,0.7392472627098156,0.0,0.0,37,joint,PayAsNominated / Floating
Baseload,FixedFlat,-1062954.5406940742,1062954.5406940742,444245.06914226286,65.00000000000001,0.7392472627098156,-739039.7976188321,-323914.74307524215,37,joint,Baseload / FixedFlat
Baseload,FixedEscalated,788788.9415883407,-788788.9415883407,444245.06914226286,71.1737960547356,0.7392472627098156,1309958.3791285024,-521169.4375401618,37,joint,Baseload / FixedEscalated
Baseload,IndexedWithFloorCap,-138747.94696675733,138747.94696675733,444245.06914226286,67.09889018958366,0.7392472627098156,-42446.95044323219,-96300.99652352513,37,joint,Baseload / IndexedWithFloorCap
Baseload,Floating,0.0,-0.0,444245.06914226286,67.22678626004185,0.7392472627098156,0.0,0.0,37,joint,Baseload / Floating
PayAsProduced,FixedFlat,4675066.169164363,-4675066.169164363,446144.6547595292,64.99999999999999,0.7398668224132737,5061061.313277872,-385995.144113509,38,joint,PayAsProduced / FixedFlat
PayAsProduced,FixedEscalated,6522933.291358869,-6522933.291358869,446144.6547595292,71.1226302824245,0.7398668224132737,7101767.148140654,-578833.8567817854,38,joint,PayAsProduced / FixedEscalated
PayAsProduced,IndexedWithFloorCap,2858863.2094049463,-2858863.2094049463,446144.6547595292,59.08218868177034,0.7398668224132737,3088622.7485331055,-229759.53912815917,38,joint,PayAsProduced / IndexedWithFloorCap
PayAsProduced,Floating,0.0,-0.0,446144.6547595292,49.81554434328068,0.7398668224132737,0.0,0.0,38,joint,PayAsProduced / Floating
PayAsNominated,FixedFlat,1617649.796516158,-1617649.796516158,446144.6547595291,65.0,0.7398668224132737,1936097.6860135186,-318447.8894973607,38,joint,PayAsNominated / FixedFlat
PayAsNominated,FixedEscalated,3465540.8327513225,-3465540.8327513225,446144.6547595291,71.1226302824245,0.7398668224132737,3976803.5208762945,-511262.68812497193,38,joint,PayAsNominated / FixedEscalated
PayAsNominated,IndexedWithFloorCap,561878.9080469068,-561878.9080469068,446144.6547595291,61.25411732787961,0.7398668224132737,687574.7027377093,-125695.79469080246,38,joint,PayAsNominated / IndexedWithFloorCap
PayAsNominated,Floating,0.0,-0.0,446144.6547595291,59.191220449509096,0.7398668224132737,0.0,0.0,38,joint,PayAsNominated / Floating
Baseload,FixedFlat,-1101279.381448608,1101279.381448608,446144.6547595292,64.99999999999997,0.7398668224132737,-776741.8091290306,-324537.57231957733,38,joint,Baseload / FixedFlat
Baseload,FixedEscalated,758382.1297105299,-758382.1297105299,446144.6547595292,71.1737960547356,0.7398668224132737,1281017.8547719503,-522635.72506142035,38,joint,Baseload / FixedEscalated
Baseload,IndexedWithFloorCap,-142311.51447147224,142311.51447147224,446144.6547595292,67.18336366977293,0.7398668224132737,-49014.8723379507,-93296.64213352154,38,joint,Baseload / IndexedWithFloorCap
Baseload,Floating,0.0,-0.0,446144.6547595292,67.33042060298628,0.7398668224132737,0.0,0.0,38,joint,Baseload / Floating
PayAsProduced,FixedFlat,4744113.2566285245,-4744113.2566285245,442471.5095839111,65.0,0.7362598784749298,5127562.502779389,-383449.2461508643,39,joint,PayAsProduced / FixedFlat
PayAsProduced,FixedEscalated,6584920.447506408,-6584920.447506408,442471.5095839111,71.14573010637876,0.7362598784749298,7159102.948276457,-574182.5007700492,39,joint,PayAsProduced / FixedEscalated
PayAsProduced,IndexedWithFloorCap,2894310.193043033,-2894310.193043033,442471.5095839111,58.95035809247809,0.7362598784749298,3127785.095836529,-233474.90279349592,39,joint,PayAsProduced / IndexedWithFloorCap
PayAsProduced,Floating,0.0,-0.0,442471.5095839111,49.488315103192654,0.7362598784749298,0.0,0.0,39,joint,PayAsProduced / Floating
PayAsNominated,FixedFlat,1728735.9151752817,-1728735.9151752817,442471.5095839111,65.0,0.7362598784749298,2046902.3551266456,-318166.43995136395,39,joint,PayAsNominated / FixedFlat
PayAsNominated,FixedEscalated,3569566.9151455867,-3569566.9151455867,442471.5095839111,71.14573010637874,0.7362598784749298,4078442.800623704,-508875.8854781175,39,joint,PayAsNominated / FixedEscalated
PayAsNominated,IndexedWithFloorCap,600480.8540876224,-600480.8540876224,442471.5095839111,61.0145597451418,0.7362598784749298,729470.100421386,-128989.24633376359,39,joint,PayAsNominated / IndexedWithFloorCap
PayAsNominated,Floating,0.0,-0.0,442471.5095839111,58.80779769528956,0.7362598784749298,0.0,0.0,39,joint,PayAsNominated / Floating
Baseload,FixedFlat,-1055231.4907949388,1055231.4907949388,442471.5095839113,64.99999999999997,0.7362598784749298,-732465.9416136724,-322765.54918126634,39,joint,Baseload / FixedFlat
Baseload,FixedEscalated,789119.2761131478,-789119.2761131478,442471.5095839113,71.17379605473556,0.7362598784749298,1308352.0198564692,-519232.7437433214,39,joint,Baseload / FixedEscalated
Baseload,IndexedWithFloorCap,-126015.95180987078,126015.95180987078,442471.5095839113,67.12237343605229,0.7362598784749298,-30891.44986798313,-95124.50194188765,39,joint,Baseload / IndexedWithFloorCap
Baseload,Floating,0.0,-0.0,442471.5095839113,67.21582494173319,0.7362598784749298,0.0,0.0,39,joint,Baseload / Floating
PayAsProduced,FixedFlat,4677726.245487293,-4677726.245487293,446495.3573512145,65.0,0.7412636150646292,5064736.090881751,-387009.8453944577,40,joint,PayAsProduced / FixedFlat
PayAsProduced,FixedEscalated,6525968.708903855,-6525968.708903855,446495.3573512145,71.11872473478122,0.7412636150646292,7105743.307539774,-579774.5986359194,40,joint,PayAsProduced / FixedEscalated
PayAsProduced,IndexedWithFloorCap,2859615.1023720023,-2859615.1023720023,446495.3573512145,59.08997755499587,0.7412636150646292,3093345.158340379,-233730.0559683768,40,joint,PayAsProduced / IndexedWithFloorCap
PayAsProduced,Floating,0.0,-0.0,446495.3573512145,49.81645447331616,0.7412636150646292,0.0,0.0,40,joint,PayAsProduced / Floating
PayAsNominated,FixedFlat,1662522.9419634282,-1662522.9419634282,446495.35735121457,65.0,0.7412636150646292,1983099.462928694,-320576.5209652658,40,joint,PayAsNominated / FixedFlat
PayAsNominated,FixedEscalated,3510789.262525171,-3510789.262525171,446495.35735121457,71.11872473478121,0.7412636150646292,4024106.6795867113,-513317.4170615403,40,joint,PayAsNominated / FixedEscalated
PayAsNominated,IndexedWithFloorCap,573565.368350345,-573565.368350345,446495.35735121457,61.164547251681775,0.7412636150646292,703717.3894110101,-130152.02106066514,40,joint,PayAsNominated / IndexedWithFloorCap
PayAsNominated,Floating,0.0,-0.0,446495.35735121457,59.054876613703684,0.7412636150646292,0.0,0.0,40,joint,PayAsNominated / Floating
Baseload,FixedFlat,-1059788.52834499,1059788.52834499,446495.3573512145,65.00000000000003,0.7412636150646292,-735441.1092204963,-324347.4191244937,40,joint,Baseload / FixedFlat
Baseload,FixedEscalated,801334.8138697555,-801334.8138697555,446495.3573512145,71.17379605473559,0.7412636150646292,1323936.1054893672,-522601.2916196117,40,joint,Baseload / FixedEscalated
Baseload,IndexedWithFloorCap,-133849.9790106233,133849.9790106233,446495.3573512145,67.08976326208348,0.7412636150646292,-38364.171803464815,-95485.80720715848,40,joint,Baseload / IndexedWithFloorCap
Baseload,Floating,0.0,-0.0,446495.3573512145,67.20477500972817,0.7412636150646292,0.0,0.0,40,joint,Baseload / Floating
PayAsProduced,FixedFlat,4686587.543952954,-4686587.543952954,446260.6432754874,65.0,0.7407164637348329,5049854.062652442,-363266.5186994877,41,joint,PayAsProduced / FixedFlat
PayAsProduced,FixedEscalated,6531591.945232219,-6531591.945232219,446260.6432754874,71.10170593172117,0.7407164637348329,7084114.426863494,-552522.4816312753,41,joint,PayAsProduced / FixedEscalated
PayAsProduced,IndexedWithFloorCap,2862711.177426497,-2862711.177426497,446260.6432754874,59.11419265427091,0.7407164637348329,3087572.5746913324,-224861.39726483542,41,joint,PayAsProduced / IndexedWithFloorCap
PayAsProduced,Floating,0.0,-0.0,446260.6432754874,49.85310679473285,0.7407164637348329,0.0,0.0,41,joint,PayAsProduced / Floating
PayAsNominated,FixedFlat,1643730.6819205182,-1643730.6819205182,446260.6432754874,65.00000000000001,0.7407164637348329,1956727.1587614513,-312996.4768409331,41,joint,PayAsNominated / FixedFlat
PayAsNominated,FixedEscalated,3488759.0549750887,-3488759.0549750887,446260.6432754874,71.10170593172117,0.7407164637348329,3990987.5229724986,-502228.46799740987,41,joint,PayAsNominated / FixedEscalated
PayAsNominated,IndexedWithFloorCap,572784.4350875141,-572784.4350875141,446260.6432754874,61.226750048478166,0.7407164637348329,698755.5510610807,-125971.11597356654,41,joint,PayAsNominated / IndexedWithFloorCap
PayAsNominated,Floating,0.0,-0.0,446260.6432754874,59.13085270625863,0.7407164637348329,0.0,0.0,41,joint,PayAsNominated / Floating
Baseload,FixedFlat,-1095352.3958192423,1095352.3958192423,446260.64327548747,64.99999999999997,0.7407164637348329,-768101.9834945945,-327250.4123246479,41,joint,Baseload / FixedFlat
Baseload,FixedEscalated,764792.5894251794,-764792.5894251794,446260.64327548747,71.17379605473558,0.7407164637348329,1290192.655973311,-525400.0665481316,41,joint,Baseload / FixedEscalated
Baseload,IndexedWithFloorCap,-131590.20433796095,131590.20433796095,446260.64327548747,67.19319923249698,0.7407164637348329,-36906.753928974904,-94683.45040898604,41,joint,Baseload / IndexedWithFloorCap
Baseload,Floating,0.0,-0.0,446260.64327548747,67.30389998807914,0.7407164637348329,0.0,0.0,41,joint,Baseload / Floating
PayAsProduced,FixedFlat,4712836.894782035,-4712836.894782035,442619.08680364606,65.0,0.7383582539207996,5082000.488237405,-369163.5934553705,42,joint,PayAsProduced / FixedFlat
PayAsProduced,FixedEscalated,6544515.88130634,-6544515.88130634,442619.08680364606,71.10819760778172,0.7383582539207996,7101807.58300866,-557291.70170232,42,joint,PayAsProduced / FixedEscalated
PayAsProduced,IndexedWithFloorCap,2866346.2255024742,-2866346.2255024742,442619.08680364606,58.98949615811375,0.7383582539207996,3094497.9412462045,-228151.7157437303,42,joint,PayAsProduced / IndexedWithFloorCap
PayAsProduced,Floating,0.0,-0.0,442619.08680364606,49.63127330062539,0.7383582539207996,0.0,0.0,42,joint,PayAsProduced / Floating
PayAsNominated,FixedFlat,1699334.240367074,-1699334.240367074,442619.08680364606,64.99999999999999,0.7383582539207996,2010903.2027902314,-311568.9624231574,42,joint,PayAsNominated / FixedFlat
PayAsNominated,FixedEscalated,3531036.9478006386,-3531036.9478006386,442619.08680364606,71.10819760778172,0.7383582539207996,4030710.2975614904,-499673.3497608518,42,joint,PayAsNominated / FixedEscalated
PayAsNominated,IndexedWithFloorCap,589221.8094875112,-589221.8094875112,442619.08680364606,61.0933950196549,0.7383582539207996,719100.1272451187,-129878.31775760755,42,joint,PayAsNominated / IndexedWithFloorCap
PayAsNominated,Floating,0.0,-0.0,442619.08680364606,58.91872908825732,0.7383582539207996,0.0,0.0,42,joint,PayAsNominated / Floating
Baseload,FixedFlat,-1055333.3810717468,1055333.3810717468,442619.08680364606,65.0,0.7383582539207996,-733567.4916725141,-321765.8893992327,42,joint,Baseload / FixedFlat
Baseload,FixedEscalated,789632.5308852312,-789632.5308852312,442619.08680364606,71.17379605473558,0.7383582539207996,1307931.142415441,-518298.6115302099,42,joint,Baseload / FixedEscalated
Baseload,IndexedWithFloorCap,-125138.11917065374,125138.11917065374,442619.08680364606,67.13182882140038,0.7383582539207996,-28632.377455398102,-96505.74171525563,42,joint,Baseload / IndexedWithFloorCap
Baseload,Floating,0.0,-0.0,442619.08680364606,67.21841739707719,0.7383582539207996,0.0,0.0,42,joint,Baseload / Floating
PayAsProduced,FixedFlat,4732254.115746329,-4732254.115746329,446378.06741267943,65.0,0.7400629844328258,5111123.606957649,-378869.4912113203,43,joint,PayAsProduced / FixedFlat
PayAsProduced,FixedEscalated,6581550.297276711,-6581550.297276711,446378.06741267943,71.12112684653373,0.7400629844328258,7152395.7268281225,-570845.4295514114,43,joint,PayAsProduced / FixedEscalated
PayAsProduced,IndexedWithFloorCap,2900631.235703647,-2900631.235703647,446378.06741267943,59.065937749793996,0.7400629844328258,3132233.7501364755,-231602.5144328284,43,joint,PayAsProduced / IndexedWithFloorCap
PayAsProduced,Floating,0.0,-0.0,446378.06741267943,49.67336342766198,0.7400629844328258,0.0,0.0,43,joint,PayAsProduced / Floating
PayAsNominated,FixedFlat,1717197.773446663,-1717197.773446663,446378.0674126794,65.0,0.7400629844328258,2037272.3447501373,-320074.57130347425,43,joint,PayAsNominated / FixedFlat
PayAsNominated,FixedEscalated,3566517.970646375,-3566517.970646375,446378.0674126794,71.12112684653374,0.7400629844328258,4078544.464620616,-512026.49397424096,43,joint,PayAsNominated / FixedEscalated
PayAsNominated,IndexedWithFloorCap,596106.0423091294,-596106.0423091294,446378.0674126794,61.06578961412176,0.7400629844328258,725292.6756887478,-129186.6333796184,43,joint,PayAsNominated / IndexedWithFloorCap
PayAsNominated,Floating,0.0,-0.0,446378.0674126794,58.890867208855,0.7400629844328258,0.0,0.0,43,joint,PayAsNominated / Floating
Baseload,FixedFlat,-1035909.2923902759,1035909.2923902759,446378.06741267967,64.99999999999996,0.7400629844328258,-707128.5288452344,-328780.76354504144,43,joint,Baseload / FixedFlat
Baseload,FixedEscalated,824725.1510289491,-824725.1510289491,446378.06741267967,71.17379605473556,0.7400629844328258,1351707.7077268944,-526982.5566979453,43,joint,Baseload / FixedEscalated
Baseload,IndexedWithFloorCap,-119228.3905515529,119228.3905515529,446378.06741267967,67.05439213244335,0.7400629844328258,-22030.263709184306,-97198.1268423686,43,joint,Baseload / IndexedWithFloorCap
Baseload,Floating,0.0,-0.0,446378.06741267967,67.12045389721926,0.7400629844328258,0.0,0.0,43,joint,Baseload / Floating
PayAsProduced,FixedFlat,4705091.256349716,-4705091.256349716,444557.74170668743,64.99999999999999,0.7396278472292303,5079731.933176699,-374640.67682698276,44,joint,PayAsProduced / FixedFlat
PayAsProduced,FixedEscalated,6537328.665926729,-6537328.665926729,444557.74170668743,71.08117031925501,0.7396278472292303,7099409.407373207,-562080.7414464774,44,joint,PayAsProduced / FixedEscalated
PayAsProduced,IndexedWithFloorCap,2880137.8883235445,-2880137.8883235445,444557.74170668743,59.05989639852893,0.7396278472292303,3106905.518448958,-226767.63012541365,44,joint,PayAsProduced / IndexedWithFloorCap
PayAsProduced,Floating,0.0,-0.0,444557.74170668743,49.70512472586969,0.7396278472292303,0.0,0.0,44,joint,PayAsProduced / Floating
PayAsNominated,FixedFlat,1648285.9351626926,-1648285.9351626926,444557.7417066874,65.0,0.7396278472292303,1966289.2578061456,-318003.322643453,44,joint,PayAsNominated / FixedFlat
PayAsNominated,FixedEscalated,3480547.047817514,-3480547.047817514,444557.7417066874,71.081170319255,0.7396278472292303,3985966.7320026425,-505419.68418512866,44,joint,PayAsNominated / FixedEscalated
PayAsNominated,IndexedWithFloorCap,571913.5016065089,-571913.5016065089,444557.7417066874,61.18574973901167,0.7396278472292303,699500.9705788926,-127587.46897238377,44,joint,PayAsNominated / IndexedWithFloorCap
PayAsNominated,Floating,0.0,-0.0,444557.7417066874,59.079579523756514,0.7396278472292303,0.0,0.0,44,joint,PayAsNominated / Floating
Baseload,FixedFlat,-1059909.2559101363,1059909.2559101363,444557.7417066873,65.00000000000003,0.7396278472292303,-731621.6769657944,-328287.57894434186,44,joint,Baseload / FixedFlat
Baseload,FixedEscalated,793137.5371425691,-793137.5371425691,444557.7417066873,71.1737960547356,0.7396278472292303,1318818.6441269112,-525681.1069843421,44,joint,Baseload / FixedEscalated
Baseload,IndexedWithFloorCap,-130010.99636305764,130010.99636305764,444557.7417066873,67.10165951004934,0.7396278472292303,-33618.801197390385,-96392.19516566725,44,joint,Baseload / IndexedWithFloorCap
Baseload,Floating,0.0,-0.0,444557.7417066873,67.20288441284816,0.7396278472292303,0.0,0.0,44,joint,Baseload / Floating
PayAsProduced,FixedFlat,4713724.033553705,-4713724.033553705,444353.50334789837,65.00000000000001,0.7393844365206494,5088417.554367222,-374693.5208135173,45,joint,PayAsProduced / FixedFlat
PayAsProduced,FixedEscalated,6552498.076620746,-6552498.076620746,444353.50334789837,71.11850179987636,0.7393844365206494,7119559.980205869,-567061.9035851229,45,joint,PayAsProduced / FixedEscalated
PayAsProduced,IndexedWithFloorCap,2861767.2643739358,-2861767.2643739358,444353.50334789837,58.986578954189106,0.7393844365206494,3092158.501076693,-230391.23670275742,45,joint,PayAsProduced / IndexedWithFloorCap
PayAsProduced,Floating,0.0,-0.0,444353.50334789837,49.67193064904676,0.7393844365206494,0.0,0.0,45,joint,PayAsProduced / Floating
PayAsNominated,FixedFlat,1688674.5762268961,-1688674.5762268961,444353.5033478984,65.00000000000001,0.7393844365206494,2003292.2485404965,-314617.6723136003,45,joint,PayAsNominated / FixedFlat
PayAsNominated,FixedEscalated,3527472.422088698,-3527472.422088698,444353.5033478984,71.11850179987634,0.7393844365206494,4034434.6743791397,-506962.25229044165,45,joint,PayAsNominated / FixedEscalated
PayAsNominated,IndexedWithFloorCap,575854.3071601042,-575854.3071601042,444353.5033478984,61.08604926347885,0.7393844365206494,703988.6520699959,-128134.34490989172,45,joint,PayAsNominated / IndexedWithFloorCap
PayAsNominated,Floating,0.0,-0.0,444353.5033478984,58.965392543404526,0.7393844365206494,0.0,0.0,45,joint,PayAsNominated / Floating
Baseload,FixedFlat,-1050696.4121608306,1050696.4121608306,444353.5033478984,65.00000000000001,0.7393844365206494,-723726.4850942869,-326969.9270665437,45,joint,Baseload / FixedFlat
Baseload,FixedEscalated,801499.0556302356,-801499.0556302356,444353.5033478984,71.17379605473558,0.7393844365206494,1325771.8243614852,-524272.7687312496,45,joint,Baseload / FixedEscalated
Baseload,IndexedWithFloorCap,-129656.35328421641,129656.35328421641,444353.5033478984,67.07661461494551,0.7393844365206494,-34358.37105407607,-95297.98223014033,45,joint,Baseload / IndexedWithFloorCap
Baseload,Floating,0.0,-0.0,444353.5033478984,67.18011388336751,0.7393844365206494,0.0,0.0,45,joint,Baseload / Floating
PayAsProduced,FixedFlat,4809786.536686062,-4809786.536686062,446152.8216227778,65.00000000000001,0.7373726594242853,5182988.246505067,-373201.7098190049,46,joint,PayAsProduced / FixedFlat
PayAsProduced,FixedEscalated,6652497.920323932,-6652497.920323932,446152.8216227778,71.1025917315668,0.7373726594242853,7217052.357540048,-564554.4372161161,46,joint,PayAsProduced / FixedEscalated
PayAsProduced,IndexedWithFloorCap,2915379.3660546015,-2915379.3660546015,446152.8216227778,58.88753058339684,0.7373726594242853,3145631.7892807294,-230252.42322612787,46,joint,PayAsProduced / IndexedWithFloorCap
PayAsProduced,Floating,0.0,-0.0,446152.8216227778,49.45001755532882,0.7373726594242853,0.0,0.0,46,joint,PayAsProduced / Floating
PayAsNominated,FixedFlat,1740199.4017074346,-1740199.4017074346,446152.82162277785,65.0,0.7373726594242853,2043940.5074737417,-303741.1057663071,46,joint,PayAsNominated / FixedFlat
PayAsNominated,FixedEscalated,3582934.544037182,-3582934.544037182,446152.82162277785,71.1025917315668,0.7373726594242853,4078004.6185087273,-495070.0744715454,46,joint,PayAsNominated / FixedEscalated
PayAsNominated,IndexedWithFloorCap,587204.4984757365,-587204.4984757365,446152.82162277785,61.006179703319745,0.7373726594242853,712754.2035663199,-125549.70509058342,46,joint,PayAsNominated / IndexedWithFloorCap
PayAsNominated,Floating,0.0,-0.0,446152.82162277785,58.86777713983806,0.7373726594242853,0.0,0.0,46,joint,PayAsNominated / Floating
Baseload,FixedFlat,-1005417.8180182828,1005417.8180182828,446152.82162277756,65.00000000000004,0.7373726594242853,-687438.5433790568,-317979.2746392259,46,joint,Baseload / FixedFlat
Baseload,FixedEscalated,854277.7350173816,-854277.7350173816,446152.82162277756,71.17379605473563,0.7373726594242853,1370358.7886674174,-516081.05365003576,46,joint,Baseload / FixedEscalated
Baseload,IndexedWithFloorCap,-124576.60405799458,124576.60405799458,446152.82162277756,66.97434172306443,0.7373726594242853,-29367.707502712154,-95208.89655528244,46,joint,Baseload / IndexedWithFloorCap
Baseload,Floating,0.0,-0.0,446152.82162277756,67.06245061206593,0.7373726594242853,0.0,0.0,46,joint,Baseload / Floating
PayAsProduced,FixedFlat,4707514.751340045,-4707514.751340045,447109.6712102478,65.0,0.740516199249203,5084840.045089968,-377325.2937499229,47,joint,PayAsProduced / FixedFlat
PayAsProduced,FixedEscalated,6553787.105506005,-6553787.105506005,447109.6712102478,71.09816211868741,0.740516199249203,7121786.940447176,-567999.8349411711,47,joint,PayAsProduced / FixedEscalated
PayAsProduced,IndexedWithFloorCap,2868363.268335077,-2868363.268335077,447109.6712102478,59.053976987505926,0.740516199249203,3098711.621592219,-230348.353257142,47,joint,PayAsProduced / IndexedWithFloorCap
PayAsProduced,Floating,0.0,-0.0,447109.6712102478,49.7771294316857,0.740516199249203,0.0,0.0,47,joint,PayAsProduced / Floating
PayAsNominated,FixedFlat,1638690.0045665298,-1638690.0045665298,447109.6712102479,64.99999999999999,0.740516199249203,1965271.1898968741,-326581.18533034436,47,joint,PayAsNominated / FixedFlat
PayAsNominated,FixedEscalated,3484986.178928706,-3484986.178928706,447109.6712102479,71.09816211868741,0.740516199249203,4002218.0852540876,-517231.9063253817,47,joint,PayAsNominated / FixedEscalated
PayAsNominated,IndexedWithFloorCap,570241.3381098368,-570241.3381098368,447109.6712102479,61.21431988186771,0.740516199249203,700754.2398121095,-130512.9017022727,47,joint,PayAsNominated / IndexedWithFloorCap
PayAsNominated,Floating,0.0,-0.0,447109.6712102479,59.11641886664148,0.740516199249203,0.0,0.0,47,joint,PayAsNominated / Floating
Baseload,FixedFlat,-1075477.6622146075,1075477.6622146075,447109.67121024785,64.99999999999999,0.740516199249203,-741371.8562256693,-334105.8059889382,47,joint,Baseload / FixedFlat
Baseload,FixedEscalated,788206.3199791859,-788206.3199791859,447109.67121024785,71.17379605473559,0.740516199249203,1320838.7674842007,-532632.4475050147,47,joint,Baseload / FixedEscalated
Baseload,IndexedWithFloorCap,-129565.16019131409,129565.16019131409,447109.67121024785,67.12650648269344,0.740516199249203,-31062.63623862196,-98502.52395269214,47,joint,Baseload / IndexedWithFloorCap
Baseload,Floating,0.0,-0.0,447109.67121024785,67.21950104826051,0.740516199249203,0.0,0.0,47,joint,Baseload / Floating
PayAsProduced,FixedFlat,4735903.640361149,-4735903.640361149,447819.68572057213,65.00000000000001,0.7400258381335445,5119777.247586303,-383873.6072251545,48,joint,PayAsProduced / FixedFlat
PayAsProduced,FixedEscalated,6598753.978699965,-6598753.978699965,447819.68572057213,71.15076156864188,0.7400258381335445,7177556.337950222,-578802.3592502568,48,joint,PayAsProduced / FixedEscalated
PayAsProduced,IndexedWithFloorCap,2852217.9918701663,-2852217.9918701663,447819.68572057213,58.924268824206166,0.7400258381335445,3087100.0851416197,-234882.0932714534,48,joint,PayAsProduced / IndexedWithFloorCap
PayAsProduced,Floating,0.0,-0.0,447819.68572057213,49.696836855849405,0.7400258381335445,0.0,0.0,48,joint,PayAsProduced / Floating
PayAsNominated,FixedFlat,1720445.8196947286,-1720445.8196947286,447819.6857205722,65.0,0.7400258381335445,2036959.5764901936,-316513.756795465,48,joint,PayAsNominated / FixedFlat
PayAsNominated,FixedEscalated,3583320.3120749444,-3583320.3120749444,447819.6857205722,71.15076156864187,0.7400258381335445,4094738.666854112,-511418.35477916757,48,joint,PayAsNominated / FixedEscalated
PayAsNominated,IndexedWithFloorCap,571487.9934511625,-571487.9934511625,447819.6857205722,61.00672488589782,0.7400258381335445,700982.2442255497,-129494.25077438727,48,joint,PayAsNominated / IndexedWithFloorCap
PayAsNominated,Floating,0.0,-0.0,447819.6857205722,58.91146856403465,0.7400258381335445,0.0,0.0,48,joint,PayAsNominated / Floating
Baseload,FixedFlat,-1047450.7737455617,1047450.7737455617,447819.68572057213,65.0,0.7400258381335445,-721151.4997673702,-326299.27397819154,48,joint,Baseload / FixedFlat
Baseload,FixedEscalated,819192.7567542095,-819192.7567542095,447819.68572057213,71.17379605473559,0.7400258381335445,1344333.9344877815,-525141.177733572,48,joint,Baseload / FixedEscalated
Baseload,IndexedWithFloorCap,-144281.6430722594,144281.6430722594,447819.68572057213,67.0121433747272,0.7400258381335445,-47975.25693632372,-96306.3861359357,48,joint,Baseload / IndexedWithFloorCap
Baseload,Floating,0.0,-0.0,447819.68572057213,67.15554281346748,0.7400258381335445,0.0,0.0,48,joint,Baseload / Floating
PayAsProduced,FixedFlat,4729501.304182381,-4729501.304182381,446230.14550895465,65.0,0.7392787170067882,5097068.712813922,-367567.40863154083,49,joint,PayAsProduced / FixedFlat
PayAsProduced,FixedEscalated,6575070.686173126,-6575070.686173126,446230.14550895465,71.1106958484534,0.7392787170067882,7134187.016349374,-559116.3301762482,49,joint,PayAsProduced / FixedEscalated
PayAsProduced,IndexedWithFloorCap,2869198.3756636893,-2869198.3756636893,446230.14550895465,59.00930581036233,0.7392787170067882,3099955.2764312043,-230756.90076751495,49,joint,PayAsProduced / IndexedWithFloorCap
PayAsProduced,Floating,0.0,-0.0,446230.14550895465,49.71044289935529,0.7392787170067882,0.0,0.0,49,joint,PayAsProduced / Floating
PayAsNominated,FixedFlat,1695812.509946335,-1695812.509946335,446230.14550895465,65.00000000000001,0.7392787170067882,2009253.4067285834,-313440.8967822483,49,joint,PayAsNominated / FixedFlat
PayAsNominated,FixedEscalated,3541405.736417186,-3541405.736417186,446230.14550895465,71.1106958484534,0.7392787170067882,4046371.7102640304,-504965.9738468444,49,joint,PayAsNominated / FixedEscalated
PayAsNominated,IndexedWithFloorCap,573303.732216421,-573303.732216421,446230.14550895465,61.07949331019417,0.7392787170067882,702276.8961961466,-128973.16397972556,49,joint,PayAsNominated / IndexedWithFloorCap
PayAsNominated,Floating,0.0,-0.0,446230.14550895465,58.97288982692923,0.7392787170067882,0.0,0.0,49,joint,PayAsNominated / Floating
Baseload,FixedFlat,-1079948.0202955552,1079948.0202955552,446230.14550895465,65.0,0.7392787170067882,-747352.342595083,-332595.6777004722,49,joint,Baseload / FixedFlat
Baseload,FixedEscalated,780069.8413310163,-780069.8413310163,446230.14550895465,71.17379605473558,0.7392787170067882,1310801.6315680942,-530731.790237078,49,joint,Baseload / FixedEscalated
Baseload,IndexedWithFloorCap,-139891.561624518,139891.561624518,446230.14550895465,67.11453309834033,0.7392787170067882,-42431.956293931216,-97459.6053305868,49,joint,Baseload / IndexedWithFloorCap
Baseload,Floating,0.0,-0.0,446230.14550895465,67.24181523935152,0.7392787170067882,0.0,0.0,49,joint,Baseload / Floating
PayAsProduced,FixedFlat,4715304.081416067,-4715304.081416067,443966.69552120735,65.0,0.7380637263621213,5100785.895595047,-385481.81417897996,50,joint,PayAsProduced / FixedFlat
PayAsProduced,FixedEscalated,6557606.078189291,-6557606.078189291,443966.69552120735,71.13117016178245,0.7380637263621213,7134362.041470947,-576755.9632816557,50,joint,PayAsProduced / FixedEscalated
PayAsProduced,IndexedWithFloorCap,2917220.923876423,-2917220.923876423,443966.69552120735,59.11726837440982,0.7380637263621213,3149611.4230679167,-232390.49919149373,50,joint,PayAsProduced / IndexedWithFloorCap
PayAsProduced,Floating,0.0,-0.0,443966.69552120735,49.6212858327747,0.7380637263621213,0.0,0.0,50,joint,PayAsProduced / Floating
PayAsNominated,FixedFlat,1660284.9987094414,-1660284.9987094414,443966.6955212073,65.0,0.7380637263621213,1981402.3218127664,-321117.323103325,50,joint,PayAsNominated / FixedFlat
PayAsNominated,FixedEscalated,3502610.750686899,-3502610.750686899,443966.6955212073,71.13117016178246,0.7380637263621213,4014978.4676886713,-512367.7170017725,50,joint,PayAsNominated / FixedEscalated
PayAsNominated,IndexedWithFloorCap,595439.6098337603,-595439.6098337603,443966.6955212073,61.21328844863194,0.7380637263621213,725432.2412276763,-129992.63139391597,50,joint,PayAsNominated / IndexedWithFloorCap
PayAsNominated,Floating,0.0,-0.0,443966.6955212073,59.02613232918682,0.7380637263621213,0.0,0.0,50,joint,PayAsNominated / Floating
Baseload,FixedFlat,-1069733.8114665071,1069733.8114665071,443966.6955212073,64.99999999999997,0.7380637263621213,-740209.5365173827,-329524.27494912443,50,joint,Baseload / FixedFlat
Baseload,FixedEscalated,780849.3280811541,-780849.3280811541,443966.6955212073,71.17379605473559,0.7380637263621213,1307504.6934140772,-526655.365332923,50,joint,Baseload / FixedEscalated
Baseload,IndexedWithFloorCap,-119512.57669904534,119512.57669904534,443966.6955212073,67.16305031149602,0.7380637263621213,-22772.668885412117,-96739.90781363322,50,joint,Baseload / IndexedWithFloorCap
Baseload,Floating,0.0,-0.0,443966.6955212073,67.2317092148066,0.7380637263621213,0.0,0.0,50,joint,Baseload / Floating
PayAsProduced,FixedFlat,4736053.0516256755,-4736053.0516256755,443808.8090843735,65.0,0.7386201412697067,5099152.818626964,-363099.76700128894,51,joint,PayAsProduced / FixedFlat
PayAsProduced,FixedEscalated,6578356.399832965,-6578356.399832965,443808.8090843735,71.13213140391254,0.7386201412697067,7132324.48019116,-553968.0803581951,51,joint,PayAsProduced / FixedEscalated
PayAsProduced,IndexedWithFloorCap,2891906.2014322057,-2891906.2014322057,443808.8090843735,59.016970349536344,0.7386201412697067,3115417.387279292,-223511.18584708637,51,joint,PayAsProduced / IndexedWithFloorCap
PayAsProduced,Floating,0.0,-0.0,443808.8090843735,49.62074023381018,0.7386201412697067,0.0,0.0,51,joint,PayAsProduced / Floating
PayAsNominated,FixedFlat,1683393.0857240958,-1683393.0857240958,443808.8090843735,65.0,0.7386201412697067,1992483.6470807877,-309090.5613566919,51,joint,PayAsNominated / FixedFlat
PayAsNominated,FixedEscalated,3525720.2251877873,-3525720.2251877873,443808.8090843735,71.13213140391254,0.7386201412697067,4025655.308644984,-499935.0834571966,51,joint,PayAsNominated / FixedEscalated
PayAsNominated,IndexedWithFloorCap,583706.7135262603,-583706.7135262603,443808.8090843735,61.13010272019292,0.7386201412697067,709379.1334612784,-125672.41993501806,51,joint,PayAsNominated / IndexedWithFloorCap
PayAsNominated,Floating,0.0,-0.0,443808.8090843735,58.99058536225791,0.7386201412697067,0.0,0.0,51,joint,PayAsNominated / Floating
Baseload,FixedFlat,-1049369.5842312272,1049369.5842312272,443808.80908437347,65.0,0.7386201412697067,-722908.9220280794,-326460.6622031478,51,joint,Baseload / FixedFlat
Baseload,FixedEscalated,800555.4384330839,-800555.4384330839,443808.80908437347,71.17379605473562,0.7386201412697067,1324077.0859293467,-523521.6474962628,51,joint,Baseload / FixedEscalated
Baseload,IndexedWithFloorCap,-126000.66242364928,126000.66242364928,443808.80908437347,67.09034448849893,0.7386201412697067,-29833.56258433988,-96167.0998393094,51,joint,Baseload / IndexedWithFloorCap
Baseload,Floating,0.0,-0.0,443808.80908437347,67.18032377036305,0.7386201412697067,0.0,0.0,51,joint,Baseload / Floating
PayAsProduced,FixedFlat,4582012.165999151,-4582012.165999151,442790.8755573711,65.0,0.7434200763907385,4955163.100101376,-373150.9341022251,52,joint,PayAsProduced / FixedFlat
PayAsProduced,FixedEscalated,6414625.108709006,-6414625.108709006,442790.8755573711,71.11391446507187,0.7434200763907385,6977645.255508931,-563020.1467999257,52,joint,PayAsProduced / FixedEscalated
PayAsProduced,IndexedWithFloorCap,2804589.0926468773,-2804589.0926468773,442790.8755573711,59.19018981939175,0.7434200763907385,3033278.604707605,-228689.51206072792,52,joint,PayAsProduced / IndexedWithFloorCap
PayAsProduced,Floating,0.0,-0.0,442790.8755573711,50.020662222656156,0.7434200763907385,0.0,0.0,52,joint,PayAsProduced / Floating
PayAsNominated,FixedFlat,1564422.4821201959,-1564422.4821201959,442790.8755573712,65.0,0.7434200763907385,1883314.095280163,-318891.6131599671,52,joint,PayAsNominated / FixedFlat
PayAsNominated,FixedEscalated,3397059.1412899992,-3397059.1412899992,442790.8755573712,71.11391446507184,0.7434200763907385,3905796.250687708,-508737.1093977089,52,joint,PayAsNominated / FixedEscalated
PayAsNominated,IndexedWithFloorCap,547480.101084265,-547480.101084265,442790.8755573712,61.35183866791463,0.7434200763907385,676502.7739340466,-129022.67284978158,52,joint,PayAsNominated / IndexedWithFloorCap
PayAsNominated,Floating,0.0,-0.0,442790.8755573712,59.30678720273463,0.7434200763907385,0.0,0.0,52,joint,PayAsNominated / Floating
Baseload,FixedFlat,-1082989.6624816041,1082989.6624816041,442790.87555737083,65.00000000000006,0.7434200763907385,-755718.5907460164,-327271.0717355878,52,joint,Baseload / FixedFlat
Baseload,FixedEscalated,762692.3152848472,-762692.3152848472,442790.87555737083,71.17379605473563,0.7434200763907385,1286572.3871800988,-523880.07189525163,52,joint,Baseload / FixedEscalated
Baseload,IndexedWithFloorCap,-131856.8745244991,131856.8745244991,442790.87555737083,67.17826460861775,0.7434200763907385,-35148.925296285895,-96707.9492282132,52,joint,Baseload / IndexedWithFloorCap
Baseload,Floating,0.0,-0.0,442790.87555737083,67.28451895663567,0.7434200763907385,0.0,0.0,52,joint,Baseload / Floating
PayAsProduced,FixedFlat,4621412.731804281,-4621412.731804281,444947.4020588095,65.0,0.7435716057967399,4988469.615021661,-367056.8832173804,53,joint,PayAsProduced / FixedFlat
PayAsProduced,FixedEscalated,6457005.386816931,-6457005.386816931,444947.4020588095,71.08992916696975,0.7435716057967399,7012828.898569364,-555823.5117524331,53,joint,PayAsProduced / FixedEscalated
PayAsProduced,IndexedWithFloorCap,2856489.1539303698,-2856489.1539303698,444947.4020588095,59.26113740506293,0.7435716057967399,3080808.712481771,-224319.55855140137,53,joint,PayAsProduced / IndexedWithFloorCap
PayAsProduced,Floating,0.0,-0.0,444947.4020588095,49.99306577939928,0.7435716057967399,0.0,0.0,53,joint,PayAsProduced / Floating
PayAsNominated,FixedFlat,1629071.031378127,-1629071.031378127,444947.4020588094,65.0,0.7435716057967399,1945819.559043649,-316748.52766552195,53,joint,PayAsNominated / FixedFlat
PayAsNominated,FixedEscalated,3464687.387702097,-3464687.387702097,444947.4020588094,71.08992916696975,0.7435716057967399,3970178.8425913523,-505491.4548892551,53,joint,PayAsNominated / FixedEscalated
PayAsNominated,IndexedWithFloorCap,571394.2974396418,-571394.2974396418,444947.4020588094,61.246637396839034,0.7435716057967399,698160.6418529274,-126766.34441328561,53,joint,PayAsNominated / IndexedWithFloorCap
PayAsNominated,Floating,0.0,-0.0,444947.4020588094,59.14634379253415,0.7435716057967399,0.0,0.0,53,joint,PayAsNominated / Floating
Baseload,FixedFlat,-1067088.8122598957,1067088.8122598957,444947.4020588096,64.99999999999996,0.7435716057967399,-742504.3830362814,-324584.4292236143,53,joint,Baseload / FixedFlat
Baseload,FixedEscalated,787582.1991971673,-787582.1991971673,444947.4020588096,71.17379605473558,0.7435716057967399,1309733.1743264792,-522150.9751293119,53,joint,Baseload / FixedEscalated
Baseload,IndexedWithFloorCap,-129314.29445940239,129314.29445940239,444947.4020588096,67.12856999156647,0.7435716057967399,-34944.35976382693,-94369.93469557546,53,joint,Baseload / IndexedWithFloorCap
Baseload,Floating,0.0,-0.0,444947.4020588096,67.23369395719665,0.7435716057967399,0.0,0.0,53,joint,Baseload / Floating
PayAsProduced,FixedFlat,4671083.802147561,-4671083.802147561,446061.4243946875,65.0,0.7420956949882906,5044238.678799031,-373154.87665147055,54,joint,PayAsProduced / FixedFlat
PayAsProduced,FixedEscalated,6521788.6387879765,-6521788.6387879765,446061.4243946875,71.13465477697464,0.7420956949882906,7088570.891958601,-566782.2531706244,54,joint,PayAsProduced / FixedEscalated
PayAsProduced,IndexedWithFloorCap,2866880.7151582753,-2866880.7151582753,446061.4243946875,59.14079795911501,0.7420956949882906,3091699.2269378784,-224818.51177960308,54,joint,PayAsProduced / IndexedWithFloorCap
PayAsProduced,Floating,0.0,-0.0,446061.4243946875,49.863192631852655,0.7420956949882906,0.0,0.0,54,joint,PayAsProduced / Floating
PayAsNominated,FixedFlat,1672407.026160603,-1672407.026160603,446061.42439468746,65.0,0.7420956949882906,1988397.065349414,-315990.0391888111,54,joint,PayAsNominated / FixedFlat
PayAsNominated,FixedEscalated,3523135.789884392,-3523135.789884392,446061.42439468746,71.13465477697466,0.7420956949882906,4032729.2785089877,-509593.4886245956,54,joint,PayAsNominated / FixedEscalated
PayAsNominated,IndexedWithFloorCap,580225.7525255277,-580225.7525255277,446061.42439468746,61.15198697308765,0.7420956949882906,706072.7498719484,-125846.99734642066,54,joint,PayAsNominated / IndexedWithFloorCap
PayAsNominated,Floating,0.0,-0.0,446061.42439468746,59.03319603489708,0.7420956949882906,0.0,0.0,54,joint,PayAsNominated / Floating
Baseload,FixedFlat,-1059421.6799925356,1059421.6799925356,446061.42439468746,65.0,0.7420956949882906,-730603.3052851368,-328818.3747073988,54,joint,Baseload / FixedFlat
Baseload,FixedEscalated,799892.902643746,-799892.902643746,446061.42439468746,71.1737960547356,0.7420956949882906,1326772.4739592415,-526879.5713154955,54,joint,Baseload / FixedEscalated
Baseload,IndexedWithFloorCap,-125087.21358574585,125087.21358574585,446061.42439468746,67.10189340538314,0.7420956949882906,-30161.543936098107,-94925.66964964774,54,joint,Baseload / IndexedWithFloorCap
Baseload,Floating,0.0,-0.0,446061.42439468746,67.1924025009193,0.7420956949882906,0.0,0.0,54,joint,Baseload / Floating
PayAsProduced,FixedFlat,4691642.76165297,-4691642.76165297,447683.0283164981,65.0,0.7430702549997273,5059511.289899284,-367868.52824631426,55,joint,PayAsProduced / FixedFlat
PayAsProduced,FixedEscalated,6542840.049294555,-6542840.049294555,447683.0283164981,71.10594719692325,0.7430702549997273,7101674.047561841,-558833.9982672865,55,joint,PayAsProduced / FixedEscalated
PayAsProduced,IndexedWithFloorCap,2848106.783445333,-2848106.783445333,447683.0283164981,59.05379040092729,0.7430702549997273,3070773.5231199157,-222666.7396745826,55,joint,PayAsProduced / IndexedWithFloorCap
PayAsProduced,Floating,0.0,-0.0,447683.0283164981,49.87235717993306,0.7430702549997273,0.0,0.0,55,joint,PayAsProduced / Floating
PayAsNominated,FixedFlat,1657396.1211303163,-1657396.1211303163,447683.02831649804,65.0,0.7430702549997273,1967739.674736943,-310343.5536066268,55,joint,PayAsNominated / FixedFlat
PayAsNominated,FixedEscalated,3508617.3614844033,-3508617.3614844033,447683.02831649804,71.10594719692325,0.7430702549997273,4009902.4323995,-501285.0709150969,55,joint,PayAsNominated / FixedEscalated
PayAsNominated,IndexedWithFloorCap,560649.7075741442,-560649.7075741442,447683.02831649804,61.16728807556752,0.7430702549997273,685871.1454988937,-125221.43792474945,55,joint,PayAsNominated / IndexedWithFloorCap
PayAsNominated,Floating,0.0,-0.0,447683.02831649804,59.11657346793118,0.7430702549997273,0.0,0.0,55,joint,PayAsNominated / Floating
Baseload,FixedFlat,-1032567.4235654616,1032567.4235654616,447683.02831649804,65.00000000000003,0.7430702549997273,-707910.472094116,-324656.9514713456,55,joint,Baseload / FixedFlat
Baseload,FixedEscalated,833506.47887341,-833506.47887341,447683.02831649804,71.1737960547356,0.7430702549997273,1356944.6551723063,-523438.1762988963,55,joint,Baseload / FixedEscalated
Baseload,IndexedWithFloorCap,-141161.46709654637,141161.46709654637,447683.02831649804,66.97848359921505,0.7430702549997273,-46197.32708051021,-94964.14001603617,55,joint,Baseload / IndexedWithFloorCap
Baseload,Floating,0.0,-0.0,447683.02831649804,67.1166109050501,0.7430702549997273,0.0,0.0,55,joint,Baseload / Floating
PayAsProduced,FixedFlat,4704119.047140382,-4704119.047140382,445270.1136786365,65.00000000000001,0.7395440756395978,5096942.424121176,-392823.37698079366,56,joint,PayAsProduced / FixedFlat
PayAsProduced,FixedEscalated,6552685.191408302,-6552685.191408302,445270.1136786365,71.1353366037177,0.7395440756395978,7137874.813324179,-585189.6219158769,56,joint,PayAsProduced / FixedEscalated
PayAsProduced,IndexedWithFloorCap,2886891.5768729765,-2886891.5768729765,445270.1136786365,59.07680953157978,0.7395440756395978,3126580.8848549896,-239689.3079820131,56,joint,PayAsProduced / IndexedWithFloorCap
PayAsProduced,Floating,0.0,-0.0,445270.1136786365,49.677857244470545,0.7395440756395978,0.0,0.0,56,joint,PayAsProduced / Floating
PayAsNominated,FixedFlat,1677922.2867979878,-1677922.2867979878,445270.11367863655,65.0,0.7395440756395978,2003975.8149367922,-326053.5281388045,56,joint,PayAsNominated / FixedFlat
PayAsNominated,FixedEscalated,3526512.2470842646,-3526512.2470842646,445270.11367863655,71.13533660371769,0.7395440756395978,4044908.204139794,-518395.9570555296,56,joint,PayAsNominated / FixedEscalated
PayAsNominated,IndexedWithFloorCap,589992.1165792271,-589992.1165792271,445270.11367863655,61.14896950197663,0.7395440756395978,722922.5683289526,-132930.4517497255,56,joint,PayAsNominated / IndexedWithFloorCap
PayAsNominated,Floating,0.0,-0.0,445270.11367863655,58.97576017932275,0.7395440756395978,0.0,0.0,56,joint,PayAsNominated / Floating
Baseload,FixedFlat,-1049187.0388989572,1049187.0388989572,445270.1136786364,65.00000000000003,0.7395440756395978,-723061.2205129807,-326125.8183859765,56,joint,Baseload / FixedFlat
Baseload,FixedEscalated,806829.129049826,-806829.129049826,445270.1136786364,71.17379605473562,0.7395440756395978,1330664.7844805275,-523835.65543070156,56,joint,Baseload / FixedEscalated
Baseload,IndexedWithFloorCap,-122555.69357887999,122555.69357887999,445270.1136786364,67.09658923999142,0.7395440756395978,-25626.480883522898,-96929.2126953571,56,joint,Baseload / IndexedWithFloorCap
Baseload,Floating,0.0,-0.0,445270.1136786364,67.17362613108145,0.7395440756395978,0.0,0.0,56,joint,Baseload / Floating
PayAsProduced,FixedFlat,4751717.462271069,-4751717.462271069,447080.9028896841,64.99999999999999,0.7390675248814604,5130625.422785116,-378907.9605140472,57,joint,PayAsProduced / FixedFlat
PayAsProduced,FixedEscalated,6598325.343545636,-6598325.343545636,447080.9028896841,71.0988553198081,0.7390675248814604,7167672.787676653,-569347.4441310167,57,joint,PayAsProduced / FixedEscalated
PayAsProduced,IndexedWithFloorCap,2914140.961111479,-2914140.961111479,447080.9028896841,59.05972009569398,0.7390675248814604,3146543.018586451,-232402.0574749722,57,joint,PayAsProduced / IndexedWithFloorCap
PayAsProduced,Floating,0.0,-0.0,447080.9028896841,49.63906991413434,0.7390675248814604,0.0,0.0,57,joint,PayAsProduced / Floating
PayAsNominated,FixedFlat,1698123.583647395,-1698123.583647395,447080.902889684,64.99999999999999,0.7390675248814604,2017192.0710021656,-319068.48735477054,57,joint,PayAsNominated / FixedFlat
PayAsNominated,FixedEscalated,3544755.379065629,-3544755.379065629,447080.902889684,71.09885531980811,0.7390675248814604,4054239.4358937065,-509484.0568280774,57,joint,PayAsNominated / FixedEscalated
PayAsNominated,IndexedWithFloorCap,592731.1407988202,-592731.1407988202,447080.902889684,61.127000415483145,0.7390675248814604,723591.3567431702,-130860.21594435,57,joint,PayAsNominated / IndexedWithFloorCap
PayAsNominated,Floating,0.0,-0.0,447080.902889684,58.960590801499905,0.7390675248814604,0.0,0.0,57,joint,PayAsNominated / Floating
Baseload,FixedFlat,-1050305.516529451,1050305.516529451,447080.902889684,65.00000000000001,0.7390675248814604,-722939.5895510347,-327365.92697841616,57,joint,Baseload / FixedFlat
Baseload,FixedEscalated,813258.550883515,-813258.550883515,447080.902889684,71.1737960547356,0.7390675248814604,1339138.345603621,-525879.7947201061,57,joint,Baseload / FixedEscalated
Baseload,IndexedWithFloorCap,-128672.49653759983,128672.49653759983,447080.902889684,67.0702609215564,0.7390675248814604,-31462.364112107578,-97210.13242549225,57,joint,Baseload / IndexedWithFloorCap
Baseload,Floating,0.0,-0.0,447080.902889684,67.16445824364423,0.7390675248814604,0.0,0.0,57,joint,Baseload / Floating
PayAsProduced,FixedFlat,4626699.529414527,-4626699.529414527,444534.3622945682,65.0,0.7425326623765721,5002189.888987778,-375490.35957325064,58,joint,PayAsProduced / FixedFlat
PayAsProduced,FixedEscalated,6464987.922017366,-6464987.922017366,444534.3622945682,71.10835938689677,0.7425326623765721,7030790.702420505,-565802.7804031391,58,joint,PayAsProduced / FixedEscalated
PayAsProduced,IndexedWithFloorCap,2819419.290424846,-2819419.290424846,444534.3622945682,59.12095640395049,0.7425326623765721,3049745.4000901803,-230326.10966533422,58,joint,PayAsProduced / IndexedWithFloorCap
PayAsProduced,Floating,0.0,-0.0,444534.3622945682,49.93780868019361,0.7425326623765721,0.0,0.0,58,joint,PayAsProduced / Floating
PayAsNominated,FixedFlat,1608853.4243929423,-1608853.4243929423,444534.3622945682,65.0,0.7425326623765721,1925442.6010142064,-316589.1766212641,58,joint,PayAsNominated / FixedFlat
PayAsNominated,FixedEscalated,3447165.5199721046,-3447165.5199721046,444534.3622945682,71.10835938689677,0.7425326623765721,3954043.4144469323,-506877.8944748277,58,joint,PayAsNominated / FixedEscalated
PayAsNominated,IndexedWithFloorCap,550753.2288961317,-550753.2288961317,444534.3622945682,61.24656135684363,0.7425326623765721,678916.6187659507,-128163.38986981893,58,joint,PayAsNominated / IndexedWithFloorCap
PayAsNominated,Floating,0.0,-0.0,444534.3622945682,59.202262314026186,0.7425326623765721,0.0,0.0,58,joint,PayAsNominated / Floating
Baseload,FixedFlat,-1072596.9505406902,1072596.9505406902,444534.3622945681,65.00000000000004,0.7425326623765721,-748342.7872874322,-324254.163253258,58,joint,Baseload / FixedFlat
Baseload,FixedEscalated,780352.3902789608,-780352.3902789608,444534.3622945681,71.1737960547356,0.7425326623765721,1301989.7005930778,-521637.310314117,58,joint,Baseload / FixedEscalated
Baseload,IndexedWithFloorCap,-136905.53403049443,136905.53403049443,444534.3622945681,67.12966099854559,0.7425326623765721,-41077.258141764796,-95828.27588872964,58,joint,Baseload / IndexedWithFloorCap
Baseload,Floating,0.0,-0.0,444534.3622945681,67.2533495299199,0.7425326623765721,0.0,0.0,58,joint,Baseload / Floating
PayAsProduced,FixedFlat,4576545.236037282,-4576545.236037282,443550.877789204,65.0,0.7448962853179505,4946872.706485878,-370327.4704485955,59,joint,PayAsProduced / FixedFlat
PayAsProduced,FixedEscalated,6404941.68463326,-6404941.68463326,443550.877789204,71.09021720848955,0.7448962853179505,6964973.727426193,-560032.0427929331,59,joint,PayAsProduced / FixedEscalated
PayAsProduced,IndexedWithFloorCap,2783690.381841488,-2783690.381841488,443550.877789204,59.15130706174497,0.7448962853179505,3008805.0176347205,-225114.63579323236,59,joint,PayAsProduced / IndexedWithFloorCap
PayAsProduced,Floating,0.0,-0.0,443550.877789204,50.07134728507797,0.7448962853179505,0.0,0.0,59,joint,PayAsProduced / Floating
PayAsNominated,FixedFlat,1624818.398674442,-1624818.398674442,443550.87778920395,64.99999999999999,0.7448962853179505,1939481.9071674657,-314663.5084930237,59,joint,PayAsNominated / FixedFlat
PayAsNominated,FixedEscalated,3453238.5347330295,-3453238.5347330295,443550.87778920395,71.09021720848958,0.7448962853179505,3957582.928107795,-504344.3933747653,59,joint,PayAsNominated / FixedEscalated
PayAsNominated,IndexedWithFloorCap,547879.953801883,-547879.953801883,443550.87778920395,61.18374667596895,0.7448962853179505,674898.9759284667,-127019.02212658362,59,joint,PayAsNominated / IndexedWithFloorCap
PayAsNominated,Floating,0.0,-0.0,443550.87778920395,59.14703923935293,0.7448962853179505,0.0,0.0,59,joint,PayAsNominated / Floating
Baseload,FixedFlat,-1062789.4664056827,1062789.4664056827,443550.8777892041,64.99999999999996,0.7448962853179505,-735377.7391201709,-327411.7272855118,59,joint,Baseload / FixedFlat
Baseload,FixedEscalated,786060.4231218018,-786060.4231218018,443550.8777892041,71.17379605473556,0.7448962853179505,1310418.6084667966,-524358.1853449948,59,joint,Baseload / FixedEscalated
Baseload,IndexedWithFloorCap,-136209.7936613024,136209.7936613024,443550.8777892041,67.09614593678134,0.7448962853179505,-40782.76652024365,-95427.02714105874,59,joint,Baseload / IndexedWithFloorCap
Baseload,Floating,0.0,-0.0,443550.8777892041,67.21922000685721,0.7448962853179505,0.0,0.0,59,joint,Baseload / Floating
PayAsProduced,FixedFlat,4625828.900526803,-4625828.900526803,444810.4930756617,65.00000000000001,0.7430930841355077,5011064.896953131,-385235.9964263281,60,joint,PayAsProduced / FixedFlat
PayAsProduced,FixedEscalated,6464258.722685695,-6464258.722685695,444810.4930756617,71.10640773817278,0.7430930841355077,7040277.263649751,-576018.5409640567,60,joint,PayAsProduced / FixedEscalated
PayAsProduced,IndexedWithFloorCap,2855764.851991614,-2855764.851991614,444810.4930756617,59.22263143703073,0.7430930841355077,3091195.1080992315,-235430.25610761764,60,joint,PayAsProduced / IndexedWithFloorCap
PayAsProduced,Floating,0.0,-0.0,444810.4930756617,49.920451912554654,0.7430930841355077,0.0,0.0,60,joint,PayAsProduced / Floating
PayAsNominated,FixedFlat,1622128.7771592264,-1622128.7771592264,444810.49307566177,65.0,0.7430930841355077,1944155.663169649,-322026.8860104226,60,joint,PayAsNominated / FixedFlat
PayAsNominated,FixedEscalated,3460582.2748231357,-3460582.2748231357,444810.49307566177,71.10640773817276,0.7430930841355077,3973368.0298662703,-512785.75504313456,60,joint,PayAsNominated / FixedEscalated
PayAsNominated,IndexedWithFloorCap,570320.6823969798,-570320.6823969798,444810.49307566177,61.25879796415538,0.7430930841355077,700921.7091071308,-130601.026710151,60,joint,PayAsNominated / IndexedWithFloorCap
PayAsNominated,Floating,0.0,-0.0,444810.49307566177,59.14954916467526,0.7430930841355077,0.0,0.0,60,joint,PayAsNominated / Floating
Baseload,FixedFlat,-1049995.5097996609,1049995.5097996609,444810.4930756617,64.99999999999999,0.7430930841355077,-724190.8001305636,-325804.7096690973,60,joint,Baseload / FixedFlat
Baseload,FixedEscalated,804104.8249412843,-804104.8249412843,444810.4930756617,71.17379605473559,0.7430930841355077,1327415.2898815433,-523310.464940259,60,joint,Baseload / FixedEscalated
Baseload,IndexedWithFloorCap,-125025.41094883735,125025.41094883735,444810.4930756617,67.09612044020936,0.7430930841355077,-27631.7589173726,-97393.65203146475,60,joint,Baseload / IndexedWithFloorCap
Baseload,Floating,0.0,-0.0,444810.4930756617,67.17927131650086,0.7430930841355077,0.0,0.0,60,joint,Baseload / Floating
PayAsProduced,FixedFlat,4777501.229098076,-4777501.229098076,446538.42136058473,64.99999999999999,0.7388719136008837,5150389.29159046,-372888.06249238364,61,joint,PayAsProduced / FixedFlat
PayAsProduced,FixedEscalated,6627152.620734721,-6627152.620734721,446538.42136058473,71.12030315802731,0.7388719136008837,7192119.922605428,-564967.3018707065,61,joint,PayAsProduced / FixedEscalated
PayAsProduced,IndexedWithFloorCap,2886457.678425519,-2886457.678425519,446538.42136058473,58.901811630790725,0.7388719136008837,3116036.145082783,-229578.46665726416,61,joint,PayAsProduced / IndexedWithFloorCap
PayAsProduced,Floating,0.0,-0.0,446538.42136058473,49.56116425567788,0.7388719136008837,0.0,0.0,61,joint,PayAsProduced / Floating
PayAsNominated,FixedFlat,1725222.6987242915,-1725222.6987242915,446538.4213605846,65.0,0.7388719136008837,2039435.4187141424,-314212.7199898509,61,joint,PayAsNominated / FixedFlat
PayAsNominated,FixedEscalated,3574898.0398342013,-3574898.0398342013,446538.4213605846,71.12030315802734,0.7388719136008837,4081166.0497291144,-506268.00989491306,61,joint,PayAsNominated / FixedEscalated
PayAsNominated,IndexedWithFloorCap,583249.2118755886,-583249.2118755886,446538.4213605846,61.016722361467856,0.7388719136008837,710615.6272041134,-127366.41532852477,61,joint,PayAsNominated / IndexedWithFloorCap
PayAsNominated,Floating,0.0,-0.0,446538.4213605846,58.886576983201735,0.7388719136008837,0.0,0.0,61,joint,PayAsNominated / Floating
Baseload,FixedFlat,-1017772.2774270646,1017772.2774270646,446538.4213605847,65.00000000000001,0.7388719136008837,-692819.9385022247,-324952.33892483986,61,joint,Baseload / FixedFlat
Baseload,FixedEscalated,843530.5681839173,-843530.5681839173,446538.4213605847,71.1737960547356,0.7388719136008837,1366755.900982152,-523225.33279823465,61,joint,Baseload / FixedEscalated
Baseload,IndexedWithFloorCap,-124240.35720625773,124240.35720625773,446538.4213605847,66.99119115860755,0.7388719136008837,-28559.382159856268,-95680.97504640147,61,joint,Baseload / IndexedWithFloorCap
Baseload,Floating,0.0,-0.0,446538.4213605847,67.07680092228993,0.7388719136008837,0.0,0.0,61,joint,Baseload / Floating
PayAsProduced,FixedFlat,4744741.431034378,-4744741.431034378,444305.3269033541,65.00000000000001,0.7371039961609254,5122384.5503591485,-377643.11932477076,62,joint,PayAsProduced / FixedFlat
PayAsProduced,FixedEscalated,6581232.719953237,-6581232.719953237,444305.3269033541,71.10534849717924,0.7371039961609254,7148940.768626175,-567708.0486729378,62,joint,PayAsProduced / FixedEscalated
PayAsProduced,IndexedWithFloorCap,2898288.9526425954,-2898288.9526425954,444305.3269033541,58.995081934311344,0.7371039961609254,3129164.3350302773,-230875.38238768186,62,joint,PayAsProduced / IndexedWithFloorCap
PayAsProduced,Floating,0.0,-0.0,444305.3269033541,49.56793720568352,0.7371039961609254,0.0,0.0,62,joint,PayAsProduced / Floating
PayAsNominated,FixedFlat,1682071.379722134,-1682071.379722134,444305.3269033541,65.00000000000001,0.7371039961609254,1999527.9400800446,-317456.5603579106,62,joint,PayAsNominated / FixedFlat
PayAsNominated,FixedEscalated,3518586.494172126,-3518586.494172126,444305.3269033541,71.10534849717924,0.7371039961609254,4026084.1583470698,-507497.6641749437,62,joint,PayAsNominated / FixedEscalated
PayAsNominated,IndexedWithFloorCap,587331.019937638,-587331.019937638,444305.3269033541,61.137238470973,0.7371039961609254,717356.5128553656,-130025.49291772768,62,joint,PayAsNominated / IndexedWithFloorCap
PayAsNominated,Floating,0.0,-0.0,444305.3269033541,58.97607883068014,0.7371039961609254,0.0,0.0,62,joint,PayAsNominated / Floating
Baseload,FixedFlat,-1073370.1779283271,1073370.1779283271,444305.32690335397,64.99999999999999,0.7371039961609254,-745806.7332465702,-327563.4446817569,62,joint,Baseload / FixedFlat
Baseload,FixedEscalated,778624.4763402459,-778624.4763402459,444305.32690335397,71.17379605473559,0.7371039961609254,1303469.3712734936,-524844.8949332477,62,joint,Baseload / FixedEscalated
Baseload,IndexedWithFloorCap,-131573.4833457679,131573.4833457679,444305.32690335397,67.14212204247553,0.7371039961609254,-34769.394842159425,-96804.08850360847,62,joint,Baseload / IndexedWithFloorCap
Baseload,Floating,0.0,-0.0,444305.32690335397,67.24687081314075,0.7371039961609254,0.0,0.0,62,joint,Baseload / Floating
PayAsProduced,FixedFlat,4639400.274270453,-4639400.274270453,444885.8966695695,65.0,0.7410031898379053,5024170.683596539,-384770.40932608675,63,joint,PayAsProduced / FixedFlat
PayAsProduced,FixedEscalated,6489115.6457575,-6489115.6457575,444885.8966695695,71.14583981498374,0.7410031898379053,7066832.88243094,-577717.2366734399,63,joint,PayAsProduced / FixedEscalated
PayAsProduced,IndexedWithFloorCap,2836292.8410184444,-2836292.8410184444,444885.8966695695,59.13080472816298,0.7410031898379053,3073455.4550398067,-237162.61402136227,63,joint,PayAsProduced / IndexedWithFloorCap
PayAsProduced,Floating,0.0,-0.0,444885.8966695695,49.88357583444713,0.7410031898379053,0.0,0.0,63,joint,PayAsProduced / Floating
PayAsNominated,FixedFlat,1616330.094516798,-1616330.094516798,444885.8966695694,65.0,0.7410031898379053,1939887.1530617531,-323557.0585449552,63,joint,PayAsNominated / FixedFlat
PayAsNominated,FixedEscalated,3466069.420820665,-3466069.420820665,444885.8966695694,71.14583981498374,0.7410031898379053,3982549.351896154,-516479.93107548915,63,joint,PayAsNominated / FixedEscalated
PayAsNominated,IndexedWithFloorCap,559712.9969325112,-559712.9969325112,444885.8966695694,61.23932024042563,0.7410031898379053,689968.7337635873,-130255.7368310761,63,joint,PayAsNominated / IndexedWithFloorCap
PayAsNominated,Floating,0.0,-0.0,444885.8966695694,59.16338359388765,0.7410031898379053,0.0,0.0,63,joint,PayAsNominated / Floating
Baseload,FixedFlat,-1100413.8511920946,1100413.8511920946,444885.8966695695,64.99999999999999,0.7410031898379053,-770746.4613533164,-329667.3898387782,63,joint,Baseload / FixedFlat
Baseload,FixedEscalated,754000.7877994945,-754000.7877994945,444885.8966695695,71.17379605473559,0.7410031898379053,1281207.4137827433,-527206.6259832488,63,joint,Baseload / FixedEscalated
Baseload,IndexedWithFloorCap,-139453.41063420163,139453.41063420163,444885.8966695695,67.19165423560345,0.7410031898379053,-42317.24829964954,-97136.1623345521,63,joint,Baseload / IndexedWithFloorCap
Baseload,Floating,0.0,-0.0,444885.8966695695,67.31897584052126,0.7410031898379053,0.0,0.0,63,joint,Baseload / Floating
PayAsProduced,FixedFlat,4707048.250960092,-4707048.250960092,449041.14528794796,65.0,0.7402842323146761,5100727.633237238,-393679.382277146,64,joint,PayAsProduced / FixedFlat
PayAsProduced,FixedEscalated,6562954.967349036,-6562954.967349036,449041.14528794796,71.10413565997716,0.7402842323146761,7148477.898167731,-585522.9308186956,64,joint,PayAsProduced / FixedEscalated
PayAsProduced,IndexedWithFloorCap,2902617.519106215,-2902617.519106215,449041.14528794796,59.15484207999759,0.7402842323146761,3139856.455729645,-237238.93662343035,64,joint,PayAsProduced / IndexedWithFloorCap
PayAsProduced,Floating,0.0,-0.0,449041.14528794796,49.795248731694755,0.7402842323146761,0.0,0.0,64,joint,PayAsProduced / Floating
PayAsNominated,FixedFlat,1657742.9587986474,-1657742.9587986474,449041.145287948,65.0,0.7402842323146761,1988098.355204931,-330355.3964062836,64,joint,PayAsNominated / FixedFlat
PayAsNominated,FixedEscalated,3513673.6509432495,-3513673.6509432495,449041.145287948,71.10413565997716,0.7402842323146761,4035848.620135425,-522174.96919217566,64,joint,PayAsNominated / FixedEscalated
PayAsNominated,IndexedWithFloorCap,581170.094071548,-581170.094071548,449041.145287948,61.20003999347917,0.7402842323146761,713328.3396729659,-132158.24560141796,64,joint,PayAsNominated / IndexedWithFloorCap
PayAsNominated,Floating,0.0,-0.0,449041.145287948,59.07368062728085,0.7402842323146761,0.0,0.0,64,joint,PayAsNominated / Floating
Baseload,FixedFlat,-1092233.08684505,1092233.08684505,449041.14528794796,65.0,0.7402842323146761,-759851.5440743298,-332381.5427707203,64,joint,Baseload / FixedFlat
Baseload,FixedEscalated,779501.8446625634,-779501.8446625634,449041.14528794796,71.17379605473559,0.7402842323146761,1311267.646412165,-531765.8017496015,64,joint,Baseload / FixedEscalated
Baseload,IndexedWithFloorCap,-130532.63512735796,130532.63512735796,449041.14528794796,67.1661553719865,0.7402842323146761,-33172.8652320944,-97359.76989526357,64,joint,Baseload / IndexedWithFloorCap
Baseload,Floating,0.0,-0.0,449041.14528794796,67.26504031566088,0.7402842323146761,0.0,0.0,64,joint,Baseload / Floating
PayAsProduced,FixedFlat,4659918.88757534,-4659918.88757534,444773.3812196994,65.0,0.7402775754131232,5043809.928592599,-383891.04101725854,65,joint,PayAsProduced / FixedFlat
PayAsProduced,FixedEscalated,6505051.389764668,-6505051.389764668,444773.3812196994,71.12926826471183,0.7402775754131232,7080449.109942701,-575397.7201780323,65,joint,PayAsProduced / FixedEscalated
PayAsProduced,IndexedWithFloorCap,2876029.841368702,-2876029.841368702,444773.3812196994,59.1711482767572,0.7402775754131232,3106993.445916672,-230963.60454797,65,joint,PayAsProduced / IndexedWithFloorCap
PayAsProduced,Floating,0.0,-0.0,444773.3812196994,49.82064746094722,0.7402775754131232,0.0,0.0,65,joint,PayAsProduced / Floating
PayAsNominated,FixedFlat,1619471.641240302,-1619471.641240302,444773.3812196994,65.0,0.7402775754131232,1940908.788455639,-321437.147215337,65,joint,PayAsNominated / FixedFlat
PayAsNominated,FixedEscalated,3464628.06797139,-3464628.06797139,444773.3812196994,71.12926826471184,0.7402775754131232,3977547.9698057454,-512919.9018343552,65,joint,PayAsNominated / FixedEscalated
PayAsNominated,IndexedWithFloorCap,568534.7743552757,-568534.7743552757,444773.3812196994,61.25198970407369,0.7402775754131232,695516.3058431963,-126981.53148792067,65,joint,PayAsNominated / IndexedWithFloorCap
PayAsNominated,Floating,0.0,-0.0,444773.3812196994,59.15883247719154,0.7402775754131232,0.0,0.0,65,joint,PayAsNominated / Floating
Baseload,FixedFlat,-1093269.9965371431,1093269.9965371431,444773.38121969934,65.00000000000003,0.7402775754131232,-764231.2464311674,-329038.7501059758,65,joint,Baseload / FixedFlat
Baseload,FixedEscalated,760675.645125213,-760675.645125213,444773.38121969934,71.17379605473559,0.7402775754131232,1287203.672012607,-526528.0268873941,65,joint,Baseload / FixedEscalated
Baseload,IndexedWithFloorCap,-132132.30839485873,132132.30839485873,444773.38121969934,67.18789073536587,0.7402775754131232,-37236.79885358883,-94895.5095412699,65,joint,Baseload / IndexedWithFloorCap
Baseload,Floating,0.0,-0.0,444773.38121969934,67.29995492993835,0.7402775754131232,0.0,0.0,65,joint,Baseload / Floating
PayAsProduced,FixedFlat,4700767.426361838,-4700767.426361838,448739.4863853935,65.0,0.7412829426897699,5077197.962965348,-376430.53660350945,66,joint,PayAsProduced / FixedFlat
PayAsProduced,FixedEscalated,6551798.616811114,-6551798.616811114,448739.4863853935,71.0872421456472,0.7412829426897699,7117909.132249473,-566110.5154383583,66,joint,PayAsProduced / FixedEscalated
PayAsProduced,IndexedWithFloorCap,2885271.769945108,-2885271.769945108,448739.4863853935,59.14623489519711,0.7412829426897699,3114758.5616875403,-229486.7917424324,66,joint,PayAsProduced / IndexedWithFloorCap
PayAsProduced,Floating,0.0,-0.0,448739.4863853935,49.85521425709719,0.7412829426897699,0.0,0.0,66,joint,PayAsProduced / Floating
PayAsNominated,FixedFlat,1640233.955709445,-1640233.955709445,448739.4863853934,65.00000000000001,0.7412829426897699,1962886.18710502,-322652.231395575,66,joint,PayAsNominated / FixedFlat
PayAsNominated,FixedEscalated,3491289.0835930356,-3491289.0835930356,448739.4863853934,71.08724214564722,0.7412829426897699,4003597.35638915,-512308.27279611444,66,joint,PayAsNominated / FixedEscalated
PayAsNominated,IndexedWithFloorCap,572946.9408238044,-572946.9408238044,448739.4863853934,61.240252705585696,0.7412829426897699,702453.6112654855,-129506.67044168117,66,joint,PayAsNominated / IndexedWithFloorCap
PayAsNominated,Floating,0.0,-0.0,448739.4863853934,59.1449021767025,0.7412829426897699,0.0,0.0,66,joint,PayAsNominated / Floating
Baseload,FixedFlat,-1088634.2419427251,1088634.2419427251,448739.48638539336,64.99999999999999,0.7412829426897699,-756079.125271,-332555.1166717252,66,joint,Baseload / FixedFlat
Baseload,FixedEscalated,781843.2869610591,-781843.2869610591,448739.48638539336,71.17379605473559,0.7412829426897699,1313648.7193474916,-531805.4323864325,66,joint,Baseload / FixedEscalated
Baseload,IndexedWithFloorCap,-134150.62459954224,134150.62459954224,448739.48638539336,67.14617486264687,0.7412829426897699,-36586.96303261508,-97563.66156692716,66,joint,Baseload / IndexedWithFloorCap
Baseload,Floating,0.0,-0.0,448739.48638539336,67.25531020071213,0.7412829426897699,0.0,0.0,66,joint,Baseload / Floating
PayAsProduced,FixedFlat,4723059.655040294,-4723059.655040294,443999.25809751474,65.0,0.7385200248549764,5113652.29883524,-390592.6437949464,67,joint,PayAsProduced / FixedFlat
PayAsProduced,FixedEscalated,6566031.418247708,-6566031.418247708,443999.25809751474,71.13632128945683,0.7385200248549764,7149086.2392385965,-583054.8209908884,67,joint,PayAsProduced / FixedEscalated
PayAsProduced,IndexedWithFloorCap,2855608.2245648587,-2855608.2245648587,443999.25809751474,58.9068173519497,0.7385200248549764,3092527.5594531223,-236919.3348882636,67,joint,PayAsProduced / IndexedWithFloorCap
PayAsProduced,Floating,0.0,-0.0,443999.25809751474,49.58362472721455,0.7385200248549764,0.0,0.0,67,joint,PayAsProduced / Floating
PayAsNominated,FixedFlat,1690790.3891223874,-1690790.3891223874,443999.2580975147,65.00000000000001,0.7385200248549764,2012140.334673319,-321349.9455509316,67,joint,PayAsNominated / FixedFlat
PayAsNominated,FixedEscalated,3533785.9441133835,-3533785.9441133835,443999.2580975147,71.13632128945683,0.7385200248549764,4047574.27507667,-513788.3309632866,67,joint,PayAsNominated / FixedEscalated
PayAsNominated,IndexedWithFloorCap,574256.6862779254,-574256.6862779254,443999.2580975147,61.05840343365324,0.7385200248549764,704702.3678406354,-130445.68156270997,67,joint,PayAsNominated / IndexedWithFloorCap
PayAsNominated,Floating,0.0,-0.0,443999.2580975147,58.933903071998564,0.7385200248549764,0.0,0.0,67,joint,PayAsNominated / Floating
Baseload,FixedFlat,-1038027.2161520133,1038027.2161520133,443999.2580975148,64.99999999999999,0.7385200248549764,-709569.7763040254,-328457.43984798784,67,joint,Baseload / FixedFlat
Baseload,FixedEscalated,812691.6537450252,-812691.6537450252,443999.2580975148,71.17379605473558,0.7385200248549764,1338294.6424851497,-525602.9887401245,67,joint,Baseload / FixedEscalated
Baseload,IndexedWithFloorCap,-130850.06167833359,130850.06167833359,443999.2580975148,67.03781984668086,0.7385200248549764,-33619.56367606635,-97230.49800226724,67,joint,Baseload / IndexedWithFloorCap
Baseload,Floating,0.0,-0.0,443999.2580975148,67.13917437370954,0.7385200248549764,0.0,0.0,67,joint,Baseload / Floating
PayAsProduced,FixedFlat,4670177.11742213,-4670177.11742213,445668.50732117984,65.0,0.7426104178607554,5049668.272337613,-379491.15491548274,68,joint,PayAsProduced / FixedFlat
PayAsProduced,FixedEscalated,6517662.328128743,-6517662.328128743,445668.50732117984,71.12824456077772,0.7426104178607554,7090065.438204163,-572403.1100754198,68,joint,PayAsProduced / FixedEscalated
PayAsProduced,IndexedWithFloorCap,2828587.0237396173,-2828587.0237396173,445668.50732117984,59.02476814400759,0.7426104178607554,3060216.6400719425,-231629.61633232515,68,joint,PayAsProduced / IndexedWithFloorCap
PayAsProduced,Floating,0.0,-0.0,445668.50732117984,49.833539939493946,0.7426104178607554,0.0,0.0,68,joint,PayAsProduced / Floating
PayAsNominated,FixedFlat,1709105.033346197,-1709105.033346197,445668.5073211798,64.99999999999999,0.7426104178607554,2025655.5145520137,-316550.4812058166,68,joint,PayAsNominated / FixedFlat
PayAsNominated,FixedEscalated,3556614.143793188,-3556614.143793188,445668.5073211798,71.12824456077774,0.7426104178607554,4066052.680418578,-509438.53662538994,68,joint,PayAsNominated / FixedEscalated
PayAsNominated,IndexedWithFloorCap,568584.3213243335,-568584.3213243335,445668.5073211798,61.01163094446301,0.7426104178607554,697729.2484509837,-129144.92712665012,68,joint,PayAsNominated / IndexedWithFloorCap
PayAsNominated,Floating,0.0,-0.0,445668.5073211798,58.916031350793055,0.7426104178607554,0.0,0.0,68,joint,PayAsNominated / Floating
Baseload,FixedFlat,-1027719.0125571694,1027719.0125571694,445668.5073211796,65.00000000000004,0.7426104178607554,-701158.5412440223,-326560.4713131471,68,joint,Baseload / FixedFlat
Baseload,FixedEscalated,829957.7767067511,-829957.7767067511,445668.5073211796,71.17379605473563,0.7426104178607554,1354404.9807055546,-524447.2039988035,68,joint,Baseload / FixedEscalated
Baseload,IndexedWithFloorCap,-136899.44263805312,136899.44263805312,445668.5073211796,66.9819295852533,0.7426104178607554,-41275.68758313561,-95623.7550549175,68,joint,Baseload / IndexedWithFloorCap
Baseload,Floating,0.0,-0.0,445668.5073211796,67.10589932612298,0.7426104178607554,0.0,0.0,68,joint,Baseload / Floating
PayAsProduced,FixedFlat,4686709.759448673,-4686709.759448673,444994.9730051267,65.00000000000001,0.7408862993529619,5060792.322330524,-374082.56288185157,69,joint,PayAsProduced / FixedFlat
PayAsProduced,FixedEscalated,6534796.023905171,-6534796.023905171,444994.9730051267,71.13574180018256,0.7408862993529619,7100598.287654548,-565802.2637493769,69,joint,PayAsProduced / FixedEscalated
PayAsProduced,IndexedWithFloorCap,2867453.7867204333,-2867453.7867204333,444994.9730051267,59.09012374418128,0.7408862993529619,3096074.569607093,-228620.78288665973,69,joint,PayAsProduced / IndexedWithFloorCap
PayAsProduced,Floating,0.0,-0.0,444994.9730051267,49.77712315679316,0.7408862993529619,0.0,0.0,69,joint,PayAsProduced / Floating
PayAsNominated,FixedFlat,1655565.388196445,-1655565.388196445,444994.97300512675,64.99999999999999,0.7408862993529619,1970395.507882006,-314830.11968556093,69,joint,PayAsNominated / FixedFlat
PayAsNominated,FixedEscalated,3503675.6063211085,-3503675.6063211085,444994.97300512675,71.13574180018253,0.7408862993529619,4010201.47320603,-506525.8668849217,69,joint,PayAsNominated / FixedEscalated
PayAsNominated,IndexedWithFloorCap,577951.1221661252,-577951.1221661252,444994.97300512675,61.19291791304951,0.7408862993529619,704744.34387625,-126793.22171012475,69,joint,PayAsNominated / IndexedWithFloorCap
PayAsNominated,Floating,0.0,-0.0,444994.97300512675,59.07304504147624,0.7408862993529619,0.0,0.0,69,joint,PayAsNominated / Floating
Baseload,FixedFlat,-1057860.0460634965,1057860.0460634965,444994.9730051268,64.99999999999999,0.7408862993529619,-726699.4708819761,-331160.5751815204,69,joint,Baseload / FixedFlat
Baseload,FixedEscalated,797009.2550222143,-797009.2550222143,444994.9730051268,71.17379605473559,0.7408862993529619,1325757.4986679726,-528748.2436457584,69,joint,Baseload / FixedEscalated
Baseload,IndexedWithFloorCap,-125829.56256888123,125829.56256888123,444994.9730051268,67.0968895549924,0.7408862993529619,-29595.850457153698,-96233.71211172754,69,joint,Baseload / IndexedWithFloorCap
Baseload,Floating,0.0,-0.0,444994.9730051268,67.18591395233652,0.7408862993529619,0.0,0.0,69,joint,Baseload / Floating
PayAsProduced,FixedFlat,4694222.761861687,-4694222.761861687,446713.8047012218,65.00000000000003,0.7402183516400708,5086275.952141072,-392053.1902793851,70,joint,PayAsProduced / FixedFlat
PayAsProduced,FixedEscalated,6541121.7816449385,-6541121.7816449385,446713.8047012218,71.10409771941136,0.7402183516400708,7123400.246422859,-582278.4647779204,70,joint,PayAsProduced / FixedEscalated
PayAsProduced,IndexedWithFloorCap,2878338.883435878,-2878338.883435878,446713.8047012218,59.1008545344209,0.7402183516400708,3117550.499857122,-239211.6164212441,70,joint,PayAsProduced / IndexedWithFloorCap
PayAsProduced,Floating,0.0,-0.0,446713.8047012218,49.75933671454889,0.7402183516400708,0.0,0.0,70,joint,PayAsProduced / Floating
PayAsNominated,FixedFlat,1640624.0102003994,-1640624.0102003994,446713.8047012219,65.0,0.7402183516400708,1965964.897408866,-325340.88720846665,70,joint,PayAsNominated / FixedFlat
PayAsNominated,FixedEscalated,3487546.8847934883,-3487546.8847934883,446713.8047012219,71.10409771941136,0.7402183516400708,4003089.191690663,-515542.30689717457,70,joint,PayAsNominated / FixedEscalated
PayAsNominated,IndexedWithFloorCap,572928.1090269169,-572928.1090269169,446713.8047012219,61.21924234859608,0.7402183516400708,704210.3160602846,-131282.2070333677,70,joint,PayAsNominated / IndexedWithFloorCap
PayAsNominated,Floating,0.0,-0.0,446713.8047012219,59.10912634030164,0.7402183516400708,0.0,0.0,70,joint,PayAsNominated / Floating
Baseload,FixedFlat,-1071489.1727411055,1071489.1727411055,446713.80470122176,65.00000000000003,0.7402183516400708,-741720.1593456357,-329769.01339546987,70,joint,Baseload / FixedFlat
Baseload,FixedEscalated,790544.721969763,-790544.721969763,446713.80470122176,71.17379605473559,0.7402183516400708,1318664.6033438696,-528119.8813741065,70,joint,Baseload / FixedEscalated
Baseload,IndexedWithFloorCap,-128649.27874323424,128649.27874323424,446713.80470122176,67.13099740233336,0.7402183516400708,-30541.082782086203,-98108.19596114804,70,joint,Baseload / IndexedWithFloorCap
Baseload,Floating,0.0,-0.0,446713.80470122176,67.22251157958891,0.7402183516400708,0.0,0.0,70,joint,Baseload / Floating
PayAsProduced,FixedFlat,4599249.667963625,-4599249.667963625,445280.74188358977,65.00000000000001,0.742544612359894,4992338.951903917,-393089.28394029196,71,joint,PayAsProduced / FixedFlat
PayAsProduced,FixedEscalated,6440164.95014161,-6440164.95014161,445280.74188358977,71.10888109004941,0.742544612359894,7024519.365057578,-584354.4149159687,71,joint,PayAsProduced / FixedEscalated
PayAsProduced,IndexedWithFloorCap,2811509.6583460784,-2811509.6583460784,445280.74188358977,59.17197302240898,0.742544612359894,3053587.4691678407,-242077.8108217623,71,joint,PayAsProduced / IndexedWithFloorCap
PayAsProduced,Floating,0.0,-0.0,445280.74188358977,49.99266855393278,0.742544612359894,0.0,0.0,71,joint,PayAsProduced / Floating
PayAsNominated,FixedFlat,1585862.3553757933,-1585862.3553757933,445280.74188358977,65.0,0.742544612359894,1915740.2759011213,-329877.920525328,71,joint,PayAsNominated / FixedFlat
PayAsNominated,FixedEscalated,3426801.434088741,-3426801.434088741,445280.74188358977,71.10888109004941,0.742544612359894,3947920.6890547876,-521119.25496604666,71,joint,PayAsNominated / FixedEscalated
PayAsNominated,IndexedWithFloorCap,542056.9193485422,-542056.9193485422,445280.74188358977,61.273787070897995,0.742544612359894,676178.2647669677,-134121.3454184255,71,joint,PayAsNominated / IndexedWithFloorCap
PayAsNominated,Floating,0.0,-0.0,445280.74188358977,59.24114637206994,0.742544612359894,0.0,0.0,71,joint,PayAsNominated / Floating
Baseload,FixedFlat,-1105367.1375972691,1105367.1375972691,445280.7418835899,64.99999999999997,0.742544612359894,-773816.4433470095,-331550.69425025966,71,joint,Baseload / FixedFlat
Baseload,FixedEscalated,750693.3318207203,-750693.3318207203,445280.7418835899,71.17379605473558,0.742544612359894,1279958.582275171,-529265.2504544507,71,joint,Baseload / FixedEscalated
Baseload,IndexedWithFloorCap,-145315.8876486508,145315.8876486508,445280.7418835899,67.18458879915349,0.742544612359894,-47091.122786094806,-98224.76486255598,71,joint,Baseload / IndexedWithFloorCap
Baseload,Floating,0.0,-0.0,445280.7418835899,67.326148115263,0.742544612359894,0.0,0.0,71,joint,Baseload / Floating
PayAsProduced,FixedFlat,4779535.466285954,-4779535.466285954,443291.5898764837,65.0,0.7359154147984283,5161861.780444881,-382326.3141589267,72,joint,PayAsProduced / FixedFlat
PayAsProduced,FixedEscalated,6610109.4990887465,-6610109.4990887465,443291.5898764837,71.09717712623208,0.7359154147984283,7181088.017265467,-570978.5181767205,72,joint,PayAsProduced / FixedEscalated
PayAsProduced,IndexedWithFloorCap,2900937.5704450146,-2900937.5704450146,443291.5898764837,58.87410547817948,0.7359154147984283,3133125.0902743596,-232187.51982934494,72,joint,PayAsProduced / IndexedWithFloorCap
PayAsProduced,Floating,0.0,-0.0,443291.5898764837,49.4134426333246,0.7359154147984283,0.0,0.0,72,joint,PayAsProduced / Floating
PayAsNominated,FixedFlat,1709647.7739578413,-1709647.7739578413,443291.58987648383,64.99999999999999,0.7359154147984283,2028000.9026899107,-318353.1287320694,72,joint,PayAsNominated / FixedFlat
PayAsNominated,FixedEscalated,3540245.4041765993,-3540245.4041765993,443291.58987648383,71.09717712623205,0.7359154147984283,4047227.1395104923,-506981.735333893,72,joint,PayAsNominated / FixedEscalated
PayAsNominated,IndexedWithFloorCap,589270.1905269701,-589270.1905269701,443291.58987648383,61.047601806641524,0.7359154147984283,719069.5783798959,-129799.3878529258,72,joint,PayAsNominated / IndexedWithFloorCap
PayAsNominated,Floating,0.0,-0.0,443291.58987648383,58.87632723348095,0.7359154147984283,0.0,0.0,72,joint,PayAsNominated / Floating
Baseload,FixedFlat,-1031930.6073272966,1031930.6073272966,443291.5898764837,64.99999999999999,0.7359154147984283,-710549.0787565376,-321381.528570759,72,joint,Baseload / FixedFlat
Baseload,FixedEscalated,815838.4942843164,-815838.4942843164,443291.5898764837,71.17379605473562,0.7359154147984283,1334051.3513125645,-518212.857028248,72,joint,Baseload / FixedEscalated
Baseload,IndexedWithFloorCap,-123287.64066829276,123287.64066829276,443291.5898764837,67.06316587976762,0.7359154147984283,-27282.283469202255,-96005.3571990905,72,joint,Baseload / IndexedWithFloorCap
Baseload,Floating,0.0,-0.0,443291.5898764837,67.14554640339915,0.7359154147984283,0.0,0.0,72,joint,Baseload / Floating
PayAsProduced,FixedFlat,4685767.518064525,-4685767.518064525,444816.5876875303,65.0,0.7402654076567818,5056357.351175325,-370589.8331108,73,joint,PayAsProduced / FixedFlat
PayAsProduced,FixedEscalated,6520193.900279497,-6520193.900279497,444816.5876875303,71.08888025633222,0.7402654076567818,7079772.906946458,-559579.0066669611,73,joint,PayAsProduced / FixedEscalated
PayAsProduced,IndexedWithFloorCap,2864242.9785167007,-2864242.9785167007,444816.5876875303,59.077676900547196,0.7402654076567818,3088290.944667613,-224047.96615091246,73,joint,PayAsProduced / IndexedWithFloorCap
PayAsProduced,Floating,0.0,-0.0,444816.5876875303,49.7843640636644,0.7402654076567818,0.0,0.0,73,joint,PayAsProduced / Floating
PayAsNominated,FixedFlat,1623541.1341804108,-1623541.1341804108,444816.58768753044,64.99999999999999,0.7402654076567818,1942235.9255925738,-318694.79141216306,73,joint,PayAsNominated / FixedFlat
PayAsNominated,FixedEscalated,3457991.2276228094,-3457991.2276228094,444816.58768753044,71.08888025633219,0.7402654076567818,3965651.4813637016,-507660.2537408923,73,joint,PayAsNominated / FixedEscalated
PayAsNominated,IndexedWithFloorCap,563852.7375059053,-563852.7375059053,444816.58768753044,61.23449522056278,0.7402654076567818,690908.8136625736,-127056.07615666825,73,joint,PayAsNominated / IndexedWithFloorCap
PayAsNominated,Floating,0.0,-0.0,444816.58768753044,59.155406215619,0.7402654076567818,0.0,0.0,73,joint,PayAsNominated / Floating
Baseload,FixedFlat,-1078061.0949114258,1078061.0949114258,444816.5876875303,64.99999999999999,0.7402654076567818,-748385.0801037897,-329676.01480763615,73,joint,Baseload / FixedFlat
Baseload,FixedEscalated,776064.6439557289,-776064.6439557289,444816.5876875303,71.17379605473559,0.7402654076567818,1303249.1201777924,-527184.4762220635,73,joint,Baseload / FixedEscalated
Baseload,IndexedWithFloorCap,-135327.91827192096,135327.91827192096,444816.5876875303,67.13163495693661,0.7402654076567818,-40014.55062827035,-95313.36764365062,73,joint,Baseload / IndexedWithFloorCap
Baseload,Floating,0.0,-0.0,444816.5876875303,67.25204710193152,0.7402654076567818,0.0,0.0,73,joint,Baseload / Floating
PayAsProduced,FixedFlat,4775833.00945407,-4775833.00945407,447042.0096140252,65.00000000000001,0.7378533793983354,5151781.602886127,-375948.59343205765,74,joint,PayAsProduced / FixedFlat
PayAsProduced,FixedEscalated,6628579.102560487,-6628579.102560487,447042.0096140252,71.12334459604928,0.7378533793983354,7196830.583150068,-568251.4805895817,74,joint,PayAsProduced / FixedEscalated
PayAsProduced,IndexedWithFloorCap,2907802.0139697036,-2907802.0139697036,447042.0096140252,58.966732574822,0.7378533793983354,3136816.218857185,-229014.2048874814,74,joint,PayAsProduced / IndexedWithFloorCap
PayAsProduced,Floating,0.0,-0.0,447042.0096140252,49.57438704769442,0.7378533793983354,0.0,0.0,74,joint,PayAsProduced / Floating
PayAsNominated,FixedFlat,1737277.6270585845,-1737277.6270585845,447042.0096140252,65.00000000000001,0.7378533793983354,2052678.3631538716,-315400.73609528714,74,joint,PayAsNominated / FixedFlat
PayAsNominated,FixedEscalated,3590047.6474555694,-3590047.6474555694,447042.0096140252,71.12334459604926,0.7378533793983354,4097727.3434178075,-507679.6959622381,74,joint,PayAsNominated / FixedEscalated
PayAsNominated,IndexedWithFloorCap,589961.1080065265,-589961.1080065265,447042.0096140252,61.00375411945311,0.7378533793983354,718028.9024377035,-128067.79443117697,74,joint,PayAsNominated / IndexedWithFloorCap
PayAsNominated,Floating,0.0,-0.0,447042.0096140252,58.853811285819056,0.7378533793983354,0.0,0.0,74,joint,PayAsNominated / Floating
Baseload,FixedFlat,-1058690.6448620346,1058690.6448620346,447042.00961402524,64.99999999999999,0.7378533793983354,-730510.1310411284,-328180.51382090617,74,joint,Baseload / FixedFlat
Baseload,FixedEscalated,804711.303993611,-804711.303993611,447042.00961402524,71.17379605473559,0.7378533793983354,1331388.4160765046,-526677.1120828936,74,joint,Baseload / FixedEscalated
Baseload,IndexedWithFloorCap,-133486.27091836114,133486.27091836114,447042.00961402524,67.07467430719599,0.7378533793983354,-37619.09579734706,-95867.1751210141,74,joint,Baseload / IndexedWithFloorCap
Baseload,Floating,0.0,-0.0,447042.00961402524,67.18731448803372,0.7378533793983354,0.0,0.0,74,joint,Baseload / Floating
PayAsProduced,FixedFlat,4758068.751991456,-4758068.751991456,447028.92967702285,65.0,0.7384772619674771,5122432.119087916,-364363.3670964595,75,joint,PayAsProduced / FixedFlat
PayAsProduced,FixedEscalated,6617312.573786885,-6617312.573786885,447028.92967702285,71.1454261542933,0.7384772619674771,7174795.754119024,-557483.1803321391,75,joint,PayAsProduced / FixedEscalated
PayAsProduced,IndexedWithFloorCap,2930372.717096501,-2930372.717096501,447028.92967702285,59.10308394943486,0.7384772619674771,3153062.419224862,-222689.70212836098,75,joint,PayAsProduced / IndexedWithFloorCap
PayAsProduced,Floating,0.0,-0.0,447028.92967702285,49.66181734029906,0.7384772619674771,0.0,0.0,75,joint,PayAsProduced / Floating
PayAsNominated,FixedFlat,1691388.6254871902,-1691388.6254871902,447028.92967702285,65.0,0.7384772619674771,1998278.9871108152,-306890.36162362504,75,joint,PayAsNominated / FixedFlat
PayAsNominated,FixedEscalated,3550656.427380748,-3550656.427380748,447028.92967702285,71.1454261542933,0.7384772619674771,4050642.622141924,-499986.1947611761,75,joint,PayAsNominated / FixedEscalated
PayAsNominated,IndexedWithFloorCap,597101.2274080934,-597101.2274080934,447028.92967702285,61.176379386434775,0.7384772619674771,721319.553475081,-124218.32606698759,75,joint,PayAsNominated / IndexedWithFloorCap
PayAsNominated,Floating,0.0,-0.0,447028.92967702285,59.01652039562697,0.7384772619674771,0.0,0.0,75,joint,PayAsNominated / Floating
Baseload,FixedFlat,-1075218.044405493,1075218.044405493,447028.9296770226,65.00000000000004,0.7384772619674771,-751071.511348513,-324146.53305698,75,joint,Baseload / FixedFlat
Baseload,FixedEscalated,788129.3834441243,-788129.3834441243,447028.9296770226,71.17379605473563,0.7384772619674771,1310766.7069800484,-522637.3235359242,75,joint,Baseload / FixedEscalated
Baseload,IndexedWithFloorCap,-118847.28923105302,118847.28923105302,447028.9296770226,67.17846509110727,0.7384772619674771,-23538.152242133987,-95309.13698891902,75,joint,Baseload / IndexedWithFloorCap
Baseload,Floating,0.0,-0.0,447028.9296770226,67.24894576711591,0.7384772619674771,0.0,0.0,75,joint,Baseload / Floating
PayAsProduced,FixedFlat,4664903.684838897,-4664903.684838897,446041.1511764004,65.00000000000001,0.7420320139041706,5042987.473813555,-378083.7889746586,76,joint,PayAsProduced / FixedFlat
PayAsProduced,FixedEscalated,6513649.136845728,-6513649.136845728,446041.1511764004,71.12071432182384,0.7420320139041706,7082581.422071438,-568932.2852257099,76,joint,PayAsProduced / FixedEscalated
PayAsProduced,IndexedWithFloorCap,2857995.790721961,-2857995.790721961,446041.1511764004,59.130877687849484,0.7420320139041706,3087231.050618725,-229235.25989676407,76,joint,PayAsProduced / IndexedWithFloorCap
PayAsProduced,Floating,0.0,-0.0,446041.1511764004,49.86625944241818,0.7420320139041706,0.0,0.0,76,joint,PayAsProduced / Floating
PayAsNominated,FixedFlat,1650402.8954388455,-1650402.8954388455,446041.1511764005,65.0,0.7420320139041706,1961696.9668308427,-311294.07139199716,76,joint,PayAsNominated / FixedFlat
PayAsNominated,FixedEscalated,3499172.155540497,-3499172.155540497,446041.1511764005,71.12071432182384,0.7420320139041706,4001290.9150887304,-502118.75954823336,76,joint,PayAsNominated / FixedEscalated
PayAsNominated,IndexedWithFloorCap,570953.1298280449,-570953.1298280449,446041.1511764005,61.21130149684731,0.7420320139041706,699196.197721047,-128243.06789300207,76,joint,PayAsNominated / IndexedWithFloorCap
PayAsNominated,Floating,0.0,-0.0,446041.1511764005,59.113050428387645,0.7420320139041706,0.0,0.0,76,joint,PayAsNominated / Floating
Baseload,FixedFlat,-1056829.9727156041,1056829.9727156041,446041.15117640066,64.99999999999996,0.7420320139041706,-733868.868700857,-322961.1040147471,76,joint,Baseload / FixedFlat
Baseload,FixedEscalated,802400.1052127237,-802400.1052127237,446041.15117640066,71.17379605473556,0.7420320139041706,1323413.4040756011,-521013.2988628774,76,joint,Baseload / FixedEscalated
Baseload,IndexedWithFloorCap,-127747.72912664662,127747.72912664662,446041.15117640066,67.10797381368582,0.7420320139041706,-31432.779150013543,-96314.94997663307,76,joint,Baseload / IndexedWithFloorCap
Baseload,Floating,0.0,-0.0,446041.15117640066,67.20230193310515,0.7420320139041706,0.0,0.0,76,joint,Baseload / Floating
PayAsProduced,FixedFlat,4695571.623648761,-4695571.623648761,446103.82261064067,65.0,0.7404108209521183,5080686.609638299,-385114.985989538,77,joint,PayAsProduced / FixedFlat
PayAsProduced,FixedEscalated,6552240.062765974,-6552240.062765974,446103.82261064067,71.15143579192392,0.7404108209521183,7130805.828200706,-578565.7654347327,77,joint,PayAsProduced / FixedEscalated
PayAsProduced,IndexedWithFloorCap,2879435.530501781,-2879435.530501781,446103.82261064067,59.10550776305113,0.7404108209521183,3116200.231596096,-236764.70109431492,77,joint,PayAsProduced / IndexedWithFloorCap
PayAsProduced,Floating,0.0,-0.0,446103.82261064067,49.75526829118097,0.7404108209521183,0.0,0.0,77,joint,PayAsProduced / Floating
PayAsNominated,FixedFlat,1664395.1232149047,-1664395.1232149047,446103.82261064067,65.0,0.7404108209521183,1983195.3465788222,-318800.22336391755,77,joint,PayAsNominated / FixedFlat
PayAsNominated,FixedEscalated,3521087.590511971,-3521087.590511971,446103.82261064067,71.15143579192393,0.7404108209521183,4033314.5651412327,-512226.97462926153,77,joint,PayAsNominated / FixedEscalated
PayAsNominated,IndexedWithFloorCap,577587.3518043633,-577587.3518043633,446103.82261064067,61.17563400321196,0.7404108209521183,708630.1078218432,-131042.75601747993,77,joint,PayAsNominated / IndexedWithFloorCap
PayAsNominated,Floating,0.0,-0.0,446103.82261064067,59.04937101859056,0.7404108209521183,0.0,0.0,77,joint,PayAsNominated / Floating
Baseload,FixedFlat,-1059093.5919025657,1059093.5919025657,446103.8226106408,64.99999999999999,0.7404108209521183,-733052.269317649,-326041.3225849167,77,joint,Baseload / FixedFlat
Baseload,FixedEscalated,800397.7189081067,-800397.7189081067,446103.8226106408,71.17379605473556,0.7404108209521183,1324519.0638522895,-524121.3449441828,77,joint,Baseload / FixedEscalated
Baseload,IndexedWithFloorCap,-126023.28960651443,126023.28960651443,446103.8226106408,67.11442398131436,0.7404108209521183,-28367.80427406867,-97655.48533244577,77,joint,Baseload / IndexedWithFloorCap
Baseload,Floating,0.0,-0.0,446103.8226106408,67.19954231246788,0.7404108209521183,0.0,0.0,77,joint,Baseload / Floating
PayAsProduced,FixedFlat,4805161.6098474,-4805161.6098474,446669.1709451356,65.0,0.7361371699513356,5179515.713534159,-374354.1036867583,78,joint,PayAsProduced / FixedFlat
PayAsProduced,FixedEscalated,6653692.059850371,-6653692.059850371,446669.1709451356,71.1113866653703,0.7361371699513356,7218868.768340931,-565176.7084905598,78,joint,PayAsProduced / FixedEscalated
PayAsProduced,IndexedWithFloorCap,2937182.7644813107,-2937182.7644813107,446669.1709451356,58.96468269085416,0.7361371699513356,3165546.7953379177,-228364.03085660702,78,joint,PayAsProduced / IndexedWithFloorCap
PayAsProduced,Floating,0.0,-0.0,446669.1709451356,49.47839956394024,0.7361371699513356,0.0,0.0,78,joint,PayAsProduced / Floating
PayAsNominated,FixedFlat,1716829.5157160154,-1716829.5157160154,446669.17094513547,65.00000000000003,0.7361371699513356,2035969.5349370344,-319140.019221019,78,joint,PayAsNominated / FixedFlat
PayAsNominated,FixedEscalated,3565383.8801801214,-3565383.8801801214,446669.17094513547,71.11138666537035,0.7361371699513356,4075322.589743812,-509938.7095636907,78,joint,PayAsNominated / FixedEscalated
PayAsNominated,IndexedWithFloorCap,601701.2105458044,-601701.2105458044,446669.17094513547,61.086902399328324,0.7361371699513356,730179.5428054606,-128478.33225965628,78,joint,PayAsNominated / IndexedWithFloorCap
PayAsNominated,Floating,0.0,-0.0,446669.17094513547,58.89875282380017,0.7361371699513356,0.0,0.0,78,joint,PayAsNominated / Floating
Baseload,FixedFlat,-1071966.4364328373,1071966.4364328373,446669.1709451358,64.99999999999996,0.7361371699513356,-738658.8066350913,-333307.62979774596,78,joint,Baseload / FixedFlat
Baseload,FixedEscalated,789881.4117180055,-789881.4117180055,446669.1709451358,71.17379605473555,0.7361371699513356,1321520.0911136644,-531638.6793956589,78,joint,Baseload / FixedEscalated
Baseload,IndexedWithFloorCap,-122752.19697688545,122752.19697688545,446669.1709451358,67.13778134206875,0.7361371699513356,-25287.005901100056,-97465.19107578539,78,joint,Baseload / IndexedWithFloorCap
Baseload,Floating,0.0,-0.0,446669.1709451358,67.21355962396402,0.7361371699513356,0.0,0.0,78,joint,Baseload / Floating
PayAsProduced,FixedFlat,4668543.797067973,-4668543.797067973,447030.1847616885,65.00000000000001,0.7428121159857942,5032104.764967988,-363560.9679000154,79,joint,PayAsProduced / FixedFlat
PayAsProduced,FixedEscalated,6518250.74139708,-6518250.74139708,447030.1847616885,71.10988355636763,0.7428121159857942,7072604.108247499,-554353.366850419,79,joint,PayAsProduced / FixedEscalated
PayAsProduced,IndexedWithFloorCap,2867345.730246789,-2867345.730246789,447030.1847616885,59.18551453559736,0.7428121159857942,3090258.6295769247,-222912.8993301359,79,joint,PayAsProduced / IndexedWithFloorCap
PayAsProduced,Floating,0.0,-0.0,447030.1847616885,49.93232832509398,0.7428121159857942,0.0,0.0,79,joint,PayAsProduced / Floating
PayAsNominated,FixedFlat,1630484.0827182634,-1630484.0827182634,447030.18476168846,65.00000000000001,0.7428121159857942,1937327.234689651,-306843.1519713877,79,joint,PayAsNominated / FixedFlat
PayAsNominated,FixedEscalated,3480214.8485299395,-3480214.8485299395,447030.18476168846,71.10988355636766,0.7428121159857942,3977826.5779691716,-497611.72943923203,79,joint,PayAsNominated / FixedEscalated
PayAsNominated,IndexedWithFloorCap,565908.2583332064,-565908.2583332064,447030.18476168846,61.26647161992265,0.7428121159857942,690452.0467454139,-124543.7884122075,79,joint,PayAsNominated / IndexedWithFloorCap
PayAsNominated,Floating,0.0,-0.0,447030.18476168846,59.19904551622686,0.7428121159857942,0.0,0.0,79,joint,PayAsNominated / Floating
Baseload,FixedFlat,-1070239.614825628,1070239.614825628,447030.1847616887,64.99999999999994,0.7428121159857942,-741630.53949434,-328609.07533128804,79,joint,Baseload / FixedFlat
Baseload,FixedEscalated,793113.0445842489,-793113.0445842489,447030.1847616887,71.17379605473556,0.7428121159857942,1320213.467680008,-527100.423095759,79,joint,Baseload / FixedEscalated
Baseload,IndexedWithFloorCap,-129752.54974480844,129752.54974480844,447030.1847616887,67.1192485427584,0.7428121159857942,-33871.509416270696,-95881.04032853774,79,joint,Baseload / IndexedWithFloorCap
Baseload,Floating,0.0,-0.0,447030.1847616887,67.22067027518553,0.7428121159857942,0.0,0.0,79,joint,Baseload / Floating
PayAsProduced,FixedFlat,4751271.949381871,-4751271.949381871,443797.4218696598,65.0,0.7378630562587635,5124350.746973361,-373078.79759148974,80,joint,PayAsProduced / FixedFlat
PayAsProduced,FixedEscalated,6581367.45616851,-6581367.45616851,443797.4218696598,71.0901608665483,0.7378630562587635,7143554.832370843,-562187.3762023328,80,joint,PayAsProduced / FixedEscalated
PayAsProduced,IndexedWithFloorCap,2903432.851170375,-2903432.851170375,443797.4218696598,58.984623852914794,0.7378630562587635,3129941.673460477,-226508.82229010202,80,joint,PayAsProduced / IndexedWithFloorCap
PayAsProduced,Floating,0.0,-0.0,443797.4218696598,49.54434566006667,0.7378630562587635,0.0,0.0,80,joint,PayAsProduced / Floating
PayAsNominated,FixedFlat,1699877.3556232946,-1699877.3556232946,443797.42186965985,64.99999999999997,0.7378630562587635,2010800.1119245996,-310922.756301305,80,joint,PayAsNominated / FixedFlat
PayAsNominated,FixedEscalated,3529996.5881997114,-3529996.5881997114,443797.42186965985,71.09016086654827,0.7378630562587635,4030004.197322083,-500007.60912237177,80,joint,PayAsNominated / FixedEscalated
PayAsNominated,IndexedWithFloorCap,590737.7748258146,-590737.7748258146,443797.42186965985,61.10000807564005,0.7378630562587635,717750.5851149791,-127012.81028916442,80,joint,PayAsNominated / IndexedWithFloorCap
PayAsNominated,Floating,0.0,-0.0,443797.42186965985,58.93518652192924,0.7378630562587635,0.0,0.0,80,joint,PayAsNominated / Floating
Baseload,FixedFlat,-1032732.7468512603,1032732.7468512603,443797.4218696596,65.00000000000003,0.7378630562587635,-711417.1988126514,-321315.54803860886,80,joint,Baseload / FixedFlat
Baseload,FixedEscalated,817144.8105689953,-817144.8105689953,443797.4218696596,71.1737960547356,0.7378630562587635,1335516.287724023,-518371.4771550277,80,joint,Baseload / FixedEscalated
Baseload,IndexedWithFloorCap,-118457.54458388721,118457.54458388721,443797.4218696596,67.0773713083239,0.7378630562587635,-22660.904098803952,-95796.64048508326,80,joint,Baseload / IndexedWithFloorCap
Baseload,Floating,0.0,-0.0,443797.4218696596,67.14571930362621,0.7378630562587635,0.0,0.0,80,joint,Baseload / Floating
PayAsProduced,FixedFlat,4586330.175257731,-4586330.175257731,442968.51157070935,65.00000000000001,0.7436219234040423,4961187.773215507,-374857.5979577759,81,joint,PayAsProduced / FixedFlat
PayAsProduced,FixedEscalated,6411912.361701145,-6411912.361701145,442968.51157070935,71.0779051918757,0.7436219234040423,6972564.653204119,-560652.291502974,81,joint,PayAsProduced / FixedEscalated
PayAsProduced,IndexedWithFloorCap,2843500.3345760214,-2843500.3345760214,442968.51157070935,59.28467925663711,0.7436219234040423,3069801.902260217,-226301.56768419547,81,joint,PayAsProduced / IndexedWithFloorCap
PayAsProduced,Floating,0.0,-0.0,442968.51157070935,50.00846399066326,0.7436219234040423,0.0,0.0,81,joint,PayAsProduced / Floating
PayAsNominated,FixedFlat,1618681.1920860833,-1618681.1920860833,442968.51157070947,64.99999999999999,0.7436219234040423,1932004.7360514854,-313323.54396540206,81,joint,PayAsNominated / FixedFlat
PayAsNominated,FixedEscalated,3444286.913484904,-3444286.913484904,442968.51157070947,71.07790519187567,0.7436219234040423,3943381.616040099,-499094.70255519496,81,joint,PayAsNominated / FixedEscalated
PayAsNominated,IndexedWithFloorCap,570989.8663175098,-570989.8663175098,442968.51157070947,61.27226856912234,0.7436219234040423,698376.9353255789,-127387.06900806911,81,joint,PayAsNominated / IndexedWithFloorCap
PayAsNominated,Floating,0.0,-0.0,442968.51157070947,59.16193865366383,0.7436219234040423,0.0,0.0,81,joint,PayAsNominated / Floating
Baseload,FixedFlat,-1073305.8737908604,1073305.8737908604,442968.5115707093,65.00000000000001,0.7436219234040423,-744549.2050131593,-328756.6687777011,81,joint,Baseload / FixedFlat
Baseload,FixedEscalated,773116.542874672,-773116.542874672,442968.5115707093,71.17379605473559,0.7436219234040423,1298561.0861540863,-525444.5432794143,81,joint,Baseload / FixedEscalated
Baseload,IndexedWithFloorCap,-124464.36393881147,124464.36393881147,442968.5115707093,67.16724678007299,0.7436219234040423,-27336.62451825438,-97127.73942055709,81,joint,Baseload / IndexedWithFloorCap
Baseload,Floating,0.0,-0.0,442968.5115707093,67.24985159359197,0.7436219234040423,0.0,0.0,81,joint,Baseload / Floating
PayAsProduced,FixedFlat,4659903.57509811,-4659903.57509811,443772.3504687343,65.00000000000001,0.7410252777947928,5034449.13191465,-374545.5568165397,82,joint,PayAsProduced / FixedFlat
PayAsProduced,FixedEscalated,6499699.810017687,-6499699.810017687,443772.3504687343,71.123739734682,0.7410252777947928,7064671.653444263,-564971.8434265759,82,joint,PayAsProduced / FixedEscalated
PayAsProduced,IndexedWithFloorCap,2838567.9919778276,-2838567.9919778276,443772.3504687343,59.06914395067389,0.7410252777947928,3068173.9397967183,-229605.94781889068,82,joint,PayAsProduced / IndexedWithFloorCap
PayAsProduced,Floating,0.0,-0.0,443772.3504687343,49.81464181171961,0.7410252777947928,0.0,0.0,82,joint,PayAsProduced / Floating
PayAsNominated,FixedFlat,1651270.010151533,-1651270.010151533,443772.3504687343,65.0,0.7410252777947928,1964966.8006647066,-313696.7905131737,82,joint,PayAsNominated / FixedFlat
PayAsNominated,FixedEscalated,3491090.019587724,-3491090.019587724,443772.3504687343,71.123739734682,0.7410252777947928,3995189.3221943243,-504099.30260660034,82,joint,PayAsNominated / FixedEscalated
PayAsNominated,IndexedWithFloorCap,565445.0315327842,-565445.0315327842,443772.3504687343,61.16752975637181,0.7410252777947928,694375.9952391579,-128930.9637063737,82,joint,PayAsNominated / IndexedWithFloorCap
PayAsNominated,Floating,0.0,-0.0,443772.3504687343,59.07309043863057,0.7410252777947928,0.0,0.0,82,joint,PayAsNominated / Floating
Baseload,FixedFlat,-1058898.937741662,1058898.937741662,443772.3504687343,65.00000000000001,0.7410252777947928,-737311.1017118245,-321587.8360298374,82,joint,Baseload / FixedFlat
Baseload,FixedEscalated,790874.1147409354,-790874.1147409354,443772.3504687343,71.17379605473559,0.7410252777947928,1309506.7476273822,-518632.6328864468,82,joint,Baseload / FixedEscalated
Baseload,IndexedWithFloorCap,-133369.21354772366,133369.21354772366,443772.3504687343,67.11187238021921,0.7410252777947928,-37155.468931650765,-96213.74461607289,82,joint,Baseload / IndexedWithFloorCap
Baseload,Floating,0.0,-0.0,443772.3504687343,67.22394404677036,0.7410252777947928,0.0,0.0,82,joint,Baseload / Floating
PayAsProduced,FixedFlat,4702981.251253396,-4702981.251253396,442766.3575387125,65.0,0.7395034555489135,5084946.099288826,-381964.8480354296,83,joint,PayAsProduced / FixedFlat
PayAsProduced,FixedEscalated,6533733.853759933,-6533733.853759933,442766.3575387125,71.11166036771685,0.7395034555489135,7106570.6528769145,-572836.7991169812,83,joint,PayAsProduced / FixedEscalated
PayAsProduced,IndexedWithFloorCap,2837502.731437779,-2837502.731437779,442766.3575387125,58.8915265793472,0.7395034555489135,3064375.7290237676,-226872.9975859886,83,joint,PayAsProduced / IndexedWithFloorCap
PayAsProduced,Floating,0.0,-0.0,442766.3575387125,49.62748016596754,0.7395034555489135,0.0,0.0,83,joint,PayAsProduced / Floating
PayAsNominated,FixedFlat,1690406.5827921848,-1690406.5827921848,442766.35753871244,65.0,0.7395034555489135,2009413.132883574,-319006.55009138933,83,joint,PayAsNominated / FixedFlat
PayAsNominated,FixedEscalated,3521182.943346654,-3521182.943346654,442766.35753871244,71.11166036771685,0.7395034555489135,4031037.6864716634,-509854.74312500935,83,joint,PayAsNominated / FixedEscalated
PayAsNominated,IndexedWithFloorCap,564331.2316989838,-564331.2316989838,442766.35753871244,61.01331690014537,0.7395034555489135,690691.8759542345,-126360.64425525069,83,joint,PayAsNominated / IndexedWithFloorCap
PayAsNominated,Floating,0.0,-0.0,442766.35753871244,58.92525650481561,0.7395034555489135,0.0,0.0,83,joint,PayAsNominated / Floating
Baseload,FixedFlat,-1021990.9767584305,1021990.9767584305,442766.3575387123,65.00000000000003,0.7395034555489135,-697682.1713030343,-324308.8054553962,83,joint,Baseload / FixedFlat
Baseload,FixedEscalated,823588.8027296308,-823588.8027296308,442766.3575387123,71.17379605473562,0.7395034555489135,1344495.7217989236,-520906.9190692927,83,joint,Baseload / FixedEscalated
Baseload,IndexedWithFloorCap,-133533.49458324572,133533.49458324572,442766.3575387123,66.98983565475682,0.7395034555489135,-39481.22831376858,-94052.26626947714,83,joint,Baseload / IndexedWithFloorCap
Baseload,Floating,0.0,-0.0,442766.3575387123,67.10919305864557,0.7395034555489135,0.0,0.0,83,joint,Baseload / Floating
PayAsProduced,FixedFlat,4820310.973622639,-4820310.973622639,444643.6688680768,64.99999999999999,0.734943239683931,5198633.228775269,-378322.2551526306,84,joint,PayAsProduced / FixedFlat
PayAsProduced,FixedEscalated,6665380.526618952,-6665380.526618952,444643.6688680768,71.13463251873115,0.734943239683931,7236460.370573048,-571079.8439540956,84,joint,PayAsProduced / FixedEscalated
PayAsProduced,IndexedWithFloorCap,2897576.6604725635,-2897576.6604725635,444643.6688680768,58.782538381477494,0.734943239683931,3133291.5802535648,-235714.91978100128,84,joint,PayAsProduced / IndexedWithFloorCap
PayAsProduced,Floating,0.0,-0.0,444643.6688680768,49.35014246102041,0.734943239683931,0.0,0.0,84,joint,PayAsProduced / Floating
PayAsNominated,FixedFlat,1750793.4368517732,-1750793.4368517732,444643.66886807675,65.0,0.734943239683931,2059991.1353074834,-309197.6984557102,84,joint,PayAsNominated / FixedFlat
PayAsNominated,FixedEscalated,3595886.896138834,-3595886.896138834,444643.66886807675,71.13463251873115,0.734943239683931,4097818.277105257,-501931.3809664231,84,joint,PayAsNominated / FixedEscalated
PayAsNominated,IndexedWithFloorCap,590353.7374461365,-590353.7374461365,444643.66886807675,60.96564425515523,0.734943239683931,719842.4611350842,-129488.72368894762,84,joint,PayAsNominated / IndexedWithFloorCap
PayAsNominated,Floating,0.0,-0.0,444643.66886807675,58.79864545537137,0.734943239683931,0.0,0.0,84,joint,PayAsNominated / Floating
Baseload,FixedFlat,-1034629.7080994585,1034629.7080994585,444643.6688680768,64.99999999999999,0.734943239683931,-713609.9190711756,-321019.78902828286,84,joint,Baseload / FixedFlat
Baseload,FixedEscalated,818775.2545134879,-818775.2545134879,444643.6688680768,71.17379605473559,0.734943239683931,1337226.7251531843,-518451.47063969634,84,joint,Baseload / FixedEscalated
Baseload,IndexedWithFloorCap,-131992.20449097065,131992.20449097065,444643.6688680768,67.0387011956102,0.734943239683931,-36385.87708579451,-95606.32740517613,84,joint,Baseload / IndexedWithFloorCap
Baseload,Floating,0.0,-0.0,444643.6688680768,67.14823648455338,0.734943239683931,0.0,0.0,84,joint,Baseload / Floating
PayAsProduced,FixedFlat,4733995.379950648,-4733995.379950648,445044.10343244707,65.0,0.7372808938778963,5118931.611640026,-384936.2316893777,85,joint,PayAsProduced / FixedFlat
PayAsProduced,FixedEscalated,6581581.270522371,-6581581.270522371,445044.10343244707,71.13947106308584,0.7372808938778963,7160202.702540981,-578621.4320186097,85,joint,PayAsProduced / FixedEscalated
PayAsProduced,IndexedWithFloorCap,2922511.939531327,-2922511.939531327,445044.10343244707,59.08533250153884,0.7372808938778963,3152403.9331413107,-229891.99360998347,85,joint,PayAsProduced / IndexedWithFloorCap
PayAsProduced,Floating,0.0,-0.0,445044.10343244707,49.6039398472507,0.7372808938778963,0.0,0.0,85,joint,PayAsProduced / Floating
PayAsNominated,FixedFlat,1671159.086276315,-1671159.086276315,445044.10343244707,65.00000000000001,0.7372808938778963,1999422.9406693627,-328263.85439304775,85,joint,PayAsNominated / FixedFlat
PayAsNominated,FixedEscalated,3518768.949382887,-3518768.949382887,445044.10343244707,71.13947106308585,0.7372808938778963,4040694.031570317,-521925.08218743,85,joint,PayAsNominated / FixedEscalated
PayAsNominated,IndexedWithFloorCap,599762.6791908683,-599762.6791908683,445044.10343244707,61.17899713758278,0.7372808938778963,729003.6160798946,-129240.93688902631,85,joint,PayAsNominated / IndexedWithFloorCap
PayAsNominated,Floating,0.0,-0.0,445044.10343244707,58.986394388365376,0.7372808938778963,0.0,0.0,85,joint,PayAsNominated / Floating
Baseload,FixedFlat,-1086069.287285423,1086069.287285423,445044.103432447,65.0,0.7372808938778963,-757918.0178854783,-328151.2693999446,85,joint,Baseload / FixedFlat
Baseload,FixedEscalated,769004.8038022297,-769004.8038022297,445044.103432447,71.17379605473559,0.7372808938778963,1294765.556669213,-525760.7528669834,85,joint,Baseload / FixedEscalated
Baseload,IndexedWithFloorCap,-130013.91646770321,130013.91646770321,445044.103432447,67.17244891201669,0.7372808938778963,-35615.21443680571,-94398.70203089749,85,joint,Baseload / IndexedWithFloorCap
Baseload,Floating,0.0,-0.0,445044.103432447,67.27956774567629,0.7372808938778963,0.0,0.0,85,joint,Baseload / Floating
PayAsProduced,FixedFlat,4747388.345459521,-4747388.345459521,446621.0527160728,65.00000000000001,0.7385008444072688,5113730.098939691,-366341.7534801699,86,joint,PayAsProduced / FixedFlat
PayAsProduced,FixedEscalated,6597205.886205959,-6597205.886205959,446621.0527160728,71.11973185745217,0.7385008444072688,7155647.9286528705,-558442.0424469113,86,joint,PayAsProduced / FixedEscalated
PayAsProduced,IndexedWithFloorCap,2881273.935986408,-2881273.935986408,446621.0527160728,58.98398416682186,0.7385008444072688,3106418.29513174,-225144.35914533213,86,joint,PayAsProduced / IndexedWithFloorCap
PayAsProduced,Floating,0.0,-0.0,446621.0527160728,49.673890133331675,0.7385008444072688,0.0,0.0,86,joint,PayAsProduced / Floating
PayAsNominated,FixedFlat,1718285.8113860479,-1718285.8113860479,446621.0527160729,65.0,0.7385008444072688,2026286.2028031093,-308000.39141706144,86,joint,PayAsNominated / FixedFlat
PayAsNominated,FixedEscalated,3568127.3436281085,-3568127.3436281085,446621.0527160729,71.11973185745215,0.7385008444072688,4068204.0325162895,-500076.688888181,86,joint,PayAsNominated / FixedEscalated
PayAsNominated,IndexedWithFloorCap,580213.8200269463,-580213.8200269463,446621.0527160729,61.0407543264128,0.7385008444072688,705239.0521395023,-125025.232112556,86,joint,PayAsNominated / IndexedWithFloorCap
PayAsNominated,Floating,0.0,-0.0,446621.0527160729,58.92711692548776,0.7385008444072688,0.0,0.0,86,joint,PayAsNominated / Floating
Baseload,FixedFlat,-1081683.7158370984,1081683.7158370984,446621.05271607306,64.99999999999997,0.7385008444072688,-755124.2958553593,-326559.41998173913,86,joint,Baseload / FixedFlat
Baseload,FixedEscalated,779963.5614504186,-779963.5614504186,446621.05271607306,71.17379605473556,0.7385008444072688,1304832.6654658108,-524869.1040153923,86,joint,Baseload / FixedEscalated
Baseload,IndexedWithFloorCap,-135804.02646680304,135804.02646680304,446621.05271607306,67.13917209251028,0.7385008444072688,-41365.30473181675,-94438.72173498629,86,joint,Baseload / IndexedWithFloorCap
Baseload,Floating,0.0,-0.0,446621.05271607306,67.26314602009779,0.7385008444072688,0.0,0.0,86,joint,Baseload / Floating
PayAsProduced,FixedFlat,4641098.910434734,-4641098.910434734,447003.64132945135,65.0,0.7438618730220642,5011386.476757998,-370287.56632326357,87,joint,PayAsProduced / FixedFlat
PayAsProduced,FixedEscalated,6483793.211672609,-6483793.211672609,447003.64132945135,71.084226643479,0.7438618730220642,7043196.607888151,-559403.3962155422,87,joint,PayAsProduced / FixedEscalated
PayAsProduced,IndexedWithFloorCap,2835428.697629382,-2835428.697629382,447003.64132945135,59.14991464092704,0.7438618730220642,3057767.159620925,-222338.46199154295,87,joint,PayAsProduced / IndexedWithFloorCap
PayAsProduced,Floating,0.0,-0.0,447003.64132945135,49.99347421518088,0.7438618730220642,0.0,0.0,87,joint,PayAsProduced / Floating
PayAsNominated,FixedFlat,1622083.5962013165,-1622083.5962013165,447003.6413294513,65.00000000000001,0.7438618730220642,1936322.4065787354,-314238.810377419,87,joint,PayAsNominated / FixedFlat
PayAsNominated,FixedEscalated,3464801.6599127543,-3464801.6599127543,447003.6413294513,71.08422664347903,0.7438618730220642,3968132.5377088934,-503330.8777961391,87,joint,PayAsNominated / FixedEscalated
PayAsNominated,IndexedWithFloorCap,557961.6031107211,-557961.6031107211,447003.6413294513,61.25033812636197,0.7438618730220642,684133.5205293014,-126171.91741858027,87,joint,PayAsNominated / IndexedWithFloorCap
PayAsNominated,Floating,0.0,-0.0,447003.6413294513,59.20170999446748,0.7438618730220642,0.0,0.0,87,joint,PayAsNominated / Floating
Baseload,FixedFlat,-1064858.6536606215,1064858.6536606215,447003.6413294514,65.0,0.7438618730220642,-737357.7493482215,-327500.90431240003,87,joint,Baseload / FixedFlat
Baseload,FixedEscalated,798383.3649542157,-798383.3649542157,447003.6413294514,71.17379605473558,0.7438618730220642,1324363.8311566077,-525980.466202392,87,joint,Baseload / FixedEscalated
Baseload,IndexedWithFloorCap,-131035.3085974536,131035.3085974536,447003.6413294514,67.10210621530193,0.7438618730220642,-35365.375421813194,-95669.9331756404,87,joint,Baseload / IndexedWithFloorCap
Baseload,Floating,0.0,-0.0,447003.6413294514,67.20800733081529,0.7438618730220642,0.0,0.0,87,joint,Baseload / Floating
PayAsProduced,FixedFlat,4708826.827366366,-4708826.827366366,443460.05840184423,65.0,0.7388490555622602,5085883.21227241,-377056.38490604423,88,joint,PayAsProduced / FixedFlat
PayAsProduced,FixedEscalated,6555967.7840872435,-6555967.7840872435,443460.05840184423,71.16648276672457,0.7388490555622602,7128837.781312123,-572869.9972248795,88,joint,PayAsProduced / FixedEscalated
PayAsProduced,IndexedWithFloorCap,2885371.940124784,-2885371.940124784,443460.05840184423,59.0545875295169,0.7388490555622602,3116169.190376134,-230797.25025135,88,joint,PayAsProduced / IndexedWithFloorCap
PayAsProduced,Floating,0.0,-0.0,443460.05840184423,49.64869867527535,0.7388490555622602,0.0,0.0,88,joint,PayAsProduced / Floating
PayAsNominated,FixedFlat,1676868.62145343,-1676868.62145343,443460.0584018443,65.0,0.7388490555622602,1990493.475144299,-313624.85369086894,88,joint,PayAsNominated / FixedFlat
PayAsNominated,FixedEscalated,3524033.440444671,-3524033.440444671,443460.0584018443,71.16648276672456,0.7388490555622602,4033448.0441840068,-509414.60373933567,88,joint,PayAsNominated / FixedEscalated
PayAsNominated,IndexedWithFloorCap,580676.2340124939,-580676.2340124939,443460.0584018443,61.12596382810458,0.7388490555622602,707026.0274272964,-126349.79341480252,88,joint,PayAsNominated / IndexedWithFloorCap
PayAsNominated,Floating,0.0,-0.0,443460.0584018443,58.991866535962885,0.7388490555622602,0.0,0.0,88,joint,PayAsNominated / Floating
Baseload,FixedFlat,-1054771.0010279075,1054771.0010279075,443460.0584018442,65.00000000000004,0.7388490555622602,-727981.6785468142,-326789.32248109323,88,joint,Baseload / FixedFlat
Baseload,FixedEscalated,793700.3267094977,-793700.3267094977,443460.0584018442,71.17379605473562,0.7388490555622602,1317395.7814214851,-523695.4547119874,88,joint,Baseload / FixedEscalated
Baseload,IndexedWithFloorCap,-129555.27299502547,129555.27299502547,443460.0584018442,67.09312430421328,0.7388490555622602,-34529.99423571925,-95025.27875930622,88,joint,Baseload / IndexedWithFloorCap
Baseload,Floating,0.0,-0.0,443460.0584018442,67.19735012382597,0.7388490555622602,0.0,0.0,88,joint,Baseload / Floating
PayAsProduced,FixedFlat,4708992.066119559,-4708992.066119559,446755.1164896642,64.99999999999999,0.7402664825603508,5087791.5582968565,-378799.49217729736,89,joint,PayAsProduced / FixedFlat
PayAsProduced,FixedEscalated,6557949.9042946175,-6557949.9042946175,446755.1164896642,71.10804555620918,0.7402664825603508,7126421.880296754,-568471.9760021362,89,joint,PayAsProduced / FixedEscalated
PayAsProduced,IndexedWithFloorCap,2922890.4040273456,-2922890.4040273456,446755.1164896642,59.19887817491731,0.7402664825603508,3151600.5549067874,-228710.15087944176,89,joint,PayAsProduced / IndexedWithFloorCap
PayAsProduced,Floating,0.0,-0.0,446755.1164896642,49.75620504452826,0.7402664825603508,0.0,0.0,89,joint,PayAsProduced / Floating
PayAsNominated,FixedFlat,1633235.7867607772,-1633235.7867607772,446755.1164896642,65.00000000000001,0.7402664825603508,1956168.0548712434,-322932.2681104662,89,joint,PayAsNominated / FixedFlat
PayAsNominated,FixedEscalated,3482217.4757960276,-3482217.4757960276,446755.1164896642,71.10804555620919,0.7402664825603508,3994798.3768711365,-512580.9010751089,89,joint,PayAsNominated / FixedEscalated
PayAsNominated,IndexedWithFloorCap,586660.2540940527,-586660.2540940527,446755.1164896642,61.28168596503052,0.7402664825603508,715138.0611278585,-128477.80703380576,89,joint,PayAsNominated / IndexedWithFloorCap
PayAsNominated,Floating,0.0,-0.0,446755.1164896642,59.1390238996184,0.7402664825603508,0.0,0.0,89,joint,PayAsNominated / Floating
Baseload,FixedFlat,-1071510.4167910009,1071510.4167910009,446755.1164896641,65.0,0.7402664825603508,-738918.0168243295,-332592.39996667136,89,joint,Baseload / FixedFlat
Baseload,FixedEscalated,790695.6775463873,-790695.6775463873,446755.1164896641,71.1737960547356,0.7402664825603508,1321657.2888449016,-530961.6112985143,89,joint,Baseload / FixedEscalated
Baseload,IndexedWithFloorCap,-117113.10321587505,117113.10321587505,446755.1164896641,67.15079126881028,0.7402664825603508,-21066.740742736503,-96046.36247313855,89,joint,Baseload / IndexedWithFloorCap
Baseload,Floating,0.0,-0.0,446755.1164896641,67.21391041836323,0.7402664825603508,0.0,0.0,89,joint,Baseload / Floating
PayAsProduced,FixedFlat,4815266.434241244,-4815266.434241244,447610.4209174902,65.00000000000001,0.7367532749284943,5184638.944004686,-369372.509763442,90,joint,PayAsProduced / FixedFlat
PayAsProduced,FixedEscalated,6674385.223920882,-6674385.223920882,447610.4209174902,71.1399581136322,0.7367532749284943,7237843.760016925,-563458.536096043,90,joint,PayAsProduced / FixedEscalated
PayAsProduced,IndexedWithFloorCap,2933423.1225057845,-2933423.1225057845,447610.4209174902,58.960951414549065,0.7367532749284943,3165178.3206088822,-231755.19810309773,90,joint,PayAsProduced / IndexedWithFloorCap
PayAsProduced,Floating,0.0,-0.0,447610.4209174902,49.49571825361176,0.7367532749284943,0.0,0.0,90,joint,PayAsProduced / Floating
PayAsNominated,FixedFlat,1725494.2735252318,-1725494.2735252318,447610.42091749026,65.0,0.7367532749284943,2038895.4185580374,-313401.1450328056,90,joint,PayAsNominated / FixedFlat
PayAsNominated,FixedEscalated,3584637.0718677673,-3584637.0718677673,447610.42091749026,71.13995811363218,0.7367532749284943,4092100.2345702713,-507463.1627025041,90,joint,PayAsNominated / FixedEscalated
PayAsNominated,IndexedWithFloorCap,601050.235695207,-601050.235695207,447610.42091749026,61.08490294663933,0.7367532749284943,729685.163968833,-128634.92827362602,90,joint,PayAsNominated / IndexedWithFloorCap
PayAsNominated,Floating,0.0,-0.0,447610.42091749026,58.902833087866526,0.7367532749284943,0.0,0.0,90,joint,PayAsNominated / Floating
Baseload,FixedFlat,-1061285.197089136,1061285.197089136,447610.4209174902,64.99999999999996,0.7367532749284943,-729280.4214702222,-332004.77561891393,90,joint,Baseload / FixedFlat
Baseload,FixedEscalated,804486.0564579024,-804486.0564579024,447610.4209174902,71.1737960547356,0.7367532749284943,1335239.8176038289,-530753.7611459264,90,joint,Baseload / FixedEscalated
Baseload,IndexedWithFloorCap,-123265.71649798178,123265.71649798178,447610.4209174902,67.10020989870883,0.7367532749284943,-26969.265781458424,-96296.45071652335,90,joint,Baseload / IndexedWithFloorCap
Baseload,Floating,0.0,-0.0,447610.4209174902,67.18085950607492,0.7367532749284943,0.0,0.0,90,joint,Baseload / Floating
PayAsProduced,FixedFlat,4649045.076262122,-4649045.076262122,445371.8392873141,64.99999999999999,0.7418831295562863,5032358.284256273,-383313.20799415093,91,joint,PayAsProduced / FixedFlat
PayAsProduced,FixedEscalated,6487924.055791877,-6487924.055791877,445371.8392873141,71.09767271124194,0.7418831295562863,7061225.107254081,-573301.0514622042,91,joint,PayAsProduced / FixedEscalated
PayAsProduced,IndexedWithFloorCap,2836693.2655690126,-2836693.2655690126,445371.8392873141,59.10397520950112,0.7418831295562863,3070585.3831030875,-233892.11753407493,91,joint,PayAsProduced / IndexedWithFloorCap
PayAsProduced,Floating,0.0,-0.0,445371.8392873141,49.875461792134075,0.7418831295562863,0.0,0.0,91,joint,PayAsProduced / Floating
PayAsNominated,FixedFlat,1655451.9269553553,-1655451.9269553553,445371.8392873142,64.99999999999997,0.7418831295562863,1977883.9558341152,-322432.0288787598,91,joint,PayAsNominated / FixedFlat
PayAsNominated,FixedEscalated,3494354.7939849882,-3494354.7939849882,445371.8392873142,71.09767271124191,0.7418831295562863,4006750.7788319187,-512395.9848469305,91,joint,PayAsNominated / FixedEscalated
PayAsNominated,IndexedWithFloorCap,560590.2890711608,-560590.2890711608,445371.8392873142,61.133757269566175,0.7418831295562863,691476.5055011621,-130886.21643000131,91,joint,PayAsNominated / IndexedWithFloorCap
PayAsNominated,Floating,0.0,-0.0,445371.8392873142,59.05555412174727,0.7418831295562863,0.0,0.0,91,joint,PayAsNominated / Floating
Baseload,FixedFlat,-1069003.6501875396,1069003.6501875396,445371.83928731387,65.00000000000004,0.7418831295562863,-741382.1476517583,-327621.50253578136,91,joint,Baseload / FixedFlat
Baseload,FixedEscalated,787436.5398741146,-787436.5398741146,445371.83928731387,71.17379605473562,0.7418831295562863,1312813.0478881053,-525376.5080139907,91,joint,Baseload / FixedEscalated
Baseload,IndexedWithFloorCap,-142873.88579704845,142873.88579704845,445371.83928731387,67.0881889847235,0.7418831295562863,-46583.073991409285,-96290.81180563917,91,joint,Baseload / IndexedWithFloorCap
Baseload,Floating,0.0,-0.0,445371.83928731387,67.22819242697186,0.7418831295562863,0.0,0.0,91,joint,Baseload / Floating
PayAsProduced,FixedFlat,4607271.992018613,-4607271.992018613,442618.7404269449,65.0,0.7435225168413448,4969936.595619268,-362664.60360065475,92,joint,PayAsProduced / FixedFlat
PayAsProduced,FixedEscalated,6434767.491182285,-6434767.491182285,442618.7404269449,71.0978222261846,0.7435225168413448,6986311.26906626,-551543.7778839748,92,joint,PayAsProduced / FixedEscalated
PayAsProduced,IndexedWithFloorCap,2822678.964341784,-2822678.964341784,442618.7404269449,59.16959166265859,0.7435225168413448,3041988.0147657893,-219309.05042400537,92,joint,PayAsProduced / IndexedWithFloorCap
PayAsProduced,Floating,0.0,-0.0,442618.7404269449,49.970159447753986,0.7435225168413448,0.0,0.0,92,joint,PayAsProduced / Floating
PayAsNominated,FixedFlat,1616012.6443714644,-1616012.6443714644,442618.7404269449,65.00000000000001,0.7435225168413448,1926636.2043870836,-310623.56001561927,92,joint,PayAsNominated / FixedFlat
PayAsNominated,FixedEscalated,3443531.6147789806,-3443531.6147789806,442618.7404269449,71.09782222618459,0.7435225168413448,3943010.8778340667,-499479.26305508614,92,joint,PayAsNominated / FixedEscalated
PayAsNominated,IndexedWithFloorCap,561953.8759040759,-561953.8759040759,442618.7404269449,61.24993277402098,0.7435225168413448,686596.6791746553,-124642.80327057943,92,joint,PayAsNominated / IndexedWithFloorCap
PayAsNominated,Floating,0.0,-0.0,442618.7404269449,59.17356048774418,0.7435225168413448,0.0,0.0,92,joint,PayAsNominated / Floating
Baseload,FixedFlat,-1057475.7696064329,1057475.7696064329,442618.7404269449,65.0,0.7435225168413448,-729898.9865236557,-327576.78308277717,92,joint,Baseload / FixedFlat
Baseload,FixedEscalated,787488.6985510678,-787488.6985510678,442618.7404269449,71.1737960547356,0.7435225168413448,1311598.0499658696,-524109.3514148018,92,joint,Baseload / FixedEscalated
Baseload,IndexedWithFloorCap,-125537.62952265532,125537.62952265532,442618.7404269449,67.11570099805563,0.7435225168413448,-30297.43193141048,-95240.19759124484,92,joint,Baseload / IndexedWithFloorCap
Baseload,Floating,0.0,-0.0,442618.7404269449,67.20732501826406,0.7435225168413448,0.0,0.0,92,joint,Baseload / Floating
PayAsProduced,FixedFlat,4660801.783489142,-4660801.783489142,444505.3251013794,64.99999999999999,0.7411798433223574,5045007.954683696,-384206.1711945543,93,joint,PayAsProduced / FixedFlat
PayAsProduced,FixedEscalated,6503336.955481758,-6503336.955481758,444505.3251013794,71.125953854813,0.7411798433223574,7079319.0423054155,-575982.0868236572,93,joint,PayAsProduced / FixedEscalated
PayAsProduced,IndexedWithFloorCap,2835316.6264758306,-2835316.6264758306,444505.3251013794,59.05571122548499,0.7411798433223574,3071024.3353783777,-235707.70890254714,93,joint,PayAsProduced / IndexedWithFloorCap
PayAsProduced,Floating,0.0,-0.0,444505.3251013794,49.80788601329992,0.7411798433223574,0.0,0.0,93,joint,PayAsProduced / Floating
PayAsNominated,FixedFlat,1639046.4146549422,-1639046.4146549422,444505.32510137936,65.00000000000001,0.7411798433223574,1955699.6926898065,-316653.2780348642,93,joint,PayAsNominated / FixedFlat
PayAsNominated,FixedEscalated,3481605.421646161,-3481605.421646161,444505.32510137936,71.12595385481302,0.7411798433223574,3990010.78031152,-508405.3586653592,93,joint,PayAsNominated / FixedEscalated
PayAsNominated,IndexedWithFloorCap,562996.2806227964,-562996.2806227964,444505.32510137936,61.19466840015361,0.7411798433223574,692022.4843538784,-129026.20373108203,93,joint,PayAsNominated / IndexedWithFloorCap
PayAsNominated,Floating,0.0,-0.0,444505.32510137936,59.11076990919025,0.7411798433223574,0.0,0.0,93,joint,PayAsNominated / Floating
Baseload,FixedFlat,-1055904.908259139,1055904.908259139,444505.3251013794,65.0,0.7411798433223574,-730846.624439435,-325058.28381970397,93,joint,Baseload / FixedFlat
Baseload,FixedEscalated,796923.3970398817,-796923.3970398817,444505.3251013794,71.17379605473559,0.7411798433223574,1319351.934760646,-522428.5377207643,93,joint,Baseload / FixedEscalated
Baseload,IndexedWithFloorCap,-133199.9375615001,133199.9375615001,444505.3251013794,67.08947330154366,0.7411798433223574,-36972.85304623317,-96227.08451526692,93,joint,Baseload / IndexedWithFloorCap
Baseload,Floating,0.0,-0.0,444505.3251013794,67.2008102514429,0.7411798433223574,0.0,0.0,93,joint,Baseload / Floating
PayAsProduced,FixedFlat,4589168.973013055,-4589168.973013055,442459.7308494224,65.0,0.7437058872314934,4967259.699691698,-378090.7266786434,94,joint,PayAsProduced / FixedFlat
PayAsProduced,FixedEscalated,6420909.204870141,-6420909.204870141,442459.7308494224,71.11418364262632,0.7437058872314934,6988318.30290664,-567409.0980364988,94,joint,PayAsProduced / FixedEscalated
PayAsProduced,IndexedWithFloorCap,2847052.9723989544,-2847052.9723989544,442459.7308494224,59.28421701518353,0.7437058872314934,3077893.4243583595,-230840.4519594051,94,joint,PayAsProduced / IndexedWithFloorCap
PayAsProduced,Floating,0.0,-0.0,442459.7308494224,49.97285632577873,0.7437058872314934,0.0,0.0,94,joint,PayAsProduced / Floating
PayAsNominated,FixedFlat,1618014.498355529,-1618014.498355529,442459.73084942246,65.0,0.7437058872314934,1928635.5190891463,-310621.02073361725,94,joint,PayAsNominated / FixedFlat
PayAsNominated,FixedEscalated,3449778.416551626,-3449778.416551626,442459.73084942246,71.1141836426263,0.7437058872314934,3949694.122304083,-499915.705752457,94,joint,PayAsNominated / FixedEscalated
PayAsNominated,IndexedWithFloorCap,568760.2958359089,-568760.2958359089,442459.73084942246,61.271495315178605,0.7437058872314934,696169.0262854315,-127408.73044952261,94,joint,PayAsNominated / IndexedWithFloorCap
PayAsNominated,Floating,0.0,-0.0,442459.73084942246,59.16541819982601,0.7437058872314934,0.0,0.0,94,joint,PayAsNominated / Floating
Baseload,FixedFlat,-1045108.2765879814,1045108.2765879814,442459.7308494223,65.00000000000006,0.7437058872314934,-725357.9114085415,-319750.3651794399,94,joint,Baseload / FixedFlat
Baseload,FixedEscalated,799193.3931070259,-799193.3931070259,442459.7308494223,71.17379605473562,0.7437058872314934,1315405.7228283389,-516212.32972131297,94,joint,Baseload / FixedEscalated
Baseload,IndexedWithFloorCap,-123661.68998096154,123661.68998096154,442459.7308494223,67.10995592059301,0.7437058872314934,-27906.736408020923,-95754.95357294062,94,joint,Baseload / IndexedWithFloorCap
Baseload,Floating,0.0,-0.0,442459.7308494223,67.19438044494554,0.7437058872314934,0.0,0.0,94,joint,Baseload / Floating
PayAsProduced,FixedFlat,4738864.687491795,-4738864.687491795,445053.8956747999,65.0,0.7387945806573596,5112935.657226346,-374070.9697345514,95,joint,PayAsProduced / FixedFlat
PayAsProduced,FixedEscalated,6589272.132165076,-6589272.132165076,445053.8956747999,71.1445335320058,0.7387945806573596,7155934.884914237,-566662.7527491609,95,joint,PayAsProduced / FixedEscalated
PayAsProduced,IndexedWithFloorCap,2905630.3422460807,-2905630.3422460807,445053.8956747999,59.04383899383794,0.7387945806573596,3132568.5110157193,-226938.16876963852,95,joint,PayAsProduced / IndexedWithFloorCap
PayAsProduced,Floating,0.0,-0.0,445053.8956747999,49.622312056196776,0.7387945806573596,0.0,0.0,95,joint,PayAsProduced / Floating
PayAsNominated,FixedFlat,1697089.6428600617,-1697089.6428600617,445053.8956747998,65.0,0.7387945806573596,2007351.3339102364,-310261.69105017465,95,joint,PayAsNominated / FixedFlat
PayAsNominated,FixedEscalated,3547521.0476907967,-3547521.0476907967,445053.8956747998,71.14453353200582,0.7387945806573596,4050350.5615981356,-502829.51390733896,95,joint,PayAsNominated / FixedEscalated
PayAsNominated,IndexedWithFloorCap,595314.8522950116,-595314.8522950116,445053.8956747998,61.13247362323541,0.7387945806573596,721435.4283926189,-126120.57609760726,95,joint,PayAsNominated / IndexedWithFloorCap
PayAsNominated,Floating,0.0,-0.0,445053.8956747998,58.962681231315514,0.7387945806573596,0.0,0.0,95,joint,PayAsNominated / Floating
Baseload,FixedFlat,-1043120.7859182255,1043120.7859182255,445053.8956747999,64.99999999999999,0.7387945806573596,-720370.3767014856,-322750.40921673994,95,joint,Baseload / FixedFlat
Baseload,FixedEscalated,811994.1221018218,-811994.1221018218,445053.8956747999,71.1737960547356,0.7387945806573596,1332358.362759077,-520364.24065725517,95,joint,Baseload / FixedEscalated
Baseload,IndexedWithFloorCap,-123815.70941030915,123815.70941030915,445053.8956747999,67.07786976301901,0.7387945806573596,-29498.35216585933,-94317.35724444981,95,joint,Baseload / IndexedWithFloorCap
Baseload,Floating,0.0,-0.0,445053.8956747999,67.1665891377332,0.7387945806573596,0.0,0.0,95,joint,Baseload / Floating
PayAsProduced,FixedFlat,4775273.725193144,-4775273.725193144,446786.1786224356,65.0,0.7380514022251602,5153049.771119214,-377776.04592606984,96,joint,PayAsProduced / FixedFlat
PayAsProduced,FixedEscalated,6623831.740933863,-6623831.740933863,446786.1786224356,71.11183976341049,0.7380514022251602,7193088.283917946,-569256.5429840824,96,joint,PayAsProduced / FixedEscalated
PayAsProduced,IndexedWithFloorCap,2870325.986708243,-2870325.986708243,446786.1786224356,58.85219197750502,0.7380514022251602,3101005.604276676,-230679.61756843328,96,joint,PayAsProduced / IndexedWithFloorCap
PayAsProduced,Floating,0.0,-0.0,446786.1786224356,49.561754939247585,0.7380514022251602,0.0,0.0,96,joint,PayAsProduced / Floating
PayAsNominated,FixedFlat,1709883.7397718844,-1709883.7397718844,446786.1786224356,65.0,0.7380514022251602,2029342.5532399083,-319458.8134680239,96,joint,PayAsNominated / FixedFlat
PayAsNominated,FixedEscalated,3558465.588143482,-3558465.588143482,446786.1786224356,71.11183976341049,0.7380514022251602,4069381.0660386398,-510915.4778951579,96,joint,PayAsNominated / FixedEscalated
PayAsNominated,IndexedWithFloorCap,569138.6906176057,-569138.6906176057,446786.1786224356,61.01295006564561,0.7380514022251602,698526.3451271688,-129387.65450956312,96,joint,PayAsNominated / IndexedWithFloorCap
PayAsNominated,Floating,0.0,-0.0,446786.1786224356,58.920204725225055,0.7380514022251602,0.0,0.0,96,joint,PayAsNominated / Floating
Baseload,FixedFlat,-1055551.0675210487,1055551.0675210487,446786.1786224356,64.99999999999997,0.7380514022251602,-718362.159005582,-337188.9085154667,96,joint,Baseload / FixedFlat
Baseload,FixedEscalated,806784.5028778666,-806784.5028778666,446786.1786224356,71.17379605473559,0.7380514022251602,1342356.415003216,-535571.9121253493,96,joint,Baseload / FixedEscalated
Baseload,IndexedWithFloorCap,-137824.33586927605,137824.33586927605,446786.1786224356,67.03401944816426,0.7380514022251602,-39437.61735148188,-98386.71851779417,96,joint,Baseload / IndexedWithFloorCap
Baseload,Floating,0.0,-0.0,446786.1786224356,67.15217231458847,0.7380514022251602,0.0,0.0,96,joint,Baseload / Floating
PayAsProduced,FixedFlat,4754556.4250703305,-4754556.4250703305,446191.66772824683,65.0,0.7386546284583796,5131278.296324969,-376721.87125463877,97,joint,PayAsProduced / FixedFlat
PayAsProduced,FixedEscalated,6599120.6664163545,-6599120.6664163545,446191.66772824683,71.10821846122067,0.7386546284583796,7167395.128497805,-568274.462081451,97,joint,PayAsProduced / FixedEscalated
PayAsProduced,IndexedWithFloorCap,2885222.7836864176,-2885222.7836864176,446191.66772824683,58.94614464160953,0.7386546284583796,3113282.8901332864,-228060.10644686874,97,joint,PayAsProduced / IndexedWithFloorCap
PayAsProduced,Floating,0.0,-0.0,446191.66772824683,49.606497857087305,0.7386546284583796,0.0,0.0,97,joint,PayAsProduced / Floating
PayAsNominated,FixedFlat,1682913.515199011,-1682913.515199011,446191.66772824683,65.0,0.7386546284583796,1998468.4241659446,-315554.9089669336,97,joint,PayAsNominated / FixedFlat
PayAsNominated,FixedEscalated,3527501.5136856455,-3527501.5136856455,446191.66772824683,71.10821846122067,0.7386546284583796,4034585.2563387793,-507083.7426531338,97,joint,PayAsNominated / FixedEscalated
PayAsNominated,IndexedWithFloorCap,576079.1269983088,-576079.1269983088,446191.66772824683,61.11354642806671,0.7386546284583796,702955.8969846216,-126876.76998631284,97,joint,PayAsNominated / IndexedWithFloorCap
PayAsNominated,Floating,0.0,-0.0,446191.66772824683,59.00472432142793,0.7386546284583796,0.0,0.0,97,joint,PayAsNominated / Floating
Baseload,FixedFlat,-1047809.3417727322,1047809.3417727322,446191.6677282469,65.0,0.7386546284583796,-719317.4367973509,-328491.90497538133,97,joint,Baseload / FixedFlat
Baseload,FixedEscalated,812048.1332010941,-812048.1332010941,446191.6677282469,71.17379605473559,0.7386546284583796,1338659.0657223808,-526610.9325212867,97,joint,Baseload / FixedEscalated
Baseload,IndexedWithFloorCap,-127576.22572417719,127576.22572417719,446191.6677282469,67.06193571289259,0.7386546284583796,-31990.675560343963,-95585.55016383322,97,joint,Baseload / IndexedWithFloorCap
Baseload,Floating,0.0,-0.0,446191.6677282469,67.15790566508639,0.7386546284583796,0.0,0.0,97,joint,Baseload / Floating
PayAsProduced,FixedFlat,4657146.111926921,-4657146.111926921,442721.99441859615,64.99999999999999,0.7404014948675728,5036348.980870646,-379202.8689437257,98,joint,PayAsProduced / FixedFlat
PayAsProduced,FixedEscalated,6495934.433388304,-6495934.433388304,442721.99441859615,71.1403312780992,0.7404014948675728,7067253.835368396,-571319.4019800918,98,joint,PayAsProduced / FixedEscalated
PayAsProduced,IndexedWithFloorCap,2850922.3187596686,-2850922.3187596686,442721.99441859615,59.090429229030384,0.7404014948675728,3081767.798977896,-230845.4802182275,98,joint,PayAsProduced / IndexedWithFloorCap
PayAsProduced,Floating,0.0,-0.0,442721.99441859615,49.77287052311913,0.7404014948675728,0.0,0.0,98,joint,PayAsProduced / Floating
PayAsNominated,FixedFlat,1652003.6784687105,-1652003.6784687105,442721.99441859615,65.0,0.7404014948675728,1973064.321642034,-321060.6431733235,98,joint,PayAsNominated / FixedFlat
PayAsNominated,FixedEscalated,3490815.8218467208,-3490815.8218467208,442721.99441859615,71.14033127809921,0.7404014948675728,4003969.176139784,-513153.3542930633,98,joint,PayAsNominated / FixedEscalated
PayAsNominated,IndexedWithFloorCap,573974.8562748916,-573974.8562748916,442721.99441859615,61.15857261629171,0.7404014948675728,702518.2927006113,-128543.43642571964,98,joint,PayAsNominated / IndexedWithFloorCap
PayAsNominated,Floating,0.0,-0.0,442721.99441859615,59.03454645300145,0.7404014948675728,0.0,0.0,98,joint,PayAsNominated / Floating
Baseload,FixedFlat,-1063878.97678139,1063878.97678139,442721.99441859615,65.00000000000003,0.7404014948675728,-735638.2798437777,-328240.69693761226,98,joint,Baseload / FixedFlat
Baseload,FixedEscalated,781515.8842365852,-781515.8842365852,442721.99441859615,71.17379605473559,0.7404014948675728,1306334.996575743,-524819.1123391577,98,joint,Baseload / FixedEscalated
Baseload,IndexedWithFloorCap,-132460.13505861684,132460.13505861684,442721.99441859615,67.11514892526799,0.7404014948675728,-36056.1195727514,-96404.01548586544,98,joint,Baseload / IndexedWithFloorCap
Baseload,Floating,0.0,-0.0,442721.99441859615,67.22416265788532,0.7404014948675728,0.0,0.0,98,joint,Baseload / Floating
PayAsProduced,FixedFlat,4724230.2984277075,-4724230.2984277075,444495.9990974301,65.0,0.7387370794966621,5105792.109635571,-381561.8112078635,99,joint,PayAsProduced / FixedFlat
PayAsProduced,FixedEscalated,6568658.0799944475,-6568658.0799944475,444495.9990974301,71.13290640771889,0.7387370794966621,7142369.276363725,-573711.1963692773,99,joint,PayAsProduced / FixedEscalated
PayAsProduced,IndexedWithFloorCap,2867580.0266605173,-2867580.0266605173,444495.9990974301,58.96231053903166,0.7387370794966621,3100833.990508353,-233253.96384783555,99,joint,PayAsProduced / IndexedWithFloorCap
PayAsProduced,Floating,0.0,-0.0,444495.9990974301,49.62452311788866,0.7387370794966621,0.0,0.0,99,joint,PayAsProduced / Floating
PayAsNominated,FixedFlat,1713196.041908997,-1713196.041908997,444495.9990974301,65.0,0.7387370794966621,2027508.8743526023,-314312.8324436052,99,joint,PayAsNominated / FixedFlat
PayAsNominated,FixedEscalated,3557647.795237218,-3557647.795237218,444495.9990974301,71.13290640771888,0.7387370794966621,4064086.0410807515,-506438.2458435334,99,joint,PayAsNominated / FixedEscalated
PayAsNominated,IndexedWithFloorCap,588430.8131212003,-588430.8131212003,444495.9990974301,61.056815458181525,0.7387370794966621,718080.8367820975,-129650.02366089716,99,joint,PayAsNominated / IndexedWithFloorCap
PayAsNominated,Floating,0.0,-0.0,444495.9990974301,58.89440166060559,0.7387370794966621,0.0,0.0,99,joint,PayAsNominated / Floating
Baseload,FixedFlat,-1046087.9202439883,1046087.9202439883,444495.99909743,65.0,0.7387370794966621,-722197.3632371423,-323890.55700684595,99,joint,Baseload / FixedFlat
Baseload,FixedEscalated,806701.5115407754,-806701.5115407754,444495.99909743,71.17379605473562,0.7387370794966621,1327958.1814954479,-521256.66995467246,99,joint,Baseload / FixedEscalated
Baseload,IndexedWithFloorCap,-128621.76084291883,128621.76084291883,444495.99909743,67.07463679880978,0.7387370794966621,-33264.96270479632,-95356.79813812251,99,joint,Baseload / IndexedWithFloorCap
Baseload,Floating,0.0,-0.0,444495.99909743,67.17481022030233,0.7387370794966621,0.0,0.0,99,joint,Baseload / Floating
PayAsProduced,FixedFlat,4667453.148810394,-4667453.148810394,444759.45995466097,65.0,0.7410826517290504,5052613.406180638,-385160.2573702438,100,joint,PayAsProduced / FixedFlat
PayAsProduced,FixedEscalated,6503992.954490125,-6503992.954490125,444759.45995466097,71.10053969430085,0.7410826517290504,7079643.183024172,-575650.2285340466,100,joint,PayAsProduced / FixedEscalated
PayAsProduced,IndexedWithFloorCap,2864100.7276631733,-2864100.7276631733,444759.45995466097,59.126927596739826,0.7410826517290504,3101164.3148669656,-237063.5872037923,100,joint,PayAsProduced / IndexedWithFloorCap
PayAsProduced,Floating,0.0,-0.0,444759.45995466097,49.79367743064936,0.7410826517290504,0.0,0.0,100,joint,PayAsProduced / Floating
PayAsNominated,FixedFlat,1686269.6408806434,-1686269.6408806434,444759.4599546611,65.0,0.7410826517290504,2011787.6415575224,-325518.00067687896,100,joint,PayAsNominated / FixedFlat
PayAsNominated,FixedEscalated,3522833.1267874045,-3522833.1267874045,444759.4599546611,71.10053969430083,0.7410826517290504,4038817.4184010513,-515984.2916136468,100,joint,PayAsNominated / FixedEscalated
PayAsNominated,IndexedWithFloorCap,585033.9158809084,-585033.9158809084,444759.4599546611,61.10569503932567,0.7410826517290504,717824.7282810385,-132790.8124001301,100,joint,PayAsNominated / IndexedWithFloorCap
PayAsNominated,Floating,0.0,-0.0,444759.4599546611,58.94533296746291,0.7410826517290504,0.0,0.0,100,joint,PayAsNominated / Floating
Baseload,FixedFlat,-1057814.3473876296,1057814.3473876296,444759.45995466097,65.0,0.7410826517290504,-727822.3184511142,-329992.02893651533,100,joint,Baseload / FixedFlat
Baseload,FixedEscalated,796073.2663671797,-796073.2663671797,444759.45995466097,71.17379605473559,0.7410826517290504,1323548.39073372,-527475.1243665403,100,joint,Baseload / FixedEscalated
Baseload,IndexedWithFloorCap,-123628.6807965659,123628.6807965659,444759.45995466097,67.11523524751085,0.7410826517290504,-24991.90563714048,-98636.77515942542,100,joint,Baseload / IndexedWithFloorCap
Baseload,Floating,0.0,-0.0,444759.45995466097,67.19045077424722,0.7410826517290504,0.0,0.0,100,joint,Baseload / Floating
PayAsProduced,FixedFlat,4701901.9546736935,-4701901.9546736935,441761.2616768346,65.0,0.7377607477911978,5078776.509365031,-376874.55469133705,101,joint,PayAsProduced / FixedFlat
PayAsProduced,FixedEscalated,6535385.018112187,-6535385.018112187,441761.2616768346,71.13607557693996,0.7377607477911978,7103869.669071858,-568484.6509596705,101,joint,PayAsProduced / FixedEscalated
PayAsProduced,IndexedWithFloorCap,2853386.1976960055,-2853386.1976960055,441761.2616768346,58.9459557148502,0.7377607477911978,3080756.19219464,-227369.9944986347,101,joint,PayAsProduced / IndexedWithFloorCap
PayAsProduced,Floating,0.0,-0.0,441761.2616768346,49.6111985759891,0.7377607477911978,0.0,0.0,101,joint,PayAsProduced / Floating
PayAsNominated,FixedFlat,1659618.5119681628,-1659618.5119681628,441761.26167683466,65.0,0.7377607477911978,1974799.3162278496,-315180.80425968673,101,joint,PayAsNominated / FixedFlat
PayAsNominated,FixedEscalated,3493125.2680971497,-3493125.2680971497,441761.26167683466,71.13607557693996,0.7377607477911978,3999892.475934676,-506767.2078375262,101,joint,PayAsNominated / FixedEscalated
PayAsNominated,IndexedWithFloorCap,569588.6523059909,-569588.6523059909,441761.26167683466,61.124741386455206,0.7377607477911978,695845.1032326154,-126256.45092662447,101,joint,PayAsNominated / IndexedWithFloorCap
PayAsNominated,Floating,0.0,-0.0,441761.26167683466,59.01631584424605,0.7377607477911978,0.0,0.0,101,joint,PayAsNominated / Floating
Baseload,FixedFlat,-1062578.8064563435,1062578.8064563435,441761.2616768346,65.0,0.7377607477911978,-741132.2859085142,-321446.52054782934,101,joint,Baseload / FixedFlat
Baseload,FixedEscalated,778811.4392797849,-778811.4392797849,441761.2616768346,71.17379605473559,0.7377607477911978,1296409.788517009,-517598.3492372241,101,joint,Baseload / FixedEscalated
Baseload,IndexedWithFloorCap,-135425.54043581645,135425.54043581645,441761.2616768346,67.12051837092407,0.7377607477911978,-41296.178261917536,-94129.36217389892,101,joint,Baseload / IndexedWithFloorCap
Baseload,Floating,0.0,-0.0,441761.2616768346,67.24564667410327,0.7377607477911978,0.0,0.0,101,joint,Baseload / Floating
PayAsProduced,FixedFlat,4716431.2377467565,-4716431.2377467565,445188.34960217244,65.00000000000001,0.7397456281742304,5080219.147920961,-363787.91017420404,102,joint,PayAsProduced / FixedFlat
PayAsProduced,FixedEscalated,6554650.68618385,-6554650.68618385,445188.34960217244,71.09717400908588,0.7397456281742304,7108084.229950273,-553433.5437664231,102,joint,PayAsProduced / FixedEscalated
PayAsProduced,IndexedWithFloorCap,2859592.546631571,-2859592.546631571,445188.34960217244,58.998435532297776,0.7397456281742304,3084152.937006653,-224560.39037508192,102,joint,PayAsProduced / IndexedWithFloorCap
PayAsProduced,Floating,0.0,-0.0,445188.34960217244,49.72532496187228,0.7397456281742304,0.0,0.0,102,joint,PayAsProduced / Floating
PayAsNominated,FixedFlat,1667896.832452219,-1667896.832452219,445188.3496021725,65.0,0.7397456281742304,1977835.373731784,-309938.5412795651,102,joint,PayAsNominated / FixedFlat
PayAsNominated,FixedEscalated,3506140.0965665765,-3506140.0965665765,445188.3496021725,71.09717400908586,0.7397456281742304,4005700.455761098,-499560.3591945213,102,joint,PayAsNominated / FixedEscalated
PayAsNominated,IndexedWithFloorCap,564584.1260206569,-564584.1260206569,445188.3496021725,61.126370919091855,0.7397456281742304,689501.2795758185,-124917.15355516155,102,joint,PayAsNominated / IndexedWithFloorCap
PayAsNominated,Floating,0.0,-0.0,445188.3496021725,59.05325011913503,0.7397456281742304,0.0,0.0,102,joint,PayAsNominated / Floating
Baseload,FixedFlat,-1066058.6415225752,1066058.6415225752,445188.3496021724,65.00000000000001,0.7397456281742304,-738182.8527162198,-327875.7888063553,102,joint,Baseload / FixedFlat
Baseload,FixedEscalated,789616.7098225041,-789616.7098225041,445188.3496021724,71.1737960547356,0.7397456281742304,1315166.0306045108,-525549.3207820067,102,joint,Baseload / FixedEscalated
Baseload,IndexedWithFloorCap,-137128.96879271997,137128.96879271997,445188.3496021724,67.0955584031148,0.7397456281742304,-41219.02870577641,-95909.94008694356,102,joint,Baseload / IndexedWithFloorCap
Baseload,Floating,0.0,-0.0,445188.3496021724,67.21949149547473,0.7397456281742304,0.0,0.0,102,joint,Baseload / Floating
PayAsProduced,FixedFlat,4677876.288448919,-4677876.288448919,441935.588574221,64.99999999999999,0.7398150804933916,5052598.004544277,-374721.71609535813,103,joint,PayAsProduced / FixedFlat
PayAsProduced,FixedEscalated,6510859.592059694,-6510859.592059694,441935.588574221,71.13259186870822,0.7398150804933916,7077340.117962016,-566480.5259023216,103,joint,PayAsProduced / FixedEscalated
PayAsProduced,IndexedWithFloorCap,2856256.0212654495,-2856256.0212654495,441935.588574221,59.02204757195036,0.7398150804933916,3078911.789611235,-222655.76834578533,103,joint,PayAsProduced / IndexedWithFloorCap
PayAsProduced,Floating,0.0,-0.0,441935.588574221,49.6965590169819,0.7398150804933916,0.0,0.0,103,joint,PayAsProduced / Floating
PayAsNominated,FixedFlat,1687895.0001629586,-1687895.0001629586,441935.58857422107,64.99999999999999,0.7398150804933916,1997910.991066899,-310015.9909039403,103,joint,PayAsNominated / FixedFlat
PayAsNominated,FixedEscalated,3520902.047342955,-3520902.047342955,441935.58857422107,71.13259186870822,0.7398150804933916,4022653.1044846373,-501751.05714168213,103,joint,PayAsNominated / FixedEscalated
PayAsNominated,IndexedWithFloorCap,578660.875474756,-578660.875474756,441935.58857422107,61.07749514671741,0.7398150804933916,702853.2183409252,-124192.34286616917,103,joint,PayAsNominated / IndexedWithFloorCap
PayAsNominated,Floating,0.0,-0.0,441935.58857422107,58.94867493641556,0.7398150804933916,0.0,0.0,103,joint,PayAsNominated / Floating
Baseload,FixedFlat,-1040830.3744864799,1040830.3744864799,441935.58857422124,64.99999999999999,0.7398150804933916,-717868.3562959008,-322962.01819057914,103,joint,Baseload / FixedFlat
Baseload,FixedEscalated,801286.5167848369,-801286.5167848369,441935.58857422124,71.17379605473553,0.7398150804933916,1320477.7686857416,-519191.2519009047,103,joint,Baseload / FixedEscalated
Baseload,IndexedWithFloorCap,-121989.90885920069,121989.90885920069,441935.58857422124,67.09040025897173,0.7398150804933916,-27699.904056966763,-94290.00480223392,103,joint,Baseload / IndexedWithFloorCap
Baseload,Floating,0.0,-0.0,441935.58857422124,67.17429845284937,0.7398150804933916,0.0,0.0,103,joint,Baseload / Floating
PayAsProduced,FixedFlat,4742390.1569117205,-4742390.1569117205,445060.2498867729,65.0,0.7396156690954575,5107511.411883636,-365121.25497191586,104,joint,PayAsProduced / FixedFlat
PayAsProduced,FixedEscalated,6582027.697760338,-6582027.697760338,445060.2498867729,71.10268977708684,0.7396156690954575,7136626.957283683,-554599.2595233452,104,joint,PayAsProduced / FixedEscalated
PayAsProduced,IndexedWithFloorCap,2892498.843733461,-2892498.843733461,445060.2498867729,59.01266691470072,0.7396156690954575,3116751.422004519,-224252.57827105792,104,joint,PayAsProduced / IndexedWithFloorCap
PayAsProduced,Floating,0.0,-0.0,445060.2498867729,49.63884535786184,0.7396156690954575,0.0,0.0,104,joint,PayAsProduced / Floating
PayAsNominated,FixedFlat,1710584.4199909281,-1710584.4199909281,445060.24988677294,64.99999999999999,0.7396156690954575,2017060.8887888093,-306476.46879788116,104,joint,PayAsNominated / FixedFlat
PayAsNominated,FixedEscalated,3550245.764282421,-3550245.764282421,445060.24988677294,71.10268977708682,0.7396156690954575,4046176.434188856,-495930.6699064346,104,joint,PayAsNominated / FixedEscalated
PayAsNominated,IndexedWithFloorCap,592550.7102178608,-592550.7102178608,445060.24988677294,61.09487264889504,0.7396156690954575,718624.4772502065,-126073.76703234576,104,joint,PayAsNominated / IndexedWithFloorCap
PayAsNominated,Floating,0.0,-0.0,445060.24988677294,58.93356534393593,0.7396156690954575,0.0,0.0,104,joint,PayAsNominated / Floating
Baseload,FixedFlat,-1031853.2621573923,1031853.2621573923,445060.2498867731,64.99999999999999,0.7396156690954575,-703020.6003278388,-328832.66182955354,104,joint,Baseload / FixedFlat
Baseload,FixedEscalated,823288.132078087,-823288.132078087,445060.2498867731,71.17379605473556,0.7396156690954575,1349737.4467596302,-526449.3146815433,104,joint,Baseload / FixedEscalated
Baseload,IndexedWithFloorCap,-117345.92885369617,117345.92885369617,445060.2498867731,67.0514659151953,0.7396156690954575,-20917.866708596615,-96428.06214509955,104,joint,Baseload / IndexedWithFloorCap
Baseload,Floating,0.0,-0.0,445060.2498867731,67.11437768560207,0.7396156690954575,0.0,0.0,104,joint,Baseload / Floating
PayAsProduced,FixedFlat,4728723.028159104,-4728723.028159104,446490.3383580305,65.00000000000003,0.7398115990647732,5099956.94672299,-371233.9185638856,105,joint,PayAsProduced / FixedFlat
PayAsProduced,FixedEscalated,6569858.488588698,-6569858.488588698,446490.3383580305,71.08862812671155,0.7398115990647732,7130902.085677079,-561043.5970883807,105,joint,PayAsProduced / FixedEscalated
PayAsProduced,IndexedWithFloorCap,2893625.198459633,-2893625.198459633,446490.3383580305,59.059793388655336,0.7398115990647732,3118519.833037851,-224894.63457821775,105,joint,PayAsProduced / IndexedWithFloorCap
PayAsProduced,Floating,0.0,-0.0,446490.3383580305,49.71069419096833,0.7398115990647732,0.0,0.0,105,joint,PayAsProduced / Floating
PayAsNominated,FixedFlat,1702458.7539296332,-1702458.7539296332,446490.33835803054,65.0,0.7398115990647732,2017478.0120722407,-315019.2581426075,105,joint,PayAsNominated / FixedFlat
PayAsNominated,FixedEscalated,3543618.0362625625,-3543618.0362625625,446490.33835803054,71.08862812671154,0.7398115990647732,4048423.1510263346,-504805.1147637721,105,joint,PayAsNominated / FixedEscalated
PayAsNominated,IndexedWithFloorCap,586323.3008633953,-586323.3008633953,446490.33835803054,61.09208557185333,0.7398115990647732,713939.7361060133,-127616.43524261797,105,joint,PayAsNominated / IndexedWithFloorCap
PayAsNominated,Floating,0.0,-0.0,446490.33835803054,58.95174535553873,0.7398115990647732,0.0,0.0,105,joint,PayAsNominated / Floating
Baseload,FixedFlat,-1056270.7102275067,1056270.7102275067,446490.33835803065,64.99999999999996,0.7398115990647732,-731745.6310725261,-324525.0791549806,105,joint,Baseload / FixedFlat
Baseload,FixedEscalated,804831.7113545486,-804831.7113545486,446490.33835803065,71.17379605473556,0.7398115990647732,1327608.4344600232,-522776.7231054746,105,joint,Baseload / FixedEscalated
Baseload,IndexedWithFloorCap,-125337.34303122235,125337.34303122235,446490.33835803065,67.10298431446782,0.7398115990647732,-30266.46665655171,-95070.87637467064,105,joint,Baseload / IndexedWithFloorCap
Baseload,Floating,0.0,-0.0,446490.33835803065,67.1937210146606,0.7398115990647732,0.0,0.0,105,joint,Baseload / Floating
PayAsProduced,FixedFlat,4691662.0201865565,-4691662.0201865565,442363.5897057172,64.99999999999997,0.7400364978328594,5063467.400777258,-371805.3805907015,106,joint,PayAsProduced / FixedFlat
PayAsProduced,FixedEscalated,6516314.835709394,-6516314.835709394,442363.5897057172,71.08365011277212,0.7400364978328594,7073996.111293235,-557681.2755838409,106,joint,PayAsProduced / FixedEscalated
PayAsProduced,IndexedWithFloorCap,2856311.5420713606,-2856311.5420713606,442363.5897057172,59.014835632188124,0.7400364978328594,3085486.324354099,-229174.78228273848,106,joint,PayAsProduced / IndexedWithFloorCap
PayAsProduced,Floating,0.0,-0.0,442363.5897057172,49.67847593389941,0.7400364978328594,0.0,0.0,106,joint,PayAsProduced / Floating
PayAsNominated,FixedFlat,1657819.7583328777,-1657819.7583328777,442363.58970571705,65.00000000000001,0.7400364978328594,1972476.5191880025,-314656.7608551248,106,joint,PayAsNominated / FixedFlat
PayAsNominated,FixedEscalated,3482496.202843381,-3482496.202843381,442363.58970571705,71.08365011277215,0.7400364978328594,3983005.2297039735,-500509.0268605924,106,joint,PayAsNominated / FixedEscalated
PayAsNominated,IndexedWithFloorCap,576292.6419136331,-576292.6419136331,442363.58970571705,61.16784291637388,0.7400364978328594,706022.7131641842,-129730.07125055115,106,joint,PayAsNominated / IndexedWithFloorCap
PayAsNominated,Floating,0.0,-0.0,442363.58970571705,59.031491848072704,0.7400364978328594,0.0,0.0,106,joint,PayAsNominated / Floating
Baseload,FixedFlat,-1032219.6313594258,1032219.6313594258,442363.5897057171,65.0,0.7400364978328594,-703846.0301699032,-328373.60118952265,106,joint,Baseload / FixedFlat
Baseload,FixedEscalated,811681.2939073336,-811681.2939073336,442363.5897057171,71.1737960547356,0.7400364978328594,1336474.1708319467,-524792.876924613,106,joint,Baseload / FixedEscalated
Baseload,IndexedWithFloorCap,-124241.06855873298,124241.06855873298,442363.5897057171,67.05047853910878,0.7400364978328594,-26202.527214317826,-98038.54134441515,106,joint,Baseload / IndexedWithFloorCap
Baseload,Floating,0.0,-0.0,442363.5897057171,67.12976465266117,0.7400364978328594,0.0,0.0,106,joint,Baseload / Floating
PayAsProduced,FixedFlat,4738183.366316689,-4738183.366316689,443909.5678313871,64.99999999999999,0.7378255184662101,5103824.361775415,-365640.99545872584,107,joint,PayAsProduced / FixedFlat
PayAsProduced,FixedEscalated,6572425.691398428,-6572425.691398428,443909.5678313871,71.10372024153583,0.7378255184662101,7128035.46440797,-555609.7730095424,107,joint,PayAsProduced / FixedEscalated
PayAsProduced,IndexedWithFloorCap,2894137.8105031075,-2894137.8105031075,443909.5678313871,59.01959673234674,0.7378255184662101,3120509.561364829,-226371.75086172158,107,joint,PayAsProduced / IndexedWithFloorCap
PayAsProduced,Floating,0.0,-0.0,443909.5678313871,49.61014465057635,0.7378255184662101,0.0,0.0,107,joint,PayAsProduced / Floating
PayAsNominated,FixedFlat,1685889.343569643,-1685889.343569643,443909.56783138716,64.99999999999999,0.7378255184662101,1996017.3892576273,-310128.0456879842,107,joint,PayAsNominated / FixedFlat
PayAsNominated,FixedEscalated,3520155.3214959214,-3520155.3214959214,443909.56783138716,71.10372024153583,0.7378255184662101,4020228.4918901823,-500073.1703942609,107,joint,PayAsNominated / FixedEscalated
PayAsNominated,IndexedWithFloorCap,591514.5303495838,-591514.5303495838,443909.56783138716,61.14871126764378,0.7378255184662101,718792.8273538082,-127278.29700422438,107,joint,PayAsNominated / IndexedWithFloorCap
PayAsNominated,Floating,0.0,-0.0,443909.56783138716,58.98129388509689,0.7378255184662101,0.0,0.0,107,joint,PayAsNominated / Floating
Baseload,FixedFlat,-1069911.071479292,1069911.071479292,443909.56783138716,65.00000000000003,0.7378255184662101,-742305.01452026,-327606.05695903185,107,joint,Baseload / FixedFlat
Baseload,FixedEscalated,780433.943135466,-780433.943135466,443909.56783138716,71.17379605473559,0.7378255184662101,1305145.7245129945,-524711.7813775286,107,joint,Baseload / FixedEscalated
Baseload,IndexedWithFloorCap,-121820.35518588108,121820.35518588108,443909.56783138716,67.16342818137463,0.7378255184662101,-24835.148407146444,-96985.20677873463,107,joint,Baseload / IndexedWithFloorCap
Baseload,Floating,0.0,-0.0,443909.56783138716,67.23831503375732,0.7378255184662101,0.0,0.0,107,joint,Baseload / Floating
PayAsProduced,FixedFlat,4683189.962394558,-4683189.962394558,446332.56959362025,65.0,0.7412640427472115,5044621.518893241,-361431.55649868306,108,joint,PayAsProduced / FixedFlat
PayAsProduced,FixedEscalated,6527754.695475391,-6527754.695475391,446332.56959362025,71.10022105943867,0.7412640427472115,7078714.631767542,-550959.936292151,108,joint,PayAsProduced / FixedEscalated
PayAsProduced,IndexedWithFloorCap,2882048.781898801,-2882048.781898801,446332.56959362025,59.178244133082416,0.7412640427472115,3103381.4558942295,-221332.67399542825,108,joint,PayAsProduced / IndexedWithFloorCap
PayAsProduced,Floating,0.0,-0.0,446332.56959362025,49.87124004713559,0.7412640427472115,0.0,0.0,108,joint,PayAsProduced / Floating
PayAsNominated,FixedFlat,1632709.18382979,-1632709.18382979,446332.5695936203,65.0,0.7412640427472115,1947339.6827475026,-314630.4989177126,108,joint,PayAsNominated / FixedFlat
PayAsNominated,FixedEscalated,3477297.8747538873,-3477297.8747538873,446332.5695936203,71.10022105943865,0.7412640427472115,3981432.795621799,-504134.92086791154,108,joint,PayAsNominated / FixedEscalated
PayAsNominated,IndexedWithFloorCap,578721.0877279794,-578721.0877279794,446332.5695936203,61.273385140178696,0.7412640427472115,704715.5963680708,-125994.5086400914,108,joint,PayAsNominated / IndexedWithFloorCap
PayAsNominated,Floating,0.0,-0.0,446332.5695936203,59.15995144598328,0.7412640427472115,0.0,0.0,108,joint,PayAsNominated / Floating
Baseload,FixedFlat,-1091005.8703702602,1091005.8703702602,446332.56959362025,65.00000000000001,0.7412640427472115,-759804.4617865817,-331201.40858367854,108,joint,Baseload / FixedFlat
Baseload,FixedEscalated,769438.9248215498,-769438.9248215498,446332.56959362025,71.17379605473559,0.7412640427472115,1298821.9245142026,-529382.9996926528,108,joint,Baseload / FixedEscalated
Baseload,IndexedWithFloorCap,-125712.72543747489,125712.72543747489,446332.56959362025,67.19397719588366,0.7412640427472115,-28231.97277896955,-97480.75265850534,108,joint,Baseload / IndexedWithFloorCap
Baseload,Floating,0.0,-0.0,446332.56959362025,67.27864454655986,0.7412640427472115,0.0,0.0,108,joint,Baseload / Floating
PayAsProduced,FixedFlat,4680347.418911532,-4680347.418911532,444338.60124466993,65.00000000000001,0.742088032323207,5039594.733147442,-359247.3142359108,109,joint,PayAsProduced / FixedFlat
PayAsProduced,FixedEscalated,6513250.466967009,-6513250.466967009,444338.60124466993,71.08764757907113,0.742088032323207,7060426.79300134,-547176.3260343308,109,joint,PayAsProduced / FixedEscalated
PayAsProduced,IndexedWithFloorCap,2856337.9983551735,-2856337.9983551735,444338.60124466993,59.092602484086335,0.742088032323207,3078597.790502286,-222259.79214711254,109,joint,PayAsProduced / IndexedWithFloorCap
PayAsProduced,Floating,0.0,-0.0,444338.60124466993,49.81849269604195,0.742088032323207,0.0,0.0,109,joint,PayAsProduced / Floating
PayAsNominated,FixedFlat,1664430.3986980945,-1664430.3986980945,444338.60124467,64.99999999999999,0.742088032323207,1970053.0734225975,-305622.67472450295,109,joint,PayAsNominated / FixedFlat
PayAsNominated,FixedEscalated,3497357.1952061523,-3497357.1952061523,444338.60124467,71.08764757907113,0.742088032323207,3990885.1332765054,-493527.9380703531,109,joint,PayAsNominated / FixedEscalated
PayAsNominated,IndexedWithFloorCap,573472.3273482237,-573472.3273482237,444338.60124467,61.17020913033368,0.742088032323207,698730.4366515772,-125258.10930335359,109,joint,PayAsNominated / IndexedWithFloorCap
PayAsNominated,Floating,0.0,-0.0,444338.60124467,59.06532137859601,0.742088032323207,0.0,0.0,109,joint,PayAsNominated / Floating
Baseload,FixedFlat,-1028376.2420066908,1028376.2420066908,444338.6012446699,65.00000000000003,0.742088032323207,-708016.3160997018,-320359.925906989,109,joint,Baseload / FixedFlat
Baseload,FixedEscalated,823757.1094561538,-823757.1094561538,444338.6012446699,71.17379605473559,0.742088032323207,1341413.2601624662,-517656.1507063124,109,joint,Baseload / FixedEscalated
Baseload,IndexedWithFloorCap,-123436.63128846665,123436.63128846665,444338.6012446699,67.0465533938737,0.742088032323207,-28650.328363966863,-94786.30292449979,109,joint,Baseload / IndexedWithFloorCap
Baseload,Floating,0.0,-0.0,444338.6012446699,67.13286096270606,0.742088032323207,0.0,0.0,109,joint,Baseload / Floating
PayAsProduced,FixedFlat,4630310.9185939245,-4630310.9185939245,447629.1416395986,65.0,0.7436456408968369,5007029.884935869,-376718.9663419444,110,joint,PayAsProduced / FixedFlat
PayAsProduced,FixedEscalated,6476211.533573582,-6476211.533573582,447629.1416395986,71.09040606635837,0.7436456408968369,7043749.65314406,-567538.1195704779,110,joint,PayAsProduced / FixedEscalated
PayAsProduced,IndexedWithFloorCap,2841949.077901965,-2841949.077901965,447629.1416395986,59.20569295524618,0.7436456408968369,3069329.906882602,-227380.82898063678,110,joint,PayAsProduced / IndexedWithFloorCap
PayAsProduced,Floating,0.0,-0.0,447629.1416395986,50.02747129887242,0.7436456408968369,0.0,0.0,110,joint,PayAsProduced / Floating
PayAsNominated,FixedFlat,1615864.1184612177,-1615864.1184612177,447629.14163959865,64.99999999999999,0.7436456408968369,1932640.6189159027,-316776.50045468495,110,joint,PayAsNominated / FixedFlat
PayAsNominated,FixedEscalated,3461788.612762034,-3461788.612762034,447629.14163959865,71.09040606635836,0.7436456408968369,3969360.3871240946,-507571.7743620607,110,joint,PayAsNominated / FixedEscalated
PayAsNominated,IndexedWithFloorCap,563810.8003154668,-563810.8003154668,447629.14163959865,61.28800784344657,0.7436456408968369,691296.8197812397,-127486.0194657729,110,joint,PayAsNominated / IndexedWithFloorCap
PayAsNominated,Floating,0.0,-0.0,447629.14163959865,59.220821964186456,0.7436456408968369,0.0,0.0,110,joint,PayAsNominated / Floating
Baseload,FixedFlat,-1091840.1032293187,1091840.1032293187,447629.1416395984,65.00000000000003,0.7436456408968369,-760213.1191069471,-331626.98412237165,110,joint,Baseload / FixedFlat
Baseload,FixedEscalated,774009.1837671733,-774009.1837671733,447629.1416395984,71.17379605473563,0.7436456408968369,1304393.4658336656,-530384.2820664922,110,joint,Baseload / FixedEscalated
Baseload,IndexedWithFloorCap,-134319.1457570621,134319.1457570621,447629.1416395984,67.16065279846397,0.7436456408968369,-37659.611357482056,-96659.53439958004,110,joint,Baseload / IndexedWithFloorCap
Baseload,Floating,0.0,-0.0,447629.1416395984,67.27326638873225,0.7436456408968369,0.0,0.0,110,joint,Baseload / Floating
PayAsProduced,FixedFlat,4693563.020511197,-4693563.020511197,442115.31179833517,65.00000000000001,0.7383661088410799,5070637.51127567,-377074.49076447263,111,joint,PayAsProduced / FixedFlat
PayAsProduced,FixedEscalated,6523598.481514998,-6523598.481514998,442115.31179833517,71.11269080555543,0.7383661088410799,7089629.807234439,-566031.3257194413,111,joint,PayAsProduced / FixedEscalated
PayAsProduced,IndexedWithFloorCap,2872616.331332676,-2872616.331332676,442115.31179833517,59.05060663365139,0.7383661088410799,3105581.5720206737,-232965.24068799755,111,joint,PayAsProduced / IndexedWithFloorCap
PayAsProduced,Floating,0.0,-0.0,442115.31179833517,49.648163662873074,0.7383661088410799,0.0,0.0,111,joint,PayAsProduced / Floating
PayAsNominated,FixedFlat,1661002.127842743,-1661002.127842743,442115.3117983351,65.0,0.7383661088410799,1975026.3414753766,-314024.2136326337,111,joint,PayAsNominated / FixedFlat
PayAsNominated,FixedEscalated,3491061.245753388,-3491061.245753388,442115.3117983351,71.11269080555545,0.7383661088410799,3994018.6374341547,-502957.3916807668,111,joint,PayAsNominated / FixedEscalated
PayAsNominated,IndexedWithFloorCap,579837.770686398,-579837.770686398,442115.3117983351,61.16594369427459,0.7383661088410799,708656.0325933158,-128818.26190691779,111,joint,PayAsNominated / IndexedWithFloorCap
PayAsNominated,Floating,0.0,-0.0,442115.3117983351,59.020420294603824,0.7383661088410799,0.0,0.0,111,joint,PayAsNominated / Floating
Baseload,FixedFlat,-1064998.675761426,1064998.675761426,442115.3117983352,64.99999999999997,0.7383661088410799,-740051.9873800611,-324946.68838136503,111,joint,Baseload / FixedFlat
Baseload,FixedEscalated,777867.3545144289,-777867.3545144289,442115.3117983352,71.17379605473559,0.7383661088410799,1299123.0777162125,-521255.7232017836,111,joint,Baseload / FixedEscalated
Baseload,IndexedWithFloorCap,-130002.90832456529,130002.90832456529,442115.3117983352,67.1368447566188,0.7383661088410799,-34262.46873593944,-95740.43958862586,111,joint,Baseload / IndexedWithFloorCap
Baseload,Floating,0.0,-0.0,442115.3117983352,67.24057763268624,0.7383661088410799,0.0,0.0,111,joint,Baseload / Floating
PayAsProduced,FixedFlat,4781431.825402214,-4781431.825402214,447635.58376175945,65.0,0.738660812831157,5165851.794118309,-384419.9687160952,112,joint,PayAsProduced / FixedFlat
PayAsProduced,FixedEscalated,6633398.357536589,-6633398.357536589,447635.58376175945,71.11641168451546,0.738660812831157,7211297.653623478,-577899.2960868888,112,joint,PayAsProduced / FixedEscalated
PayAsProduced,IndexedWithFloorCap,2930667.239413011,-2930667.239413011,447635.58376175945,59.030447428122294,0.738660812831157,3169518.4501483473,-238851.2107353364,112,joint,PayAsProduced / IndexedWithFloorCap
PayAsProduced,Floating,0.0,-0.0,447635.58376175945,49.55276822547426,0.738660812831157,0.0,0.0,112,joint,PayAsProduced / Floating
PayAsNominated,FixedFlat,1724357.0029026018,-1724357.0029026018,447635.5837617595,64.99999999999999,0.738660812831157,2048116.5192637027,-323759.51636110083,112,joint,PayAsNominated / FixedFlat
PayAsNominated,FixedEscalated,3576347.5801586695,-3576347.5801586695,447635.5837617595,71.11641168451544,0.738660812831157,4093562.3787688715,-517214.79861020204,112,joint,PayAsNominated / FixedEscalated
PayAsNominated,IndexedWithFloorCap,600062.6501130153,-600062.6501130153,447635.5837617595,61.07074603091017,0.738660812831157,734098.3209194047,-134035.67080638942,112,joint,PayAsNominated / IndexedWithFloorCap
PayAsNominated,Floating,0.0,-0.0,447635.5837617595,58.87560235268011,0.738660812831157,0.0,0.0,112,joint,PayAsNominated / Floating
Baseload,FixedFlat,-1024518.8850389973,1024518.8850389973,447635.58376175957,64.99999999999999,0.738660812831157,-697131.7718649907,-327387.1131740066,112,joint,Baseload / FixedFlat
Baseload,FixedEscalated,841357.2546083222,-841357.2546083222,447635.58376175957,71.17379605473559,0.738660812831157,1367504.5261720172,-526147.271563695,112,joint,Baseload / FixedEscalated
Baseload,IndexedWithFloorCap,-118438.60537059937,118438.60537059937,447635.58376175957,67.02455262263192,0.738660812831157,-20082.3852456083,-98356.22012499107,112,joint,Baseload / IndexedWithFloorCap
Baseload,Floating,0.0,-0.0,447635.58376175957,67.08460414401459,0.738660812831157,0.0,0.0,112,joint,Baseload / Floating
PayAsProduced,FixedFlat,4787713.36932213,-4787713.36932213,447812.51692535175,65.0,0.7380598907520605,5150269.823139655,-362556.45381752495,113,joint,PayAsProduced / FixedFlat
PayAsProduced,FixedEscalated,6643506.47661828,-6643506.47661828,447812.51692535175,71.11494687082798,0.7380598907520605,7196034.113347195,-552527.6367289154,113,joint,PayAsProduced / FixedEscalated
PayAsProduced,IndexedWithFloorCap,2903159.7431069524,-2903159.7431069524,447812.51692535175,58.944647150729956,0.7380598907520605,3124442.798747898,-221283.05564094568,113,joint,PayAsProduced / IndexedWithFloorCap
PayAsProduced,Floating,0.0,-0.0,447812.51692535175,49.60544722103218,0.7380598907520605,0.0,0.0,113,joint,PayAsProduced / Floating
PayAsNominated,FixedFlat,1721531.2961416417,-1721531.2961416417,447812.51692535175,64.99999999999999,0.7380598907520605,2024942.9142967549,-303411.6181551132,113,joint,PayAsNominated / FixedFlat
PayAsNominated,FixedEscalated,3577348.3511131415,-3577348.3511131415,447812.51692535175,71.11494687082795,0.7380598907520605,4070707.204504289,-493358.8533911477,113,joint,PayAsNominated / FixedEscalated
PayAsNominated,IndexedWithFloorCap,589621.7312934063,-589621.7312934063,447812.51692535175,61.080578202739126,0.7380598907520605,713694.7022560124,-124072.97096260602,113,joint,PayAsNominated / IndexedWithFloorCap
PayAsNominated,Floating,0.0,-0.0,447812.51692535175,58.947289823830054,0.7380598907520605,0.0,0.0,113,joint,PayAsNominated / Floating
Baseload,FixedFlat,-1066291.55579429,1066291.55579429,447812.51692535175,65.00000000000001,0.7380598907520605,-739559.0211127889,-326732.5346815011,113,joint,Baseload / FixedFlat
Baseload,FixedEscalated,800322.0930686393,-800322.0930686393,447812.51692535175,71.17379605473559,0.7380598907520605,1325893.3484009432,-525571.2553323039,113,joint,Baseload / FixedEscalated
Baseload,IndexedWithFloorCap,-125357.61229883635,125357.61229883635,447812.51692535175,67.12552343527247,0.7380598907520605,-28462.091943415377,-96895.52035542097,113,joint,Baseload / IndexedWithFloorCap
Baseload,Floating,0.0,-0.0,447812.51692535175,67.21059881805225,0.7380598907520605,0.0,0.0,113,joint,Baseload / Floating
PayAsProduced,FixedFlat,4684817.919531786,-4684817.919531786,444938.4197183606,65.00000000000001,0.7411381426647962,5047886.677721781,-363068.75818999484,114,joint,PayAsProduced / FixedFlat
PayAsProduced,FixedEscalated,6525663.010321235,-6525663.010321235,444938.4197183606,71.11327916026721,0.7411381426647962,7079966.731991689,-554303.7216704534,114,joint,PayAsProduced / FixedEscalated
PayAsProduced,IndexedWithFloorCap,2885646.936133102,-2885646.936133102,444938.4197183606,59.174747859368,0.7411381426647962,3111548.0326607847,-225901.09652768262,114,joint,PayAsProduced / IndexedWithFloorCap
PayAsProduced,Floating,0.0,-0.0,444938.4197183606,49.814013421634556,0.7411381426647962,0.0,0.0,114,joint,PayAsProduced / Floating
PayAsNominated,FixedFlat,1653712.9196514632,-1653712.9196514632,444938.41971836064,64.99999999999999,0.7411381426647962,1969526.9002494721,-315813.98059800896,114,joint,PayAsNominated / FixedFlat
PayAsNominated,FixedEscalated,3494581.8121817764,-3494581.8121817764,444938.41971836064,71.1132791602672,0.7411381426647962,4001606.9545193855,-507025.1423376091,114,joint,PayAsNominated / FixedEscalated
PayAsNominated,IndexedWithFloorCap,585911.5631379605,-585911.5631379605,444938.41971836064,61.223619332342935,0.7411381426647962,714241.8673080084,-128330.30417004786,114,joint,PayAsNominated / IndexedWithFloorCap
PayAsNominated,Floating,0.0,-0.0,444938.41971836064,59.074904810181486,0.7411381426647962,0.0,0.0,114,joint,PayAsNominated / Floating
Baseload,FixedFlat,-1067000.9767526404,1067000.9767526404,444938.4197183606,65.0,0.7411381426647962,-735563.7379181721,-331437.2388344683,114,joint,Baseload / FixedFlat
Baseload,FixedEscalated,787632.5936802283,-787632.5936802283,444938.4197183606,71.17379605473559,0.7411381426647962,1316632.390061382,-528999.7963811536,114,joint,Baseload / FixedEscalated
Baseload,IndexedWithFloorCap,-121268.68246107639,121268.68246107639,444938.4197183606,67.13976585151401,0.7411381426647962,-24296.44688226844,-96972.23557880794,114,joint,Baseload / IndexedWithFloorCap
Baseload,Floating,0.0,-0.0,444938.4197183606,67.21285891794209,0.7411381426647962,0.0,0.0,114,joint,Baseload / Floating
PayAsProduced,FixedFlat,4744296.6987740295,-4744296.6987740295,445718.2117818027,65.0,0.7401859031750925,5116451.568848255,-372154.8700742256,115,joint,PayAsProduced / FixedFlat
PayAsProduced,FixedEscalated,6590272.674788901,-6590272.674788901,445718.2117818027,71.11979028689767,0.7401859031750925,7154261.1340150125,-563988.4592261119,115,joint,PayAsProduced / FixedEscalated
PayAsProduced,IndexedWithFloorCap,2865926.685652761,-2865926.685652761,445718.2117818027,58.92915171931752,0.7401859031750925,3094939.0471630837,-229012.3615103229,115,joint,PayAsProduced / IndexedWithFloorCap
PayAsProduced,Floating,0.0,-0.0,445718.2117818027,49.63467286166281,0.7401859031750925,0.0,0.0,115,joint,PayAsProduced / Floating
PayAsNominated,FixedFlat,1700414.7010893826,-1700414.7010893826,445718.21178180265,65.0,0.7401859031750925,2016851.9542011851,-316437.2531118025,115,joint,PayAsNominated / FixedFlat
PayAsNominated,FixedEscalated,3546414.5008380404,-3546414.5008380404,445718.21178180265,71.11979028689767,0.7401859031750925,4054661.519367942,-508247.01852990175,115,joint,PayAsNominated / FixedEscalated
PayAsNominated,IndexedWithFloorCap,573382.5803392325,-573382.5803392325,445718.21178180265,61.052572543878135,0.7401859031750925,702410.6006944706,-129028.02035523811,115,joint,PayAsNominated / IndexedWithFloorCap
PayAsNominated,Floating,0.0,-0.0,445718.21178180265,58.94314797103184,0.7401859031750925,0.0,0.0,115,joint,PayAsNominated / Floating
Baseload,FixedFlat,-1014481.0310683184,1014481.0310683184,445718.2117818026,65.00000000000004,0.7401859031750925,-684965.9434948644,-329515.087573454,115,joint,Baseload / FixedFlat
Baseload,FixedEscalated,843402.9409363726,-843402.9409363726,445718.2117818026,71.17379605473562,0.7401859031750925,1370826.831081843,-527423.8901454704,115,joint,Baseload / FixedEscalated
Baseload,IndexedWithFloorCap,-126706.44606604362,126706.44606604362,445718.2117818026,66.96636630243528,0.7401859031750925,-30191.86270598946,-96514.58336005415,115,joint,Baseload / IndexedWithFloorCap
Baseload,Floating,0.0,-0.0,445718.2117818026,67.05703614288052,0.7401859031750925,0.0,0.0,115,joint,Baseload / Floating
PayAsProduced,FixedFlat,4703718.47675664,-4703718.47675664,445066.5622600467,64.99999999999999,0.7410092478138068,5070962.671135702,-367244.1943790624,116,joint,PayAsProduced / FixedFlat
PayAsProduced,FixedEscalated,6545246.759869141,-6545246.759869141,445066.5622600467,71.11608386244718,0.7410092478138068,7104560.529188279,-559313.7693191385,116,joint,PayAsProduced / FixedEscalated
PayAsProduced,IndexedWithFloorCap,2886311.1899167434,-2886311.1899167434,445066.5622600467,59.10485516281576,0.7410092478138068,3110827.0380362077,-224515.84811946424,116,joint,PayAsProduced / IndexedWithFloorCap
PayAsProduced,Floating,0.0,-0.0,445066.5622600467,49.74898425114126,0.7410092478138068,0.0,0.0,116,joint,PayAsProduced / Floating
PayAsNominated,FixedFlat,1662022.3863954442,-1662022.3863954442,445066.56226004666,64.99999999999999,0.7410092478138068,1974233.5477316515,-312211.1613362073,116,joint,PayAsNominated / FixedFlat
PayAsNominated,FixedEscalated,3503574.415879888,-3503574.415879888,445066.56226004666,71.1160838624472,0.7410092478138068,4007831.4057842316,-504256.9899043436,116,joint,PayAsNominated / FixedEscalated
PayAsNominated,IndexedWithFloorCap,577367.5320393645,-577367.5320393645,445066.56226004666,61.178896135804,0.7410092478138068,703716.5292622278,-126348.99722286337,116,joint,PayAsNominated / IndexedWithFloorCap
PayAsNominated,Floating,0.0,-0.0,445066.56226004666,59.06245541901466,0.7410092478138068,0.0,0.0,116,joint,PayAsNominated / Floating
Baseload,FixedFlat,-1036157.5116121215,1036157.5116121215,445066.5622600468,64.99999999999999,0.7410092478138068,-710483.559950258,-325673.9516618635,116,joint,Baseload / FixedFlat
Baseload,FixedEscalated,819010.1944428459,-819010.1944428459,445066.5622600468,71.17379605473558,0.7410092478138068,1342303.6017908766,-523293.4073480307,116,joint,Baseload / FixedEscalated
Baseload,IndexedWithFloorCap,-122261.37913380867,122261.37913380867,445066.5622600468,67.05307429239251,0.7410092478138068,-27836.366528408675,-94425.0126054,116,joint,Baseload / IndexedWithFloorCap
Baseload,Floating,0.0,-0.0,445066.5622600468,67.13679268904572,0.7410092478138068,0.0,0.0,116,joint,Baseload / Floating
PayAsProduced,FixedFlat,4709144.267778674,-4709144.267778674,443150.2665850462,65.0,0.7383991567545756,5097697.310806051,-388553.04302737676,117,joint,PayAsProduced / FixedFlat
PayAsProduced,FixedEscalated,6548212.610350462,-6548212.610350462,443150.2665850462,71.13562660189312,0.7383991567545756,7129009.214770995,-580796.6044205334,117,joint,PayAsProduced / FixedEscalated
PayAsProduced,IndexedWithFloorCap,2867982.0041256677,-2867982.0041256677,443150.2665850462,58.97230788113494,0.7383991567545756,3102119.100308624,-234137.09618295636,117,joint,PayAsProduced / IndexedWithFloorCap
PayAsProduced,Floating,0.0,-0.0,443150.2665850462,49.60228231443456,0.7383991567545756,0.0,0.0,117,joint,PayAsProduced / Floating
PayAsNominated,FixedFlat,1688492.082884118,-1688492.082884118,443150.26658504625,64.99999999999999,0.7383991567545756,2009297.4960456605,-320805.4131615425,117,joint,PayAsNominated / FixedFlat
PayAsNominated,FixedEscalated,3527584.2268551867,-3527584.2268551867,443150.26658504625,71.13562660189311,0.7383991567545756,4040609.4000106053,-513025.1731554186,117,joint,PayAsNominated / FixedEscalated
PayAsNominated,IndexedWithFloorCap,585390.0234385277,-585390.0234385277,443150.26658504625,61.08871921663095,0.7383991567545756,714396.1386919627,-129006.11525343498,117,joint,PayAsNominated / IndexedWithFloorCap
PayAsNominated,Floating,0.0,-0.0,443150.26658504625,58.93086844822243,0.7383991567545756,0.0,0.0,117,joint,PayAsNominated / Floating
Baseload,FixedFlat,-1047051.9207972348,1047051.9207972348,443150.2665850461,65.00000000000001,0.7383991567545756,-720216.7153967492,-326835.20540048555,117,joint,Baseload / FixedFlat
Baseload,FixedEscalated,800128.1039692052,-800128.1039692052,443150.2665850461,71.17379605473562,0.7383991567545756,1323731.8871415467,-523603.78317234153,117,joint,Baseload / FixedEscalated
Baseload,IndexedWithFloorCap,-124740.04033297428,124740.04033297428,443150.2665850461,67.08939320419297,0.7383991567545756,-28484.710970162785,-96255.32936281149,117,joint,Baseload / IndexedWithFloorCap
Baseload,Floating,0.0,-0.0,443150.2665850461,67.17543196073973,0.7383991567545756,0.0,0.0,117,joint,Baseload / Floating
PayAsProduced,FixedFlat,4589985.726069902,-4589985.726069902,445082.9545651559,65.0,0.7440022646844897,4963241.769850662,-373256.0437807599,118,joint,PayAsProduced / FixedFlat
PayAsProduced,FixedEscalated,6426716.147027432,-6426716.147027432,445082.9545651559,71.09360167014812,0.7440022646844897,6989438.92344558,-562722.7764181476,118,joint,PayAsProduced / FixedEscalated
PayAsProduced,IndexedWithFloorCap,2816461.9821494133,-2816461.9821494133,445082.9545651559,59.22109574687743,0.7440022646844897,3041685.359963124,-225223.37781371083,118,joint,PayAsProduced / IndexedWithFloorCap
PayAsProduced,Floating,0.0,-0.0,445082.9545651559,50.07350665040104,0.7440022646844897,0.0,0.0,118,joint,PayAsProduced / Floating
PayAsNominated,FixedFlat,1573842.4344078903,-1573842.4344078903,445082.95456515584,65.00000000000001,0.7440022646844897,1893604.820411679,-319762.3860037888,118,joint,PayAsNominated / FixedFlat
PayAsNominated,FixedEscalated,3410596.5023326273,-3410596.5023326273,445082.95456515584,71.09360167014812,0.7440022646844897,3919801.9740065928,-509205.47167396545,118,joint,PayAsNominated / FixedEscalated
PayAsNominated,IndexedWithFloorCap,551296.423605474,-551296.423605474,445082.95456515584,61.34923537501001,0.7440022646844897,679680.8897029031,-128384.46609742916,118,joint,PayAsNominated / IndexedWithFloorCap
PayAsNominated,Floating,0.0,-0.0,445082.95456515584,59.30515758262289,0.7440022646844897,0.0,0.0,118,joint,PayAsNominated / Floating
Baseload,FixedFlat,-1095895.4635173948,1095895.4635173948,445082.95456515613,64.99999999999996,0.7440022646844897,-765740.9363732854,-330154.5271441095,118,joint,Baseload / FixedFlat
Baseload,FixedEscalated,759340.5704634262,-759340.5704634262,445082.95456515613,71.17379605473558,0.7440022646844897,1287121.8318418858,-527781.2613784596,118,joint,Baseload / FixedEscalated
Baseload,IndexedWithFloorCap,-140193.08284305356,140193.08284305356,445082.95456515613,67.17442253401525,0.7440022646844897,-42718.82439015242,-97474.25845290115,118,joint,Baseload / IndexedWithFloorCap
Baseload,Floating,0.0,-0.0,445082.95456515613,67.30289547120636,0.7440022646844897,0.0,0.0,118,joint,Baseload / Floating
PayAsProduced,FixedFlat,4680510.9800521545,-4680510.9800521545,444423.44913066336,65.00000000000001,0.7407368541292926,5069311.128857632,-388800.14880547766,119,joint,PayAsProduced / FixedFlat
PayAsProduced,FixedEscalated,6530332.476240259,-6530332.476240259,444423.44913066336,71.1497117972955,0.7407368541292926,7111135.606235276,-580803.1299950173,119,joint,PayAsProduced / FixedEscalated
PayAsProduced,IndexedWithFloorCap,2875009.912547939,-2875009.912547939,444423.44913066336,59.08008972735994,0.7407368541292926,3103785.247812009,-228775.33526406996,119,joint,PayAsProduced / IndexedWithFloorCap
PayAsProduced,Floating,0.0,-0.0,444423.44913066336,49.73188915173774,0.7407368541292926,0.0,0.0,119,joint,PayAsProduced / Floating
PayAsNominated,FixedFlat,1675956.182943251,-1675956.182943251,444423.44913066336,65.0,0.7407368541292926,2003771.648121843,-327815.46517859213,119,joint,PayAsNominated / FixedFlat
PayAsNominated,FixedEscalated,3525801.5520333005,-3525801.5520333005,444423.44913066336,71.1497117972955,0.7407368541292926,4045596.125499492,-519794.57346619153,119,joint,PayAsNominated / FixedEscalated
PayAsNominated,IndexedWithFloorCap,582970.2929084693,-582970.2929084693,444423.44913066336,61.10390938262741,0.7407368541292926,710193.4365166681,-127223.14360819873,119,joint,PayAsNominated / IndexedWithFloorCap
PayAsNominated,Floating,0.0,-0.0,444423.44913066336,58.964898413125454,0.7407368541292926,0.0,0.0,119,joint,PayAsNominated / Floating
Baseload,FixedFlat,-1045668.9110164441,1045668.9110164441,444423.4491306633,65.00000000000001,0.7407368541292926,-709991.4542686095,-335677.45674783457,119,joint,Baseload / FixedFlat
Baseload,FixedEscalated,806818.1112708778,-806818.1112708778,444423.4491306633,71.17379605473559,0.7407368541292926,1339829.4671671565,-533011.3558962788,119,joint,Baseload / FixedEscalated
Baseload,IndexedWithFloorCap,-126086.35720796778,126086.35720796778,444423.4491306633,67.04657972205963,0.7407368541292926,-30486.997938835433,-95599.35926913234,119,joint,Baseload / IndexedWithFloorCap
Baseload,Floating,0.0,-0.0,444423.4491306633,67.1384026250397,0.7407368541292926,0.0,0.0,119,joint,Baseload / Floating
PayAsProduced,FixedFlat,4690636.146641047,-4690636.146641047,445043.5542720573,65.0,0.7420190007554426,5052656.9796667425,-362020.83302569576,120,joint,PayAsProduced / FixedFlat
PayAsProduced,FixedEscalated,6527882.739796184,-6527882.739796184,445043.5542720573,71.09054819279392,0.7420190007554426,7077659.538511977,-549776.7987157926,120,joint,PayAsProduced / FixedEscalated
PayAsProduced,IndexedWithFloorCap,2855658.0652749576,-2855658.0652749576,445043.5542720573,59.065935797827876,0.7420190007554426,3079682.657262091,-224024.5919871335,120,joint,PayAsProduced / IndexedWithFloorCap
PayAsProduced,Floating,0.0,-0.0,445043.5542720573,49.803253357928824,0.7420190007554426,0.0,0.0,120,joint,PayAsProduced / Floating
PayAsNominated,FixedFlat,1681085.8062081093,-1681085.8062081093,445043.55427205726,65.0,0.7420190007554426,1989558.1344756756,-308472.3282675664,120,joint,PayAsNominated / FixedFlat
PayAsNominated,FixedEscalated,3518356.104275804,-3518356.104275804,445043.55427205726,71.09054819279395,0.7420190007554426,4014560.6933209198,-496204.58904511575,120,joint,PayAsNominated / FixedEscalated
PayAsNominated,IndexedWithFloorCap,569651.571607603,-569651.571607603,445043.55427205726,61.11341114880719,0.7420190007554426,697334.1638720648,-127682.5922644618,120,joint,PayAsNominated / IndexedWithFloorCap
PayAsNominated,Floating,0.0,-0.0,445043.55427205726,59.016057092145445,0.7420190007554426,0.0,0.0,120,joint,PayAsNominated / Floating
Baseload,FixedFlat,-1031275.4396987584,1031275.4396987584,445043.5542720573,64.99999999999999,0.7420190007554426,-704387.7034439133,-326887.73625484516,120,joint,Baseload / FixedFlat
Baseload,FixedEscalated,823796.3623276458,-823796.3623276458,445043.5542720573,71.17379605473558,0.7420190007554426,1348293.3382100991,-524496.9758824534,120,joint,Baseload / FixedEscalated
Baseload,IndexedWithFloorCap,-127921.64373531124,127921.64373531124,445043.5542720573,67.02728745053156,0.7420190007554426,-30349.48144963635,-97572.16228567489,120,joint,Baseload / IndexedWithFloorCap
Baseload,Floating,0.0,-0.0,445043.5542720573,67.11856880649228,0.7420190007554426,0.0,0.0,120,joint,Baseload / Floating
PayAsProduced,FixedFlat,4728402.652785076,-4728402.652785076,446055.2362986868,65.0,0.739749731681995,5102546.33076397,-374143.67797889374,121,joint,PayAsProduced / FixedFlat
PayAsProduced,FixedEscalated,6570446.879229652,-6570446.879229652,446055.2362986868,71.09734804533673,0.739749731681995,7134418.139897694,-563971.2606680421,121,joint,PayAsProduced / FixedEscalated
PayAsProduced,IndexedWithFloorCap,2874616.1493531484,-2874616.1493531484,446055.2362986868,58.99643857189296,0.739749731681995,3101927.8439280866,-227311.69457493816,121,joint,PayAsProduced / IndexedWithFloorCap
PayAsProduced,Floating,0.0,-0.0,446055.2362986868,49.688009963882415,0.739749731681995,0.0,0.0,121,joint,PayAsProduced / Floating
PayAsNominated,FixedFlat,1665217.7265568117,-1665217.7265568117,446055.2362986868,65.0,0.739749731681995,1981706.268998082,-316488.5424412703,121,joint,PayAsNominated / FixedFlat
PayAsNominated,FixedEscalated,3507285.7788106604,-3507285.7788106604,446055.2362986868,71.09734804533674,0.739749731681995,4013578.0781318108,-506292.2993211504,121,joint,PayAsNominated / FixedEscalated
PayAsNominated,IndexedWithFloorCap,572823.461736419,-572823.461736419,446055.2362986868,61.157403729767395,0.739749731681995,701204.8153637688,-128381.35362734983,121,joint,PayAsNominated / IndexedWithFloorCap
PayAsNominated,Floating,0.0,-0.0,446055.2362986868,59.05319135223468,0.739749731681995,0.0,0.0,121,joint,PayAsNominated / Floating
Baseload,FixedFlat,-1048126.1365572552,1048126.1365572552,446055.23629868706,64.99999999999996,0.739749731681995,-722686.5454522861,-325439.59110496903,121,joint,Baseload / FixedFlat
Baseload,FixedEscalated,811162.6522835908,-811162.6522835908,446055.23629868706,71.17379605473555,0.739749731681995,1334660.6923443526,-523498.04006076185,121,joint,Baseload / FixedEscalated
Baseload,IndexedWithFloorCap,-130407.96424914151,130407.96424914151,446055.23629868706,67.0669243715205,0.739749731681995,-33907.53351512199,-96500.43073401952,121,joint,Baseload / IndexedWithFloorCap
Baseload,Floating,0.0,-0.0,446055.23629868706,67.16867588570129,0.739749731681995,0.0,0.0,121,joint,Baseload / Floating
PayAsProduced,FixedFlat,4706563.783842897,-4706563.783842897,446129.6138986748,64.99999999999999,0.7400335987986648,5071938.23901072,-365374.45516782254,122,joint,PayAsProduced / FixedFlat
PayAsProduced,FixedEscalated,6550187.5234584315,-6550187.5234584315,446129.6138986748,71.10157721365893,0.7400335987986648,7105558.4103402,-555370.8868817687,122,joint,PayAsProduced / FixedEscalated
PayAsProduced,IndexedWithFloorCap,2873081.3414073577,-2873081.3414073577,446129.6138986748,59.06618930157061,0.7400335987986648,3094233.6707290444,-221152.32932168664,122,joint,PayAsProduced / IndexedWithFloorCap
PayAsProduced,Floating,0.0,-0.0,446129.6138986748,49.78239780243635,0.7400335987986648,0.0,0.0,122,joint,PayAsProduced / Floating
PayAsNominated,FixedFlat,1666872.4764226545,-1666872.4764226545,446129.6138986748,64.99999999999999,0.7400335987986648,1973644.8244590932,-306772.3480364387,122,joint,PayAsNominated / FixedFlat
PayAsNominated,FixedEscalated,3510520.1218091473,-3510520.1218091473,446129.6138986748,71.10157721365893,0.7400335987986648,4007264.9957885756,-496744.8739794283,122,joint,PayAsNominated / FixedEscalated
PayAsNominated,IndexedWithFloorCap,571320.3175732805,-571320.3175732805,446129.6138986748,61.16462189284784,0.7400335987986648,695335.6250082138,-124015.30743493326,122,joint,PayAsNominated / IndexedWithFloorCap
PayAsNominated,Floating,0.0,-0.0,446129.6138986748,59.07836996379573,0.7400335987986648,0.0,0.0,122,joint,PayAsNominated / Floating
Baseload,FixedFlat,-1079715.0104194847,1079715.0104194847,446129.6138986747,65.00000000000003,0.7400335987986648,-756729.8399297148,-322985.1704897699,122,joint,Baseload / FixedFlat
Baseload,FixedEscalated,779883.8060290313,-779883.8060290313,446129.6138986747,71.17379605473559,0.7400335987986648,1300960.4507837647,-521076.6447547334,122,joint,Baseload / FixedEscalated
Baseload,IndexedWithFloorCap,-135963.01885963808,135963.01885963808,446129.6138986747,67.14427979127976,0.7400335987986648,-42053.8661898578,-93909.15266978028,122,joint,Baseload / IndexedWithFloorCap
Baseload,Floating,0.0,-0.0,446129.6138986747,67.27045621070549,0.7400335987986648,0.0,0.0,122,joint,Baseload / Floating
PayAsProduced,FixedFlat,4790803.082628471,-4790803.082628471,443704.54531802173,65.0,0.7370602188171832,5154076.0727860145,-363272.9901575437,123,joint,PayAsProduced / FixedFlat
PayAsProduced,FixedEscalated,6628587.797623413,-6628587.797623413,443704.54531802173,71.11738593137002,0.7370602188171832,7181882.216889608,-553294.419266195,123,joint,PayAsProduced / FixedEscalated
PayAsProduced,IndexedWithFloorCap,2897176.9740578635,-2897176.9740578635,443704.54531802173,58.871311488308315,0.7370602188171832,3122523.321540478,-225346.34748261468,123,joint,PayAsProduced / IndexedWithFloorCap
PayAsProduced,Floating,0.0,-0.0,443704.54531802173,49.451436569243725,0.7370602188171832,0.0,0.0,123,joint,PayAsProduced / Floating
PayAsNominated,FixedFlat,1736903.3643507692,-1736903.3643507692,443704.54531802173,65.0,0.7370602188171832,2045799.612112273,-308896.2477615038,123,joint,PayAsNominated / FixedFlat
PayAsNominated,FixedEscalated,3574711.9613244645,-3574711.9613244645,443704.54531802173,71.11738593137002,0.7370602188171832,4073605.7562158667,-498893.7948914021,123,joint,PayAsNominated / FixedEscalated
PayAsNominated,IndexedWithFloorCap,585475.5655484619,-585475.5655484619,443704.54531802173,60.973349028386856,0.7370602188171832,711035.4380021755,-125559.87245371367,123,joint,PayAsNominated / IndexedWithFloorCap
PayAsNominated,Floating,0.0,-0.0,443704.54531802173,58.828332258520604,0.7370602188171832,0.0,0.0,123,joint,PayAsNominated / Floating
Baseload,FixedFlat,-1016634.0980224754,1016634.0980224754,443704.54531802196,64.99999999999996,0.7370602188171832,-693727.717981048,-322906.3800414273,123,joint,Baseload / FixedFlat
Baseload,FixedEscalated,832856.3227448398,-832856.3227448398,443704.54531802196,71.17379605473555,0.7370602188171832,1352777.3926474066,-519921.0699025667,123,joint,Baseload / FixedEscalated
Baseload,IndexedWithFloorCap,-126556.66899836175,126556.66899836175,443704.54531802196,66.99820855607456,0.7370602188171832,-31356.627998012547,-95200.04100034921,123,joint,Baseload / IndexedWithFloorCap
Baseload,Floating,0.0,-0.0,443704.54531802196,67.09280369058878,0.7370602188171832,0.0,0.0,123,joint,Baseload / Floating
PayAsProduced,FixedFlat,4650058.707986178,-4650058.707986178,441650.9088700084,65.0,0.7403497555633292,5036721.023990467,-386662.3160042893,124,joint,PayAsProduced / FixedFlat
PayAsProduced,FixedEscalated,6481320.596622846,-6481320.596622846,441650.9088700084,71.12945601293316,0.7403497555633292,7059124.198118395,-577803.6014955491,124,joint,PayAsProduced / FixedEscalated
PayAsProduced,IndexedWithFloorCap,2851287.7607294745,-2851287.7607294745,441650.9088700084,59.08563593993616,0.7403497555633292,3085287.0594130172,-233999.29868354276,124,joint,PayAsProduced / IndexedWithFloorCap
PayAsProduced,Floating,0.0,-0.0,441650.9088700084,49.734814323421155,0.7403497555633292,0.0,0.0,124,joint,PayAsProduced / Floating
PayAsNominated,FixedFlat,1650054.4568368872,-1650054.4568368872,441650.9088700084,65.00000000000001,0.7403497555633292,1968984.317718395,-318929.86088150786,124,joint,PayAsNominated / FixedFlat
PayAsNominated,FixedEscalated,3481340.1102502844,-3481340.1102502844,441650.9088700084,71.12945601293316,0.7403497555633292,3991387.491846318,-510047.38159603346,124,joint,PayAsNominated / FixedEscalated
PayAsNominated,IndexedWithFloorCap,574527.7285788017,-574527.7285788017,441650.9088700084,61.16326279829346,0.7403497555633292,703059.6616553393,-128531.93307653756,124,joint,PayAsNominated / IndexedWithFloorCap
PayAsNominated,Floating,0.0,-0.0,441650.9088700084,59.032444707364434,0.7403497555633292,0.0,0.0,124,joint,PayAsNominated / Floating
Baseload,FixedFlat,-1042326.1141671397,1042326.1141671397,441650.90887000813,65.00000000000003,0.7403497555633292,-718448.2896211174,-323877.82454602234,124,joint,Baseload / FixedFlat
Baseload,FixedEscalated,798604.1487689846,-798604.1487689846,441650.90887000813,71.17379605473563,0.7403497555633292,1318584.8029029954,-519980.6541340108,124,joint,Baseload / FixedEscalated
Baseload,IndexedWithFloorCap,-127547.88461607172,127547.88461607172,441650.90887000813,67.07988022739123,0.7403497555633292,-32195.485978109125,-95352.3986379626,124,joint,Baseload / IndexedWithFloorCap
Baseload,Floating,0.0,-0.0,441650.90887000813,67.17745761336568,0.7403497555633292,0.0,0.0,124,joint,Baseload / Floating
PayAsProduced,FixedFlat,4620354.7631595265,-4620354.7631595265,444263.6189481416,65.0,0.7429742545158204,5002633.770637183,-382279.00747765694,125,joint,PayAsProduced / FixedFlat
PayAsProduced,FixedEscalated,6463452.776160518,-6463452.776160518,444263.6189481416,71.12749612479347,0.7429742545158204,7036350.552006337,-572897.7758458192,125,joint,PayAsProduced / FixedEscalated
PayAsProduced,IndexedWithFloorCap,2829780.0786496396,-2829780.0786496396,444263.6189481416,59.151032463273566,0.7429742545158204,3061360.6648096573,-231580.58616001764,125,joint,PayAsProduced / IndexedWithFloorCap
PayAsProduced,Floating,0.0,-0.0,444263.6189481416,49.927292077167486,0.7429742545158204,0.0,0.0,125,joint,PayAsProduced / Floating
PayAsNominated,FixedFlat,1639914.8591560188,-1639914.8591560188,444263.61894814164,65.0,0.7429742545158204,1952046.1701407398,-312131.31098472094,125,joint,PayAsNominated / FixedFlat
PayAsNominated,FixedEscalated,3483036.665386495,-3483036.665386495,444263.61894814164,71.12749612479345,0.7429742545158204,3985762.9515098883,-502726.2861233931,125,joint,PayAsNominated / FixedEscalated
PayAsNominated,IndexedWithFloorCap,560585.9944885601,-560585.9944885601,444263.61894814164,61.19266931336354,0.7429742545158204,688392.6072598165,-127806.61277125636,125,joint,PayAsNominated / IndexedWithFloorCap
PayAsNominated,Floating,0.0,-0.0,444263.61894814164,59.11857371069007,0.7429742545158204,0.0,0.0,125,joint,PayAsNominated / Floating
Baseload,FixedFlat,-1053136.2787661515,1053136.2787661515,444263.6189481417,64.99999999999996,0.7429742545158204,-729922.1679991824,-323214.11076696916,125,joint,Baseload / FixedFlat
Baseload,FixedEscalated,798684.5245368426,-798684.5245368426,444263.6189481417,71.17379605473558,0.7429742545158204,1319161.5662952564,-520477.0417584138,125,joint,Baseload / FixedEscalated
Baseload,IndexedWithFloorCap,-133722.75930680014,133722.75930680014,444263.6189481417,67.08204481287282,0.7429742545158204,-38891.21681357603,-94831.54249322411,125,joint,Baseload / IndexedWithFloorCap
Baseload,Floating,0.0,-0.0,444263.6189481417,67.19922227951754,0.7429742545158204,0.0,0.0,125,joint,Baseload / Floating
PayAsProduced,FixedFlat,4648881.459385507,-4648881.459385507,443342.7808891324,65.0,0.7407698384714793,5035720.245953709,-386838.7865682021,126,joint,PayAsProduced / FixedFlat
PayAsProduced,FixedEscalated,6476275.856533666,-6476275.856533666,443342.7808891324,71.08714178792783,0.7407698384714793,7051855.835231496,-575579.9786978299,126,joint,PayAsProduced / FixedEscalated
PayAsProduced,IndexedWithFloorCap,2846404.8520974857,-2846404.8520974857,443342.7808891324,59.10396163476934,0.7407698384714793,3082880.4406671342,-236475.58856964856,126,joint,PayAsProduced / IndexedWithFloorCap
PayAsProduced,Floating,0.0,-0.0,443342.7808891324,49.79609044923437,0.7407698384714793,0.0,0.0,126,joint,PayAsProduced / Floating
PayAsNominated,FixedFlat,1653328.1806926257,-1653328.1806926257,443342.78088913235,65.00000000000003,0.7407698384714793,1969385.3779605501,-316057.19726792444,126,joint,PayAsNominated / FixedFlat
PayAsNominated,FixedEscalated,3480746.174652662,-3480746.174652662,443342.78088913235,71.08714178792783,0.7407698384714793,3985520.9672383284,-504774.7925856663,126,joint,PayAsNominated / FixedEscalated
PayAsNominated,IndexedWithFloorCap,569381.249281179,-569381.249281179,443342.78088913235,61.16639051545073,0.7407698384714793,699647.1680635492,-130265.91878237016,126,joint,PayAsNominated / IndexedWithFloorCap
PayAsNominated,Floating,0.0,-0.0,443342.78088913235,59.05400703480864,0.7407698384714793,0.0,0.0,126,joint,PayAsNominated / Floating
Baseload,FixedFlat,-1060716.7748974678,1060716.7748974678,443342.7808891322,65.00000000000003,0.7407698384714793,-735980.4874360763,-324736.28746139153,126,joint,Baseload / FixedFlat
Baseload,FixedEscalated,787265.7058388847,-787265.7058388847,443342.7808891322,71.17379605473562,0.7407698384714793,1308856.0517062875,-521590.34586740285,126,joint,Baseload / FixedEscalated
Baseload,IndexedWithFloorCap,-133274.8379263124,133274.8379263124,443342.7808891322,67.11281407153189,0.7407698384714793,-36190.70241903253,-97084.13550727988,126,joint,Baseload / IndexedWithFloorCap
Baseload,Floating,0.0,-0.0,443342.7808891322,67.22208149293,0.7407698384714793,0.0,0.0,126,joint,Baseload / Floating
PayAsProduced,FixedFlat,4764090.743110029,-4764090.743110029,445821.88632946566,65.0,0.7371752284304058,5156088.510116933,-391997.7670069039,127,joint,PayAsProduced / FixedFlat
PayAsProduced,FixedEscalated,6617852.3133939495,-6617852.3133939495,445821.88632946566,71.14857349766085,0.7371752284304058,7203958.731481554,-586106.4180876045,127,joint,PayAsProduced / FixedEscalated
PayAsProduced,IndexedWithFloorCap,2883100.0051555308,-2883100.0051555308,445821.88632946566,58.89676912963614,0.7371752284304058,3123320.2983867843,-240220.2932312535,127,joint,PayAsProduced / IndexedWithFloorCap
PayAsProduced,Floating,0.0,-0.0,445821.88632946566,49.5192391421302,0.7371752284304058,0.0,0.0,127,joint,PayAsProduced / Floating
PayAsNominated,FixedFlat,1706523.1374585396,-1706523.1374585396,445821.88632946566,65.0,0.7371752284304058,2024771.077527565,-318247.9400690254,127,joint,PayAsNominated / FixedFlat
PayAsNominated,FixedEscalated,3560308.6974736457,-3560308.6974736457,445821.88632946566,71.14857349766085,0.7371752284304058,4072641.2988921865,-512332.6014185408,127,joint,PayAsNominated / FixedEscalated
PayAsNominated,IndexedWithFloorCap,584855.3119672572,-584855.3119672572,445821.88632946566,61.06830684333757,0.7371752284304058,715264.5166748409,-130409.20470758376,127,joint,PayAsNominated / IndexedWithFloorCap
PayAsNominated,Floating,0.0,-0.0,445821.88632946566,58.920779912596046,0.7371752284304058,0.0,0.0,127,joint,PayAsNominated / Floating
Baseload,FixedFlat,-1044853.31892121,1044853.31892121,445821.88632946584,65.0,0.7371752284304058,-724185.8241790264,-320667.4947421836,127,joint,Baseload / FixedFlat
Baseload,FixedEscalated,813462.7989445127,-813462.7989445127,445821.88632946584,71.17379605473558,0.7371752284304058,1332085.1300644744,-518622.3311199617,127,joint,Baseload / FixedEscalated
Baseload,IndexedWithFloorCap,-131922.09848931775,131922.09848931775,445821.88632946584,67.06487394907658,0.7371752284304058,-36450.06355191102,-95472.03493740673,127,joint,Baseload / IndexedWithFloorCap
Baseload,Floating,0.0,-0.0,445821.88632946584,67.17431247325904,0.7371752284304058,0.0,0.0,127,joint,Baseload / Floating
PayAsProduced,FixedFlat,4629394.282776845,-4629394.282776845,443792.19642650493,65.0,0.743683542655693,4994559.072829332,-365164.7900524875,128,joint,PayAsProduced / FixedFlat
PayAsProduced,FixedEscalated,6455153.289552877,-6455153.289552877,443792.19642650493,71.06852103389501,0.743683542655693,7006564.741321413,-551411.4517685361,128,joint,PayAsProduced / FixedEscalated
PayAsProduced,IndexedWithFloorCap,2832291.237668241,-2832291.237668241,443792.19642650493,59.15394442930633,0.743683542655693,3056311.371147415,-224020.13347917423,128,joint,PayAsProduced / IndexedWithFloorCap
PayAsProduced,Floating,0.0,-0.0,443792.19642650493,49.93563548893388,0.743683542655693,0.0,0.0,128,joint,PayAsProduced / Floating
PayAsNominated,FixedFlat,1628918.6550189385,-1628918.6550189385,443792.196426505,64.99999999999999,0.743683542655693,1937210.4447918627,-308291.78977292427,128,joint,PayAsNominated / FixedFlat
PayAsNominated,FixedEscalated,3454701.2426975984,-3454701.2426975984,443792.196426505,71.068521033895,0.743683542655693,3949216.113283944,-494514.87058634544,128,joint,PayAsNominated / FixedEscalated
PayAsNominated,IndexedWithFloorCap,561081.3085889176,-561081.3085889176,443792.196426505,61.23147290510221,0.743683542655693,687763.0366918838,-126681.72810296621,128,joint,PayAsNominated / IndexedWithFloorCap
PayAsNominated,Floating,0.0,-0.0,443792.196426505,59.15707295690115,0.743683542655693,0.0,0.0,128,joint,PayAsNominated / Floating
Baseload,FixedFlat,-1033479.703461753,1033479.703461753,443792.1964265047,65.00000000000007,0.743683542655693,-711617.9482504404,-321861.75521131256,128,joint,Baseload / FixedFlat
Baseload,FixedEscalated,816376.0727819034,-816376.0727819034,443792.1964265047,71.17379605473563,0.743683542655693,1335291.4368966117,-518915.36411470827,128,joint,Baseload / FixedEscalated
Baseload,IndexedWithFloorCap,-127955.608132591,127955.608132591,443792.1964265047,67.05100933743557,0.743683542655693,-31610.02045361155,-96345.58767897946,128,joint,Baseload / IndexedWithFloorCap
Baseload,Floating,0.0,-0.0,443792.1964265047,67.14635005988411,0.743683542655693,0.0,0.0,128,joint,Baseload / Floating
PayAsProduced,FixedFlat,4675694.293870045,-4675694.293870045,442879.1652286863,65.00000000000001,0.740280798511915,5049914.712163773,-374220.4182937285,129,joint,PayAsProduced / FixedFlat
PayAsProduced,FixedEscalated,6501113.185182353,-6501113.185182353,442879.1652286863,71.08390352472482,0.740280798511915,7062870.542700009,-561757.3575176569,129,joint,PayAsProduced / FixedEscalated
PayAsProduced,IndexedWithFloorCap,2854473.439039366,-2854473.439039366,442879.1652286863,59.053240657904915,0.740280798511915,3082335.2063714564,-227861.76733209053,129,joint,PayAsProduced / IndexedWithFloorCap
PayAsProduced,Floating,0.0,-0.0,442879.1652286863,49.737273689354446,0.740280798511915,0.0,0.0,129,joint,PayAsProduced / Floating
PayAsNominated,FixedFlat,1660024.5843267073,-1660024.5843267073,442879.1652286863,65.0,0.740280798511915,1970207.9529943208,-310183.3686676135,129,joint,PayAsNominated / FixedFlat
PayAsNominated,FixedEscalated,3485467.1440845444,-3485467.1440845444,442879.1652286863,71.08390352472482,0.740280798511915,3983163.783530562,-497696.6394460178,129,joint,PayAsNominated / FixedEscalated
PayAsNominated,IndexedWithFloorCap,576503.6500448026,-576503.6500448026,442879.1652286863,61.17198538446175,0.740280798511915,703648.6940563339,-127145.04401153128,129,joint,PayAsNominated / IndexedWithFloorCap
PayAsNominated,Floating,0.0,-0.0,442879.1652286863,59.04529650982463,0.740280798511915,0.0,0.0,129,joint,PayAsNominated / Floating
Baseload,FixedFlat,-1047982.7103075078,1047982.7103075078,442879.1652286863,64.99999999999999,0.740280798511915,-723615.9563736831,-324366.7539338247,129,joint,Baseload / FixedFlat
Baseload,FixedEscalated,798067.2846520807,-798067.2846520807,442879.1652286863,71.17379605473559,0.740280798511915,1319082.2413239526,-521014.9566718718,129,joint,Baseload / FixedEscalated
Baseload,IndexedWithFloorCap,-123602.00884522093,123602.00884522093,442879.1652286863,67.10280271002551,0.740280798511915,-27870.37815878953,-95731.6306864314,129,joint,Baseload / IndexedWithFloorCap
Baseload,Floating,0.0,-0.0,442879.1652286863,67.18703739085828,0.740280798511915,0.0,0.0,129,joint,Baseload / Floating
PayAsProduced,FixedFlat,4731384.836371664,-4731384.836371664,446180.6713613894,65.0,0.7391656638380455,5116818.459455075,-385433.6230834108,130,joint,PayAsProduced / FixedFlat
PayAsProduced,FixedEscalated,6579289.021797923,-6579289.021797923,446180.6713613894,71.12368909096399,0.7391656638380455,7158041.972609379,-578752.950811456,130,joint,PayAsProduced / FixedEscalated
PayAsProduced,IndexedWithFloorCap,2864704.6529440098,-2864704.6529440098,446180.6713613894,58.9578648387797,0.7391656638380455,3102779.5071937446,-238074.8542497349,130,joint,PayAsProduced / IndexedWithFloorCap
PayAsProduced,Floating,0.0,-0.0,446180.6713613894,49.64949811782833,0.7391656638380455,0.0,0.0,130,joint,PayAsProduced / Floating
PayAsNominated,FixedFlat,1701841.303943797,-1701841.303943797,446180.67136138945,65.0,0.7391656638380455,2023857.6125335302,-322016.3085897332,130,joint,PayAsNominated / FixedFlat
PayAsNominated,FixedEscalated,3549769.429859536,-3549769.429859536,446180.67136138945,71.12368909096399,0.7391656638380455,4065081.125687835,-515311.69582829904,130,joint,PayAsNominated / FixedEscalated
PayAsNominated,IndexedWithFloorCap,574809.3939859369,-574809.3939859369,446180.67136138945,61.04602096849883,0.7391656638380455,705868.5948466865,-131059.20086074958,130,joint,PayAsNominated / IndexedWithFloorCap
PayAsNominated,Floating,0.0,-0.0,446180.67136138945,58.92840876872697,0.7391656638380455,0.0,0.0,130,joint,PayAsNominated / Floating
Baseload,FixedFlat,-1053710.9168814388,1053710.9168814388,446180.67136138945,65.0,0.7391656638380455,-723214.1085416721,-330496.8083397667,130,joint,Baseload / FixedFlat
Baseload,FixedEscalated,806100.7220166002,-806100.7220166002,446180.67136138945,71.17379605473558,0.7391656638380455,1334711.675270731,-528610.9532541309,130,joint,Baseload / FixedEscalated
Baseload,IndexedWithFloorCap,-133340.2722504128,133340.2722504128,446180.67136138945,67.06511576761312,0.7391656638380455,-34844.27140253307,-98496.00084787971,130,joint,Baseload / IndexedWithFloorCap
Baseload,Floating,0.0,-0.0,446180.67136138945,67.16964889850017,0.7391656638380455,0.0,0.0,130,joint,Baseload / Floating
PayAsProduced,FixedFlat,4615904.7194238,-4615904.7194238,441174.4751278073,65.0,0.7415104956561034,4994636.66376289,-378731.94433909,131,joint,PayAsProduced / FixedFlat
PayAsProduced,FixedEscalated,6438699.675631996,-6438699.675631996,441174.4751278073,71.10415564802743,0.7415104956561034,7006519.35212036,-567819.6764883641,131,joint,PayAsProduced / FixedEscalated
PayAsProduced,IndexedWithFloorCap,2807805.8491325695,-2807805.8491325695,441174.4751278073,59.07333070525525,0.7415104956561034,3041252.1104758326,-233446.2613432631,131,joint,PayAsProduced / IndexedWithFloorCap
PayAsProduced,Floating,0.0,-0.0,441174.4751278073,49.8460152386698,0.7415104956561034,0.0,0.0,131,joint,PayAsProduced / Floating
PayAsNominated,FixedFlat,1629065.9328451795,-1629065.9328451795,441174.47512780735,64.99999999999999,0.7415104956561034,1950580.913588488,-321514.98074330855,131,joint,PayAsNominated / FixedFlat
PayAsNominated,FixedEscalated,3451884.4199393634,-3451884.4199393634,441174.47512780735,71.10415564802742,0.7415104956561034,3962463.601945958,-510579.1820065947,131,joint,PayAsNominated / FixedEscalated
PayAsNominated,IndexedWithFloorCap,552766.2048302492,-552766.2048302492,441174.47512780735,61.156263198912455,0.7415104956561034,683714.8677972897,-130948.66296704055,131,joint,PayAsNominated / IndexedWithFloorCap
PayAsNominated,Floating,0.0,-0.0,441174.47512780735,59.08183709243183,0.7415104956561034,0.0,0.0,131,joint,PayAsNominated / Floating
Baseload,FixedFlat,-1056807.128679392,1056807.128679392,441174.47512780735,65.0,0.7415104956561034,-732441.517097838,-324365.61158155394,131,joint,Baseload / FixedFlat
Baseload,FixedEscalated,782137.2189632573,-782137.2189632573,441174.47512780735,71.17379605473559,0.7415104956561034,1302394.1129513455,-520256.89398808824,131,joint,Baseload / FixedEscalated
Baseload,IndexedWithFloorCap,-140363.1598813148,140363.1598813148,441174.47512780735,67.08800741768016,0.7415104956561034,-44250.35373027163,-96112.80615104316,131,joint,Baseload / IndexedWithFloorCap
Baseload,Floating,0.0,-0.0,441174.47512780735,67.22226526890228,0.7415104956561034,0.0,0.0,131,joint,Baseload / Floating
PayAsProduced,FixedFlat,4686735.797959029,-4686735.797959029,445252.4653003273,65.00000000000001,0.7396409074785804,5070771.89555845,-384036.0975994216,132,joint,PayAsProduced / FixedFlat
PayAsProduced,FixedEscalated,6531036.190314182,-6531036.190314182,445252.4653003273,71.11847845692817,0.7396409074785804,7106015.716892708,-574979.526578526,132,joint,PayAsProduced / FixedEscalated
PayAsProduced,IndexedWithFloorCap,2877776.1260216148,-2877776.1260216148,445252.4653003273,59.120538459978164,0.7396409074785804,3115034.3937695506,-237258.26774793584,132,joint,PayAsProduced / IndexedWithFloorCap
PayAsProduced,Floating,0.0,-0.0,445252.4653003273,49.75592541898416,0.7396409074785804,0.0,0.0,132,joint,PayAsProduced / Floating
PayAsNominated,FixedFlat,1650814.343780101,-1650814.343780101,445252.46530032734,64.99999999999999,0.7396409074785804,1975919.4072030936,-325105.0634229926,132,joint,PayAsNominated / FixedFlat
PayAsNominated,FixedEscalated,3495138.682795007,-3495138.682795007,445252.46530032734,71.11847845692817,0.7396409074785804,4011163.2285373616,-516024.5457423548,132,joint,PayAsNominated / FixedEscalated
PayAsNominated,IndexedWithFloorCap,579537.053676784,-579537.053676784,445252.46530032734,61.200160905598885,0.7396409074785804,711945.1865882947,-132408.13291151065,132,joint,PayAsNominated / IndexedWithFloorCap
PayAsNominated,Floating,0.0,-0.0,445252.46530032734,59.05986634187508,0.7396409074785804,0.0,0.0,132,joint,PayAsNominated / Floating
Baseload,FixedFlat,-1082507.0645297435,1082507.0645297435,445252.46530032734,64.99999999999999,0.7396409074785804,-755216.8894904569,-327290.1750392866,132,joint,Baseload / FixedFlat
Baseload,FixedEscalated,773435.5398124254,-773435.5398124254,445252.46530032734,71.17379605473558,0.7396409074785804,1298427.715623819,-524992.1758113937,132,joint,Baseload / FixedEscalated
Baseload,IndexedWithFloorCap,-131411.5155880618,131411.5155880618,445252.46530032734,67.16551697102635,0.7396409074785804,-34881.74958565108,-96529.76600241072,132,joint,Baseload / IndexedWithFloorCap
Baseload,Floating,0.0,-0.0,445252.46530032734,67.27038068865201,0.7396409074785804,0.0,0.0,132,joint,Baseload / Floating
PayAsProduced,FixedFlat,4752619.302234039,-4752619.302234039,445521.49851814006,65.0,0.7396997517456266,5123974.171946516,-371354.86971247755,133,joint,PayAsProduced / FixedFlat
PayAsProduced,FixedEscalated,6589729.115757342,-6589729.115757342,445521.49851814006,71.08994193089505,0.7396997517456266,7150949.647387898,-561220.5316305552,133,joint,PayAsProduced / FixedEscalated
PayAsProduced,IndexedWithFloorCap,2889053.2831286043,-2889053.2831286043,445521.49851814006,58.966076802561034,0.7396997517456266,3115643.9644188937,-226590.6812902894,133,joint,PayAsProduced / IndexedWithFloorCap
PayAsProduced,Floating,0.0,-0.0,445521.49851814006,49.60528726635659,0.7396997517456266,0.0,0.0,133,joint,PayAsProduced / Floating
PayAsNominated,FixedFlat,1719599.868007071,-1719599.868007071,445521.49851814,65.0,0.7396997517456266,2034379.0376712945,-314779.16966422345,133,joint,PayAsNominated / FixedFlat
PayAsNominated,FixedEscalated,3556733.477035012,-3556733.477035012,445521.49851814,71.08994193089507,0.7396997517456266,4061354.51311268,-504621.03607766796,133,joint,PayAsNominated / FixedEscalated
PayAsNominated,IndexedWithFloorCap,585066.4004049876,-585066.4004049876,445521.49851814,61.03009664400094,0.7396997517456266,713036.9241021003,-127970.52369711269,133,joint,PayAsNominated / IndexedWithFloorCap
PayAsNominated,Floating,0.0,-0.0,445521.49851814,58.88781445313218,0.7396997517456266,0.0,0.0,133,joint,PayAsNominated / Floating
Baseload,FixedFlat,-1017023.0865652711,1017023.0865652711,445521.49851814006,65.0,0.7396997517456266,-686109.9573276744,-330913.12923759676,133,joint,Baseload / FixedFlat
Baseload,FixedEscalated,840040.9269769235,-840040.9269769235,445521.49851814006,71.1737960547356,0.7396997517456266,1368775.5137209138,-528734.5867439903,133,joint,Baseload / FixedEscalated
Baseload,IndexedWithFloorCap,-124247.68723828328,124247.68723828328,445521.49851814006,66.97569720864155,0.7396997517456266,-28519.15691328756,-95728.53032499572,133,joint,Baseload / IndexedWithFloorCap
Baseload,Floating,0.0,-0.0,445521.49851814006,67.06138152580488,0.7396997517456266,0.0,0.0,133,joint,Baseload / Floating
PayAsProduced,FixedFlat,4733133.787316205,-4733133.787316205,446372.9900704117,65.0,0.7377151055540122,5122580.90342306,-389447.11610685475,134,joint,PayAsProduced / FixedFlat
PayAsProduced,FixedEscalated,6579776.552759335,-6579776.552759335,446372.9900704117,71.11014005287113,0.7377151055540122,7160165.972762945,-580389.4200036097,134,joint,PayAsProduced / FixedEscalated
PayAsProduced,IndexedWithFloorCap,2914196.024580006,-2914196.024580006,446372.9900704117,59.083124695906655,0.7377151055540122,3149444.989606918,-235248.9650269118,134,joint,PayAsProduced / IndexedWithFloorCap
PayAsProduced,Floating,0.0,-0.0,446372.9900704117,49.63883190790254,0.7377151055540122,0.0,0.0,134,joint,PayAsProduced / Floating
PayAsNominated,FixedFlat,1689900.807791463,-1689900.807791463,446372.99007041164,65.00000000000003,0.7377151055540122,2012231.3268092738,-322330.5190178107,134,joint,PayAsNominated / FixedFlat
PayAsNominated,FixedEscalated,3536567.4716128404,-3536567.4716128404,446372.99007041164,71.11014005287113,0.7377151055540122,4049816.3961491487,-513248.9245363083,134,joint,PayAsNominated / FixedEscalated
PayAsNominated,IndexedWithFloorCap,593269.8088399614,-593269.8088399614,446372.99007041164,61.136082584450605,0.7377151055540122,723707.5995362244,-130437.79069626296,134,joint,PayAsNominated / IndexedWithFloorCap
PayAsNominated,Floating,0.0,-0.0,446372.99007041164,58.96588863425343,0.7377151055540122,0.0,0.0,134,joint,PayAsNominated / Floating
Baseload,FixedFlat,-1091768.1999658316,1091768.1999658316,446372.99007041176,65.0,0.7377151055540122,-762748.0329475381,-329020.1670182935,134,joint,Baseload / FixedFlat
Baseload,FixedEscalated,768845.0796046432,-768845.0796046432,446372.99007041176,71.17379605473558,0.7377151055540122,1296064.7853228997,-527219.7057182565,134,joint,Baseload / FixedEscalated
Baseload,IndexedWithFloorCap,-133806.33763607568,133806.33763607568,446372.99007041176,67.17641626787754,0.7377151055540122,-36965.43979537322,-96840.89784070247,134,joint,Baseload / IndexedWithFloorCap
Baseload,Floating,0.0,-0.0,446372.99007041176,67.28726514366896,0.7377151055540122,0.0,0.0,134,joint,Baseload / Floating
PayAsProduced,FixedFlat,4612080.980853003,-4612080.980853003,442217.28306781925,65.0,0.7426884422326748,4994282.31071034,-382201.32985733636,135,joint,PayAsProduced / FixedFlat
PayAsProduced,FixedEscalated,6443881.802084008,-6443881.802084008,442217.28306781925,71.1237457143795,0.7426884422326748,7017392.500489231,-573510.698405223,135,joint,PayAsProduced / FixedEscalated
PayAsProduced,IndexedWithFloorCap,2814691.936625429,-2814691.936625429,442217.28306781925,59.10556929644226,0.7426884422326748,3046931.232544032,-232239.29591860296,135,joint,PayAsProduced / IndexedWithFloorCap
PayAsProduced,Floating,0.0,-0.0,442217.28306781925,49.88282296677261,0.7426884422326748,0.0,0.0,135,joint,PayAsProduced / Floating
PayAsNominated,FixedFlat,1636014.560619694,-1636014.560619694,442217.28306781925,65.0,0.7426884422326748,1951474.7555181575,-315460.19489846355,135,joint,PayAsNominated / FixedFlat
PayAsNominated,FixedEscalated,3467839.0811569393,-3467839.0811569393,442217.28306781925,71.1237457143795,0.7426884422326748,3974584.945297049,-506745.8641401096,135,joint,PayAsNominated / FixedEscalated
PayAsNominated,IndexedWithFloorCap,560547.2163771794,-560547.2163771794,442217.28306781925,61.17827585641558,0.7426884422326748,688886.5590072764,-128339.34263009706,135,joint,PayAsNominated / IndexedWithFloorCap
PayAsNominated,Floating,0.0,-0.0,442217.28306781925,59.09308735075366,0.7426884422326748,0.0,0.0,135,joint,PayAsNominated / Floating
Baseload,FixedFlat,-1038332.7558446564,1038332.7558446564,442217.2830678194,64.99999999999999,0.7426884422326748,-715322.3811024559,-323010.3747422005,135,joint,Baseload / FixedFlat
Baseload,FixedEscalated,804958.3205302174,-804958.3205302174,442217.2830678194,71.17379605473556,0.7426884422326748,1324323.0076051764,-519364.68707495905,135,joint,Baseload / FixedEscalated
Baseload,IndexedWithFloorCap,-128401.53041067996,128401.53041067996,442217.2830678194,67.06364898700946,0.7426884422326748,-33551.862130344605,-94849.66828033535,135,joint,Baseload / IndexedWithFloorCap
Baseload,Floating,0.0,-0.0,442217.2830678194,67.16520701037773,0.7426884422326748,0.0,0.0,135,joint,Baseload / Floating
PayAsProduced,FixedFlat,4716467.881932884,-4716467.881932884,446139.4494904059,65.00000000000001,0.7408021812584927,5081417.73598296,-364949.85405007564,136,joint,PayAsProduced / FixedFlat
PayAsProduced,FixedEscalated,6556467.340148648,-6556467.340148648,446139.4494904059,71.08981616792111,0.7408021812584927,7111162.766988159,-554695.4268395109,136,joint,PayAsProduced / FixedEscalated
PayAsProduced,IndexedWithFloorCap,2873421.1220405283,-2873421.1220405283,446139.4494904059,59.05868358778931,0.7408021812584927,3101167.9003904597,-227746.77834993135,136,joint,PayAsProduced / IndexedWithFloorCap
PayAsProduced,Floating,0.0,-0.0,446139.4494904059,49.75429208503835,0.7408021812584927,0.0,0.0,136,joint,PayAsProduced / Floating
PayAsNominated,FixedFlat,1676539.8147723502,-1676539.8147723502,446139.44949040585,65.00000000000001,0.7408021812584927,1986006.5032188874,-309466.6884465371,136,joint,PayAsNominated / FixedFlat
PayAsNominated,FixedEscalated,3516563.114382467,-3516563.114382467,446139.44949040585,71.08981616792111,0.7408021812584927,4015751.534224086,-499188.41984161874,136,joint,PayAsNominated / FixedEscalated
PayAsNominated,IndexedWithFloorCap,572215.952976092,-572215.952976092,446139.44949040585,61.14095424184858,0.7408021812584927,699780.6573074351,-127564.70433134306,136,joint,PayAsNominated / IndexedWithFloorCap
PayAsNominated,Floating,0.0,-0.0,446139.44949040585,59.041411936892764,0.7408021812584927,0.0,0.0,136,joint,PayAsNominated / Floating
Baseload,FixedFlat,-1045483.741532811,1045483.741532811,446139.4494904059,65.00000000000004,0.7408021812584927,-720839.0537638011,-324644.68776900985,136,joint,Baseload / FixedFlat
Baseload,FixedEscalated,814156.0725409972,-814156.0725409972,446139.4494904059,71.1737960547356,0.7408021812584927,1336896.601796526,-522740.5292555288,136,joint,Baseload / FixedEscalated
Baseload,IndexedWithFloorCap,-133750.5550753088,133750.5550753088,446139.4494904059,67.0498786168135,0.7408021812584927,-37611.37957584798,-96139.17549946082,136,joint,Baseload / IndexedWithFloorCap
Baseload,Floating,0.0,-0.0,446139.4494904059,67.16272352291749,0.7408021812584927,0.0,0.0,136,joint,Baseload / Floating
PayAsProduced,FixedFlat,4715618.605353941,-4715618.605353941,444249.7552286085,65.0,0.7399240968199156,5088712.335354962,-373093.7300010212,137,joint,PayAsProduced / FixedFlat
PayAsProduced,FixedEscalated,6554220.5996211115,-6554220.5996211115,444249.7552286085,71.11183538455026,0.7399240968199156,7117168.012852013,-562947.4132309016,137,joint,PayAsProduced / FixedEscalated
PayAsProduced,IndexedWithFloorCap,2862154.7588200388,-2862154.7588200388,444249.7552286085,58.98419535097806,0.7399240968199156,3092128.2771736165,-229973.5183535777,137,joint,PayAsProduced / IndexedWithFloorCap
PayAsProduced,Floating,0.0,-0.0,444249.7552286085,49.66746281023187,0.7399240968199156,0.0,0.0,137,joint,PayAsProduced / Floating
PayAsNominated,FixedFlat,1698514.80187541,-1698514.80187541,444249.7552286085,65.00000000000001,0.7399240968199156,2007958.6681073587,-309443.86623194884,137,joint,PayAsNominated / FixedFlat
PayAsNominated,FixedEscalated,3537140.5761928447,-3537140.5761928447,444249.7552286085,71.11183538455026,0.7399240968199156,4036414.3456044053,-499273.7694115606,137,joint,PayAsNominated / FixedEscalated
PayAsNominated,IndexedWithFloorCap,573471.346783032,-573471.346783032,444249.7552286085,61.063743074026775,0.7399240968199156,701555.2381718763,-128083.89138884435,137,joint,PayAsNominated / IndexedWithFloorCap
PayAsNominated,Floating,0.0,-0.0,444249.7552286085,58.94992309933241,0.7399240968199156,0.0,0.0,137,joint,PayAsNominated / Floating
Baseload,FixedFlat,-1025637.1777660307,1025637.1777660307,444249.7552286083,65.00000000000001,0.7399240968199156,-705291.7052309262,-320345.4725351045,137,joint,Baseload / FixedFlat
Baseload,FixedEscalated,826125.8374959276,-826125.8374959276,444249.7552286083,71.17379605473562,0.7399240968199156,1343728.0852225516,-517602.247726624,137,joint,Baseload / FixedEscalated
Baseload,IndexedWithFloorCap,-131609.6026837969,131609.6026837969,444249.7552286083,67.01622380174094,0.7399240968199156,-36127.63905131849,-95481.96363247841,137,joint,Baseload / IndexedWithFloorCap
Baseload,Floating,0.0,-0.0,444249.7552286083,67.12507813125065,0.7399240968199156,0.0,0.0,137,joint,Baseload / Floating
PayAsProduced,FixedFlat,4616604.674891274,-4616604.674891274,441251.34810080496,65.00000000000001,0.743551360235087,4989264.604308603,-372659.9294173289,138,joint,PayAsProduced / FixedFlat
PayAsProduced,FixedEscalated,6447972.367642789,-6447972.367642789,441251.34810080496,71.13371165205461,0.743551360235087,7011240.984265511,-563268.6166227218,138,joint,PayAsProduced / FixedEscalated
PayAsProduced,IndexedWithFloorCap,2822464.366445212,-2822464.366445212,441251.34810080496,59.11603588978655,0.743551360235087,3049617.4336789595,-227153.06723374734,138,joint,PayAsProduced / IndexedWithFloorCap
PayAsProduced,Floating,0.0,-0.0,441251.34810080496,49.86495156818625,0.743551360235087,0.0,0.0,138,joint,PayAsProduced / Floating
PayAsNominated,FixedFlat,1674831.0518560808,-1674831.0518560808,441251.348100805,65.0,0.743551360235087,1986005.9271322326,-311174.8752761518,138,joint,PayAsNominated / FixedFlat
PayAsNominated,FixedEscalated,3506222.386170828,-3506222.386170828,441251.348100805,71.13371165205461,0.743551360235087,4007982.307089145,-501759.92091831705,138,joint,PayAsNominated / FixedEscalated
PayAsNominated,IndexedWithFloorCap,570513.5610139096,-570513.5610139096,441251.348100805,61.08925270653905,0.743551360235087,696829.1441464033,-126315.58313249366,138,joint,PayAsNominated / IndexedWithFloorCap
PayAsNominated,Floating,0.0,-0.0,441251.348100805,58.97540554031591,0.743551360235087,0.0,0.0,138,joint,PayAsNominated / Floating
Baseload,FixedFlat,-1002307.0863997693,1002307.0863997693,441251.3481008047,65.00000000000004,0.743551360235087,-680141.2937682875,-322165.7926314818,138,joint,Baseload / FixedFlat
Baseload,FixedEscalated,836957.6902956709,-836957.6902956709,441251.3481008047,71.17379605473563,0.743551360235087,1355048.898644001,-518091.2083483301,138,joint,Baseload / FixedEscalated
Baseload,IndexedWithFloorCap,-128282.56488159514,128282.56488159514,441251.3481008047,66.96136430044514,0.743551360235087,-33578.08490563093,-94704.4799759642,138,joint,Baseload / IndexedWithFloorCap
Baseload,Floating,0.0,-0.0,441251.3481008047,67.06322418994777,0.743551360235087,0.0,0.0,138,joint,Baseload / Floating
PayAsProduced,FixedFlat,4712585.090431662,-4712585.090431662,448986.0582912163,65.0,0.7413096933869903,5098307.155234712,-385722.0648030499,139,joint,PayAsProduced / FixedFlat
PayAsProduced,FixedEscalated,6566623.642566449,-6566623.642566449,448986.0582912163,71.09587038117147,0.7413096933869903,7143033.801071296,-576410.1585048474,139,joint,PayAsProduced / FixedEscalated
PayAsProduced,IndexedWithFloorCap,2880756.59340492,-2880756.59340492,448986.0582912163,59.082731479982314,0.7413096933869903,3113488.6048236997,-232732.01141877985,139,joint,PayAsProduced / IndexedWithFloorCap
PayAsProduced,Floating,0.0,-0.0,448986.0582912163,49.800599314832006,0.7413096933869903,0.0,0.0,139,joint,PayAsProduced / Floating
PayAsNominated,FixedFlat,1664492.3979039313,-1664492.3979039313,448986.0582912163,64.99999999999999,0.7413096933869903,1989573.2749999287,-325080.87709599733,139,joint,PayAsNominated / FixedFlat
PayAsNominated,FixedEscalated,3518554.9795729094,-3518554.9795729094,448986.0582912163,71.09587038117147,0.7413096933869903,4034299.9208365176,-515744.94126360817,139,joint,PayAsNominated / FixedEscalated
PayAsNominated,IndexedWithFloorCap,577935.7958674966,-577935.7958674966,448986.0582912163,61.17823343187227,0.7413096933869903,707645.1093100869,-129709.3134425903,139,joint,PayAsNominated / IndexedWithFloorCap
PayAsNominated,Floating,0.0,-0.0,448986.0582912163,59.06855638970741,0.7413096933869903,0.0,0.0,139,joint,PayAsNominated / Floating
Baseload,FixedFlat,-1063685.3751536226,1063685.3751536226,448986.05829121656,64.99999999999994,0.7413096933869903,-730968.307966303,-332717.0671873196,139,joint,Baseload / FixedFlat
Baseload,FixedEscalated,807819.9376272073,-807819.9376272073,448986.05829121656,71.17379605473553,0.7413096933869903,1339896.80394126,-532076.8663140528,139,joint,Baseload / FixedEscalated
Baseload,IndexedWithFloorCap,-133232.44226678755,133232.44226678755,448986.05829121656,67.07231240509677,0.7413096933869903,-35856.3504865122,-97376.09178027534,139,joint,Baseload / IndexedWithFloorCap
Baseload,Floating,0.0,-0.0,448986.05829121656,67.17920965972623,0.7413096933869903,0.0,0.0,139,joint,Baseload / Floating
PayAsProduced,FixedFlat,4690379.526190048,-4690379.526190048,447970.4383731665,65.0,0.7416894778538701,5061981.693667693,-371602.167477645,140,joint,PayAsProduced / FixedFlat
PayAsProduced,FixedEscalated,6541487.255828853,-6541487.255828853,447970.4383731665,71.10606466174558,0.7416894778538701,7105494.8205401525,-564007.5647112997,140,joint,PayAsProduced / FixedEscalated
PayAsProduced,IndexedWithFloorCap,2875543.8412433993,-2875543.8412433993,447970.4383731665,59.15893614661949,0.7416894778538701,3107156.23397939,-231612.3927359907,140,joint,PayAsProduced / IndexedWithFloorCap
PayAsProduced,Floating,0.0,-0.0,447970.4383731665,49.874681189147836,0.7416894778538701,0.0,0.0,140,joint,PayAsProduced / Floating
PayAsNominated,FixedFlat,1667667.846877086,-1667667.846877086,447970.4383731665,65.0,0.7416894778538701,1983096.8364381883,-315428.98956110235,140,joint,PayAsNominated / FixedFlat
PayAsNominated,FixedEscalated,3518799.632210022,-3518799.632210022,447970.4383731665,71.10606466174558,0.7416894778538701,4026609.9633106473,-507810.33110062545,140,joint,PayAsNominated / FixedEscalated
PayAsNominated,IndexedWithFloorCap,581412.1831011131,-581412.1831011131,447970.4383731665,61.20182163629305,0.7416894778538701,711962.6813964609,-130550.49829534779,140,joint,PayAsNominated / IndexedWithFloorCap
PayAsNominated,Floating,0.0,-0.0,447970.4383731665,59.074460616591665,0.7416894778538701,0.0,0.0,140,joint,PayAsNominated / Floating
Baseload,FixedFlat,-1076577.101103859,1076577.101103859,447970.4383731665,65.0,0.7416894778538701,-751230.0845734694,-325347.01653038966,140,joint,Baseload / FixedFlat
Baseload,FixedEscalated,790694.8105784372,-790694.8105784372,447970.4383731665,71.17379605473559,0.7416894778538701,1314950.6683959723,-524255.8578175352,140,joint,Baseload / FixedEscalated
Baseload,IndexedWithFloorCap,-130446.86369720916,130446.86369720916,447970.4383731665,67.14287588902614,0.7416894778538701,-34075.05083827705,-96371.81285893211,140,joint,Baseload / IndexedWithFloorCap
Baseload,Floating,0.0,-0.0,447970.4383731665,67.2446929319581,0.7416894778538701,0.0,0.0,140,joint,Baseload / Floating
PayAsProduced,FixedFlat,4681664.562437481,-4681664.562437481,443010.72877423686,65.0,0.7400056061540191,5055375.9459138345,-373711.38347635325,141,joint,PayAsProduced / FixedFlat
PayAsProduced,FixedEscalated,6506637.0496044075,-6506637.0496044075,443010.72877423686,71.07874783089346,0.7400056061540191,7067223.403867881,-560586.3542634733,141,joint,PayAsProduced / FixedEscalated
PayAsProduced,IndexedWithFloorCap,2873827.500759568,-2873827.500759568,443010.72877423686,59.08822270741545,0.7400056061540191,3098789.7460996285,-224962.24534006044,141,joint,PayAsProduced / IndexedWithFloorCap
PayAsProduced,Floating,0.0,-0.0,443010.72877423686,49.72530536841693,0.7400056061540191,0.0,0.0,141,joint,PayAsProduced / Floating
PayAsNominated,FixedFlat,1643361.8056213048,-1643361.8056213048,443010.7287742369,64.99999999999997,0.7400056061540191,1960574.8253359639,-317213.0197146591,141,joint,PayAsNominated / FixedFlat
PayAsNominated,FixedEscalated,3468357.9620460514,-3468357.9620460514,443010.7287742369,71.07874783089343,0.7400056061540191,3972422.28329001,-504064.32124395855,141,joint,PayAsNominated / FixedEscalated
PayAsNominated,IndexedWithFloorCap,579580.1020473695,-579580.1020473695,443010.7287742369,61.21287901708521,0.7400056061540191,707173.6423292274,-127593.54028185795,141,joint,PayAsNominated / IndexedWithFloorCap
PayAsNominated,Floating,0.0,-0.0,443010.7287742369,59.076171173069326,0.7400056061540191,0.0,0.0,141,joint,PayAsNominated / Floating
Baseload,FixedFlat,-1053443.281699185,1053443.281699185,443010.728774237,65.00000000000001,0.7400056061540191,-726747.4213461791,-326695.86035300593,141,joint,Baseload / FixedFlat
Baseload,FixedEscalated,793155.108627964,-793155.108627964,443010.728774237,71.17379605473556,0.7400056061540191,1316557.5888603088,-523402.4802323447,141,joint,Baseload / FixedEscalated
Baseload,IndexedWithFloorCap,-119113.69280122478,119113.69280122478,443010.728774237,67.1263706533461,0.7400056061540191,-22995.018283650235,-96118.67451757455,141,joint,Baseload / IndexedWithFloorCap
Baseload,Floating,0.0,-0.0,443010.728774237,67.19584953802021,0.7400056061540191,0.0,0.0,141,joint,Baseload / Floating
PayAsProduced,FixedFlat,4710742.024716437,-4710742.024716437,448108.1502771481,65.00000000000001,0.7413343193844171,5090851.23705734,-380109.21234090347,142,joint,PayAsProduced / FixedFlat
PayAsProduced,FixedEscalated,6568416.098265017,-6568416.098265017,448108.1502771481,71.11974529699691,0.7413343193844171,7139572.464052833,-571156.3657878153,142,joint,PayAsProduced / FixedEscalated
PayAsProduced,IndexedWithFloorCap,2882186.77355124,-2882186.77355124,448108.1502771481,59.091333573859814,0.7413343193844171,3112793.369778236,-230606.5962269958,142,joint,PayAsProduced / IndexedWithFloorCap
PayAsProduced,Floating,0.0,-0.0,448108.1502771481,49.793093123078656,0.7413343193844171,0.0,0.0,142,joint,PayAsProduced / Floating
PayAsNominated,FixedFlat,1662437.3699763883,-1662437.3699763883,448108.1502771481,65.00000000000001,0.7413343193844171,1981298.8932557462,-318861.52327935793,142,joint,PayAsNominated / FixedFlat
PayAsNominated,FixedEscalated,3520135.5201099105,-3520135.5201099105,448108.1502771481,71.11974529699691,0.7413343193844171,4030020.120251237,-509884.60014132643,142,joint,PayAsNominated / FixedEscalated
PayAsNominated,IndexedWithFloorCap,575238.8145076018,-575238.8145076018,448108.1502771481,61.1840270176332,0.7413343193844171,703816.829671728,-128578.01516412618,142,joint,PayAsNominated / IndexedWithFloorCap
PayAsNominated,Floating,0.0,-0.0,448108.1502771481,59.081652289155656,0.7413343193844171,0.0,0.0,142,joint,PayAsNominated / Floating
Baseload,FixedFlat,-1053745.5224953939,1053745.5224953939,448108.1502771483,64.99999999999997,0.7413343193844171,-725402.310026143,-328343.2124692509,142,joint,Baseload / FixedFlat
Baseload,FixedEscalated,814100.4127120771,-814100.4127120771,448108.1502771483,71.17379605473556,0.7413343193844171,1341413.6136177194,-527313.2009056422,142,joint,Baseload / FixedEscalated
Baseload,IndexedWithFloorCap,-128297.1500092927,128297.1500092927,448108.1502771483,67.07414100837872,0.7413343193844171,-31037.347854821866,-97259.80215447083,142,joint,Baseload / IndexedWithFloorCap
Baseload,Floating,0.0,-0.0,448108.1502771483,67.16685282346756,0.7413343193844171,0.0,0.0,142,joint,Baseload / Floating
PayAsProduced,FixedFlat,4627887.365505275,-4627887.365505275,444177.361971179,65.00000000000001,0.7431885895167744,5016145.693498993,-388258.327993718,143,joint,PayAsProduced / FixedFlat
PayAsProduced,FixedEscalated,6466772.583673237,-6466772.583673237,444177.361971179,71.11543176780009,0.7431885895167744,7045464.229868659,-578691.6461954219,143,joint,PayAsProduced / FixedEscalated
PayAsProduced,IndexedWithFloorCap,2809847.849990623,-2809847.849990623,444177.361971179,59.061056044416055,0.7431885895167744,3045392.1125359572,-235544.26254533418,143,joint,PayAsProduced / IndexedWithFloorCap
PayAsProduced,Floating,0.0,-0.0,444177.361971179,49.88364631960901,0.7431885895167744,0.0,0.0,143,joint,PayAsProduced / Floating
PayAsNominated,FixedFlat,1672770.015872145,-1672770.015872145,444177.36197117914,64.99999999999999,0.7431885895167744,1991037.4662171374,-318267.45034499234,143,joint,PayAsNominated / FixedFlat
PayAsNominated,FixedEscalated,3511678.996916565,-3511678.996916565,444177.36197117914,71.11543176780006,0.7431885895167744,4020356.0025868034,-508677.0056702383,143,joint,PayAsNominated / FixedEscalated
PayAsNominated,IndexedWithFloorCap,566405.3464706506,-566405.3464706506,444177.36197117914,61.09859066310662,0.7431885895167744,696410.596694975,-130005.25022432441,143,joint,PayAsNominated / IndexedWithFloorCap
PayAsNominated,Floating,0.0,-0.0,444177.36197117914,58.99992975298657,0.7431885895167744,0.0,0.0,143,joint,PayAsNominated / Floating
Baseload,FixedFlat,-1029081.4753177776,1029081.4753177776,444177.3619711789,65.00000000000001,0.7431885895167744,-703861.4579700349,-325220.0173477427,143,joint,Baseload / FixedFlat
Baseload,FixedEscalated,822379.7836571268,-822379.7836571268,444177.3619711789,71.1737960547356,0.7431885895167744,1344824.4319794483,-522444.6483223215,143,joint,Baseload / FixedEscalated
Baseload,IndexedWithFloorCap,-129405.31673723235,129405.31673723235,444177.3619711789,67.02203022616646,0.7431885895167744,-32879.65736114152,-96525.65937609083,143,joint,Baseload / IndexedWithFloorCap
Baseload,Floating,0.0,-0.0,444177.3619711789,67.12111437561715,0.7431885895167744,0.0,0.0,143,joint,Baseload / Floating
PayAsProduced,FixedFlat,4634978.89138623,-4634978.89138623,446195.2495676113,64.99999999999999,0.7436647200559542,5013242.651256858,-378263.7598706288,144,joint,PayAsProduced / FixedFlat
PayAsProduced,FixedEscalated,6478531.45605059,-6478531.45605059,446195.2495676113,71.09795187510225,0.7436647200559542,7045953.531701166,-567422.0756505765,144,joint,PayAsProduced / FixedEscalated
PayAsProduced,IndexedWithFloorCap,2829965.108467158,-2829965.108467158,446195.2495676113,59.13171713919741,0.7436647200559542,3057090.378330273,-227125.26986311516,144,joint,PayAsProduced / IndexedWithFloorCap
PayAsProduced,Floating,0.0,-0.0,446195.2495676113,49.960717867121176,0.7436647200559542,0.0,0.0,144,joint,PayAsProduced / Floating
PayAsNominated,FixedFlat,1632852.1732917612,-1632852.1732917612,446195.2495676112,65.00000000000001,0.7436647200559542,1952383.9674855142,-319531.79419375304,144,joint,PayAsNominated / FixedFlat
PayAsNominated,FixedEscalated,3476428.4421392744,-3476428.4421392744,446195.2495676112,71.09795187510228,0.7436647200559542,3985094.8479298213,-508666.4057905469,144,joint,PayAsNominated / FixedEscalated
PayAsNominated,IndexedWithFloorCap,553365.4792821108,-553365.4792821108,446195.2495676112,61.18468086875859,0.7436647200559542,680573.2236016595,-127207.74431954871,144,joint,PayAsNominated / IndexedWithFloorCap
PayAsNominated,Floating,0.0,-0.0,446195.2495676112,59.143021720410346,0.7436647200559542,0.0,0.0,144,joint,PayAsNominated / Floating
Baseload,FixedFlat,-1056377.8836206086,1056377.8836206086,446195.2495676113,65.0,0.7436647200559542,-727280.7745462524,-329097.10907435615,144,joint,Baseload / FixedFlat
Baseload,FixedEscalated,803494.5215081219,-803494.5215081219,446195.2495676113,71.1737960547356,0.7436647200559542,1330712.248544756,-527217.7270366342,144,joint,Baseload / FixedEscalated
Baseload,IndexedWithFloorCap,-136258.18725552366,136258.18725552366,446195.2495676113,67.06183070924311,0.7436647200559542,-39983.49799265772,-96274.68926286594,144,joint,Baseload / IndexedWithFloorCap
Baseload,Floating,0.0,-0.0,446195.2495676113,67.18177764754266,0.7436647200559542,0.0,0.0,144,joint,Baseload / Floating
PayAsProduced,FixedFlat,4787848.921604723,-4787848.921604723,447408.02680783224,65.00000000000001,0.7385516032147204,5145305.665127529,-357456.7435228061,145,joint,PayAsProduced / FixedFlat
PayAsProduced,FixedEscalated,6638542.353667245,-6638542.353667245,447408.02680783224,71.11029116115715,0.7385516032147204,7187665.935435715,-549123.5817684699,145,joint,PayAsProduced / FixedEscalated
PayAsProduced,IndexedWithFloorCap,2892848.837548726,-2892848.837548726,447408.02680783224,58.92107241269091,0.7385516032147204,3113428.646021723,-220579.80847299704,145,joint,PayAsProduced / IndexedWithFloorCap
PayAsProduced,Floating,0.0,-0.0,447408.02680783224,49.606381065992665,0.7385516032147204,0.0,0.0,145,joint,PayAsProduced / Floating
PayAsNominated,FixedFlat,1709577.8019817427,-1709577.8019817427,447408.02680783236,65.0,0.7385516032147204,2016855.0151631793,-307277.2131814365,145,joint,PayAsNominated / FixedFlat
PayAsNominated,FixedEscalated,3560295.1244683866,-3560295.1244683866,447408.02680783236,71.11029116115715,0.7385516032147204,4059215.285471371,-498920.16100298427,145,joint,PayAsNominated / FixedEscalated
PayAsNominated,IndexedWithFloorCap,579368.0166178981,-579368.0166178981,447408.02680783236,61.07213462086901,0.7385516032147204,703968.9372537663,-124600.92063586821,145,joint,PayAsNominated / IndexedWithFloorCap
PayAsNominated,Floating,0.0,-0.0,447408.02680783236,58.966014932993474,0.7385516032147204,0.0,0.0,145,joint,PayAsNominated / Floating
Baseload,FixedFlat,-1049776.6368580307,1049776.6368580307,447408.02680783236,65.0,0.7385516032147204,-724356.8461971817,-325419.79066084896,145,joint,Baseload / FixedFlat
Baseload,FixedEscalated,815150.9787975736,-815150.9787975736,447408.02680783236,71.17379605473559,0.7385516032147204,1339229.887497772,-524078.9087001984,145,joint,Baseload / FixedEscalated
Baseload,IndexedWithFloorCap,-133310.67511188216,133310.67511188216,447408.02680783236,67.05250473723896,0.7385516032147204,-38308.66626685725,-95002.0088450249,145,joint,Baseload / IndexedWithFloorCap
Baseload,Floating,0.0,-0.0,447408.02680783236,67.16711581163612,0.7385516032147204,0.0,0.0,145,joint,Baseload / Floating
PayAsProduced,FixedFlat,4599716.417110753,-4599716.417110753,443419.73259566457,64.99999999999999,0.7442861992434188,4966828.687342054,-367112.27023130096,146,joint,PayAsProduced / FixedFlat
PayAsProduced,FixedEscalated,6434553.408896852,-6434553.408896852,443419.73259566457,71.1124507320836,0.7442861992434188,6991698.306376199,-557144.897479347,146,joint,PayAsProduced / FixedEscalated
PayAsProduced,IndexedWithFloorCap,2815187.785028385,-2815187.785028385,443419.73259566457,59.17128398219047,0.7442861992434188,3035951.7772852313,-220763.99225684628,146,joint,PayAsProduced / IndexedWithFloorCap
PayAsProduced,Floating,0.0,-0.0,443419.73259566457,50.00669111695239,0.7442861992434188,0.0,0.0,146,joint,PayAsProduced / Floating
PayAsNominated,FixedFlat,1623377.8704668216,-1623377.8704668216,443419.73259566445,64.99999999999999,0.7442861992434188,1938764.9152426138,-315387.04477579216,146,joint,PayAsNominated / FixedFlat
PayAsNominated,FixedEscalated,3458238.5639299946,-3458238.5639299946,443419.73259566445,71.11245073208364,0.7442861992434188,3963634.5342767723,-505395.9703467777,146,joint,PayAsNominated / FixedEscalated
PayAsNominated,IndexedWithFloorCap,552750.966946343,-552750.966946343,443419.73259566445,61.19220093292506,0.7442861992434188,677356.5237056434,-124605.55675930041,146,joint,PayAsNominated / IndexedWithFloorCap
PayAsNominated,Floating,0.0,-0.0,443419.73259566445,59.147472551262105,0.7442861992434188,0.0,0.0,146,joint,PayAsNominated / Floating
Baseload,FixedFlat,-1056228.9152837514,1056228.9152837514,443419.7325956646,65.0,0.7442861992434188,-724635.5661944658,-331593.3490892856,146,joint,Baseload / FixedFlat
Baseload,FixedEscalated,792074.3226898096,-792074.3226898096,443419.7325956646,71.17379605473559,0.7442861992434188,1320555.8984548643,-528481.5757650547,146,joint,Baseload / FixedEscalated
Baseload,IndexedWithFloorCap,-139419.21514116225,139419.21514116225,443419.7325956646,67.05308246223292,0.7442861992434188,-44511.5888630127,-94907.62627814955,146,joint,Baseload / IndexedWithFloorCap
Baseload,Floating,0.0,-0.0,443419.7325956646,67.18744908582902,0.7442861992434188,0.0,0.0,146,joint,Baseload / Floating
PayAsProduced,FixedFlat,4608630.311904587,-4608630.311904587,447903.9214459631,64.99999999999999,0.7452233300367807,4973926.016144572,-365295.704239985,147,joint,PayAsProduced / FixedFlat
PayAsProduced,FixedEscalated,6454102.008074368,-6454102.008074368,447903.9214459631,71.08550855445341,0.7452233300367807,7010257.232774346,-556155.2246999778,147,joint,PayAsProduced / FixedEscalated
PayAsProduced,IndexedWithFloorCap,2825491.854064098,-2825491.854064098,447903.9214459631,59.24767829858004,0.7452233300367807,3049085.6936170156,-223593.83955291752,147,joint,PayAsProduced / IndexedWithFloorCap
PayAsProduced,Floating,0.0,-0.0,447903.9214459631,50.13558645407269,0.7452233300367807,0.0,0.0,147,joint,PayAsProduced / Floating
PayAsNominated,FixedFlat,1623816.2186815895,-1623816.2186815895,447903.92144596315,64.99999999999999,0.7452233300367807,1930264.323011902,-306448.10433031246,147,joint,PayAsNominated / FixedFlat
PayAsNominated,FixedEscalated,3469311.781438898,-3469311.781438898,447903.92144596315,71.08550855445341,0.7452233300367807,3966595.539641677,-497283.7582027791,147,joint,PayAsNominated / FixedEscalated
PayAsNominated,IndexedWithFloorCap,548061.0559719156,-548061.0559719156,447903.92144596315,61.2420568981123,0.7452233300367807,672782.4247911997,-124721.36881928414,147,joint,PayAsNominated / IndexedWithFloorCap
PayAsNominated,Floating,0.0,-0.0,447903.92144596315,59.23146885235769,0.7452233300367807,0.0,0.0,147,joint,PayAsNominated / Floating
Baseload,FixedFlat,-1085914.3570154794,1085914.3570154794,447903.9214459631,65.0,0.7452233300367807,-761568.3240025118,-324346.03301296756,147,joint,Baseload / FixedFlat
Baseload,FixedEscalated,781080.2926441946,-781080.2926441946,447903.9214459631,71.17379605473559,0.7452233300367807,1304305.6319487307,-523225.3393045361,147,joint,Baseload / FixedEscalated
Baseload,IndexedWithFloorCap,-138777.52187057256,138777.52187057256,447903.9214459631,67.14622518087762,0.7452233300367807,-43399.03796319276,-95378.48390737979,147,joint,Baseload / IndexedWithFloorCap
Baseload,Floating,0.0,-0.0,447903.9214459631,67.27592177179723,0.7452233300367807,0.0,0.0,147,joint,Baseload / Floating
PayAsProduced,FixedFlat,4639320.0552810645,-4639320.0552810645,444769.4430992189,65.00000000000001,0.7422861105329065,5011408.577259293,-372088.52197822835,148,joint,PayAsProduced / FixedFlat
PayAsProduced,FixedEscalated,6477816.775145743,-6477816.775145743,444769.4430992189,71.10729140660727,0.7422861105329065,7040727.298774005,-562910.5236282619,148,joint,PayAsProduced / FixedEscalated
PayAsProduced,IndexedWithFloorCap,2835918.8522200715,-2835918.8522200715,444769.4430992189,59.13578709556256,0.7422861105329065,3062859.500159661,-226940.64793958934,148,joint,PayAsProduced / IndexedWithFloorCap
PayAsProduced,Floating,0.0,-0.0,444769.4430992189,49.91802583083218,0.7422861105329065,0.0,0.0,148,joint,PayAsProduced / Floating
PayAsNominated,FixedFlat,1637104.2121748806,-1637104.2121748806,444769.443099219,65.0,0.7422861105329065,1952563.113026538,-315458.9008516574,148,joint,PayAsNominated / FixedFlat
PayAsNominated,FixedEscalated,3475624.673949645,-3475624.673949645,444769.443099219,71.10729140660723,0.7422861105329065,3981881.8345412416,-506257.16059159674,148,joint,PayAsNominated / FixedEscalated
PayAsNominated,IndexedWithFloorCap,561961.2368638498,-561961.2368638498,444769.443099219,61.19773258088382,0.7422861105329065,689153.2077008792,-127191.9708370294,148,joint,PayAsNominated / IndexedWithFloorCap
PayAsNominated,Floating,0.0,-0.0,444769.443099219,59.123706742258605,0.7422861105329065,0.0,0.0,148,joint,PayAsNominated / Floating
Baseload,FixedFlat,-1070634.8285475574,1070634.8285475574,444769.4430992189,65.0,0.7422861105329065,-747305.444828331,-323329.38371922635,148,joint,Baseload / FixedFlat
Baseload,FixedEscalated,783294.3978759157,-783294.3978759157,444769.4430992189,71.17379605473559,0.7422861105329065,1304111.3097634604,-520816.9118875447,148,joint,Baseload / FixedEscalated
Baseload,IndexedWithFloorCap,-138352.29390450823,138352.29390450823,444769.4430992189,67.12022818774119,0.7422861105329065,-42800.21185196453,-95552.0820525437,148,joint,Baseload / IndexedWithFloorCap
Baseload,Floating,0.0,-0.0,444769.4430992189,67.24903662146488,0.7422861105329065,0.0,0.0,148,joint,Baseload / Floating
PayAsProduced,FixedFlat,4705528.917942924,-4705528.917942924,444462.46418368607,65.0,0.7386126188550646,5092617.848168566,-387088.93022564147,149,joint,PayAsProduced / FixedFlat
PayAsProduced,FixedEscalated,6543584.352062169,-6543584.352062169,444462.46418368607,71.10969287729814,0.7386126188550646,7121333.343443622,-577748.9913814524,149,joint,PayAsProduced / FixedEscalated
PayAsProduced,IndexedWithFloorCap,2867487.650590013,-2867487.650590013,444462.46418368607,59.01715162363799,0.7386126188550646,3106020.9028284405,-238533.25223842775,149,joint,PayAsProduced / IndexedWithFloorCap
PayAsProduced,Floating,0.0,-0.0,444462.46418368607,49.66303872266803,0.7386126188550646,0.0,0.0,149,joint,PayAsProduced / Floating
PayAsNominated,FixedFlat,1679171.6239947674,-1679171.6239947674,444462.4641836861,65.0,0.7386126188550646,2000413.324995535,-321241.7010007675,149,joint,PayAsNominated / FixedFlat
PayAsNominated,FixedEscalated,3517250.7413910027,-3517250.7413910027,444462.4641836861,71.10969287729813,0.7386126188550646,4029128.8202705868,-511878.0788795841,149,joint,PayAsNominated / FixedEscalated
PayAsNominated,IndexedWithFloorCap,576909.6000477606,-576909.6000477606,444462.4641836861,61.11376747506314,0.7386126188550646,709994.9193705645,-133085.31932280387,149,joint,PayAsNominated / IndexedWithFloorCap
PayAsNominated,Floating,0.0,-0.0,444462.4641836861,58.975542124145676,0.7386126188550646,0.0,0.0,149,joint,PayAsNominated / Floating
Baseload,FixedFlat,-1074440.3420861072,1074440.3420861072,444462.464183686,64.99999999999999,0.7386126188550646,-743216.4257205646,-331223.9163655427,149,joint,Baseload / FixedFlat
Baseload,FixedEscalated,778209.3063622325,-778209.3063622325,444462.464183686,71.1737960547356,0.7386126188550646,1306784.4454278,-528575.1390655675,149,joint,Baseload / FixedEscalated
Baseload,IndexedWithFloorCap,-133177.7644991218,133177.7644991218,444462.464183686,67.13295629242131,0.7386126188550646,-34971.09030312311,-98206.6741959987,149,joint,Baseload / IndexedWithFloorCap
Baseload,Floating,0.0,-0.0,444462.464183686,67.23827545710161,0.7386126188550646,0.0,0.0,149,joint,Baseload / Floating
PayAsProduced,FixedFlat,4729671.516556263,-4729671.516556263,443211.7018417634,65.00000000000001,0.7387208439708897,5103500.580107033,-373829.0635507703,0,price,PayAsProduced / FixedFlat
PayAsProduced,FixedEscalated,6560315.618345452,-6560315.618345452,443211.7018417634,71.101113138445,0.7387208439708897,7123666.190776873,-563350.5724314218,0,price,PayAsProduced / FixedEscalated
PayAsProduced,IndexedWithFloorCap,2879810.8502232735,-2879810.8502232735,443211.7018417634,58.98190312547853,0.7387208439708897,3110822.838896256,-231011.98867298244,0,price,PayAsProduced / IndexedWithFloorCap
PayAsProduced,Floating,0.0,-0.0,443211.7018417634,49.5868901653918,0.7387208439708897,0.0,0.0,0,price,PayAsProduced / Floating
PayAsNominated,FixedFlat,1696829.5692514167,-1696829.5692514167,443211.70184176345,65.0,0.7387208439708897,2008909.9134109016,-312080.34415948484,0,price,PayAsNominated / FixedFlat
PayAsNominated,FixedEscalated,3527497.378000099,-3527497.378000099,443211.70184176345,71.101113138445,0.7387208439708897,4029075.5240807473,-501578.14608064806,0,price,PayAsNominated / FixedEscalated
PayAsNominated,IndexedWithFloorCap,577682.7307312996,-577682.7307312996,443211.70184176345,61.067263119093454,0.7387208439708897,706724.6199506174,-129041.88921931782,0,price,PayAsNominated / IndexedWithFloorCap
PayAsNominated,Floating,0.0,-0.0,443211.70184176345,58.93288025401065,0.7387208439708897,0.0,0.0,0,price,PayAsNominated / Floating
Baseload,FixedFlat,-1021230.5619485907,1021230.5619485907,443211.70184176316,65.0,0.7387208439708897,-703731.4510743312,-317499.1108742595,0,price,Baseload / FixedFlat
Baseload,FixedEscalated,826205.5429504388,-826205.5429504388,443211.70184176316,71.1737960547356,0.7387208439708897,1340500.510217376,-514294.96726693725,0,price,Baseload / FixedEscalated
Baseload,IndexedWithFloorCap,-124226.34970340531,124226.34970340531,443211.70184176316,67.03699480233038,0.7387208439708897,-29253.408231501562,-94972.94147190376,0,price,Baseload / IndexedWithFloorCap
Baseload,Floating,0.0,-0.0,443211.70184176316,67.12534317949454,0.7387208439708897,0.0,0.0,0,price,Baseload / Floating
PayAsProduced,FixedFlat,4669749.73021992,-4669749.73021992,443211.7018417634,65.00000000000001,0.7409968257012407,5044559.539256845,-374809.8090369245,1,price,PayAsProduced / FixedFlat
PayAsProduced,FixedEscalated,6500393.832009107,-6500393.832009107,443211.7018417634,71.101113138445,0.7409968257012407,7064725.149926687,-564331.3179175798,1,price,PayAsProduced / FixedEscalated
PayAsProduced,IndexedWithFloorCap,2831210.0581588736,-2831210.0581588736,443211.7018417634,59.00422504277794,0.7409968257012407,3059272.903352463,-228062.84519358957,1,price,PayAsProduced / IndexedWithFloorCap
PayAsProduced,Floating,0.0,-0.0,443211.7018417634,49.764898323151435,0.7409968257012407,0.0,0.0,1,price,PayAsProduced / Floating
PayAsNominated,FixedFlat,1668696.3775923008,-1668696.3775923008,443211.70184176345,65.0,0.7409968257012407,1985053.7623090993,-316357.38471679855,1,price,PayAsNominated / FixedFlat
PayAsNominated,FixedEscalated,3499364.186340983,-3499364.186340983,443211.70184176345,71.101113138445,0.7409968257012407,4005219.3729789453,-505855.18663796224,1,price,PayAsNominated / FixedEscalated
PayAsNominated,IndexedWithFloorCap,566475.7501910325,-566475.7501910325,443211.70184176345,61.10645452479043,0.7409968257012407,695845.3024570871,-129369.55226605455,1,price,PayAsNominated / IndexedWithFloorCap
PayAsNominated,Floating,0.0,-0.0,443211.70184176345,59.00492834558848,0.7409968257012407,0.0,0.0,1,price,PayAsNominated / Floating
Baseload,FixedFlat,-1041879.6150516034,1041879.6150516034,443211.70184176316,65.0,0.7409968257012407,-715006.410747092,-326873.2043045114,1,price,Baseload / FixedFlat
Baseload,FixedEscalated,805556.4898474268,-805556.4898474268,443211.70184176316,71.1737960547356,0.7409968257012407,1329225.5505446154,-523669.0606971886,1,price,Baseload / FixedEscalated
Baseload,IndexedWithFloorCap,-132393.08233106657,132393.08233106657,443211.70184176316,67.04848792112294,0.7409968257012407,-36722.83228851296,-95670.25004255361,1,price,Baseload / IndexedWithFloorCap
Baseload,Floating,0.0,-0.0,443211.70184176316,67.15939474647082,0.7409968257012407,0.0,0.0,1,price,Baseload / Floating
PayAsProduced,FixedFlat,4684803.689593907,-4684803.689593907,443211.7018417634,65.00000000000001,0.7392866732785822,5074405.424849295,-389601.7352553876,2,price,PayAsProduced / FixedFlat
PayAsProduced,FixedEscalated,6515447.791383094,-6515447.791383094,443211.7018417634,71.101113138445,0.7392866732785822,7094571.035519136,-579123.244136042,2,price,PayAsProduced / FixedEscalated
PayAsProduced,IndexedWithFloorCap,2873487.8032489037,-2873487.8032489037,443211.7018417634,59.08402383019174,0.7392866732785822,3115541.3060247395,-242053.5027758358,2,price,PayAsProduced / IndexedWithFloorCap
PayAsProduced,Floating,0.0,-0.0,443211.7018417634,49.674760601889936,0.7392866732785822,0.0,0.0,2,price,PayAsProduced / Floating
PayAsNominated,FixedFlat,1667830.0799379915,-1667830.0799379915,443211.70184176345,65.0,0.7392866732785822,1989012.6968535392,-321182.61691554775,2,price,PayAsNominated / FixedFlat
PayAsNominated,FixedEscalated,3498497.8886866737,-3498497.8886866737,443211.70184176345,71.101113138445,0.7392866732785822,4009178.307523385,-510680.41883671144,2,price,PayAsNominated / FixedEscalated
PayAsNominated,IndexedWithFloorCap,582564.559943829,-582564.559943829,443211.70184176345,61.15455485949911,0.7392866732785822,715730.944117951,-133166.384174122,2,price,PayAsNominated / IndexedWithFloorCap
PayAsNominated,Floating,0.0,-0.0,443211.70184176345,58.99297194585781,0.7392866732785822,0.0,0.0,2,price,PayAsNominated / Floating
Baseload,FixedFlat,-1052555.6122252643,1052555.6122252643,443211.70184176316,65.0,0.7392866732785822,-726075.886283357,-326479.72594190727,2,price,Baseload / FixedFlat
Baseload,FixedEscalated,794880.4926737656,-794880.4926737656,443211.70184176316,71.1737960547356,0.7392866732785822,1318156.0750083504,-523275.5823345848,2,price,Baseload / FixedEscalated
Baseload,IndexedWithFloorCap,-119462.27379969429,119462.27379969429,443211.70184176316,67.12692662534872,0.7392866732785822,-21820.133694140553,-97642.14010555373,2,price,Baseload / IndexedWithFloorCap
Baseload,Floating,0.0,-0.0,443211.70184176316,67.19282572968987,0.7392866732785822,0.0,0.0,2,price,Baseload / Floating
PayAsProduced,FixedFlat,4751558.720651355,-4751558.720651355,443211.7018417634,65.00000000000001,0.7383640664790969,5120387.811684017,-368829.0910326624,3,price,PayAsProduced / FixedFlat
PayAsProduced,FixedEscalated,6582202.822440542,-6582202.822440542,443211.7018417634,71.101113138445,0.7383640664790969,7140553.422353857,-558350.5999133149,3,price,PayAsProduced / FixedEscalated
PayAsProduced,IndexedWithFloorCap,2856968.503732686,-2856968.503732686,443211.7018417634,58.86839421511412,0.7383640664790969,3090125.6507092705,-233157.14697658457,3,price,PayAsProduced / IndexedWithFloorCap
PayAsProduced,Floating,0.0,-0.0,443211.7018417634,49.53588894554026,0.7383640664790969,0.0,0.0,3,price,PayAsProduced / Floating
PayAsNominated,FixedFlat,1705976.1016116748,-1705976.1016116748,443211.70184176345,65.0,0.7383640664790969,2022358.3944254462,-316382.2928137714,3,price,PayAsNominated / FixedFlat
PayAsNominated,FixedEscalated,3536643.910360357,-3536643.910360357,443211.70184176345,71.101113138445,0.7383640664790969,4042524.0050952923,-505880.09473493556,3,price,PayAsNominated / FixedEscalated
PayAsNominated,IndexedWithFloorCap,579733.8583647343,-579733.8583647343,443211.70184176345,61.040962028566916,0.7383640664790969,711464.4346285192,-131730.5762637849,3,price,PayAsNominated / IndexedWithFloorCap
PayAsNominated,Floating,0.0,-0.0,443211.70184176345,58.892264423419036,0.7383640664790969,0.0,0.0,3,price,PayAsNominated / Floating
Baseload,FixedFlat,-1016504.4164181992,1016504.4164181992,443211.70184176316,65.0,0.7383640664790969,-691599.9853516577,-324904.43106654147,3,price,Baseload / FixedFlat
Baseload,FixedEscalated,830931.6884808306,-830931.6884808306,443211.70184176316,71.1737960547356,0.7383640664790969,1352631.9759400494,-521700.28745921876,3,price,Baseload / FixedEscalated
Baseload,IndexedWithFloorCap,-120607.0709168328,120607.0709168328,443211.70184176316,67.01858668344569,0.7383640664790969,-23217.133318132925,-97389.93759869988,3,price,Baseload / IndexedWithFloorCap
Baseload,Floating,0.0,-0.0,443211.70184176316,67.08870487394262,0.7383640664790969,0.0,0.0,3,price,Baseload / Floating
PayAsProduced,FixedFlat,4647706.191095878,-4647706.191095878,443211.7018417634,65.00000000000001,0.7406947295978633,5030191.001033099,-382484.809937221,4,price,PayAsProduced / FixedFlat
PayAsProduced,FixedEscalated,6478350.292885065,-6478350.292885065,443211.7018417634,71.101113138445,0.7406947295978633,7050356.6117029395,-572006.3188178744,4,price,PayAsProduced / FixedEscalated
PayAsProduced,IndexedWithFloorCap,2849113.943098638,-2849113.943098638,443211.7018417634,59.1209396295168,0.7406947295978633,3083550.2300787778,-234436.28698013956,4,price,PayAsProduced / IndexedWithFloorCap
PayAsProduced,Floating,0.0,-0.0,443211.7018417634,49.80829282352018,0.7406947295978633,0.0,0.0,4,price,PayAsProduced / Floating
PayAsNominated,FixedFlat,1641739.8091077688,-1641739.8091077688,443211.70184176345,65.0,0.7406947295978633,1965023.310172719,-323283.50106495013,4,price,PayAsNominated / FixedFlat
PayAsNominated,FixedEscalated,3472407.617856451,-3472407.617856451,443211.70184176345,71.101113138445,0.7406947295978633,3985188.9208425647,-512781.3029861138,4,price,PayAsNominated / FixedEscalated
PayAsNominated,IndexedWithFloorCap,577159.8421770087,-577159.8421770087,443211.70184176345,61.207262751383766,0.7406947295978633,709193.8924750332,-132034.05029802443,4,price,PayAsNominated / IndexedWithFloorCap
PayAsNominated,Floating,0.0,-0.0,443211.70184176345,59.065422422931846,0.7406947295978633,0.0,0.0,4,price,PayAsNominated / Floating
Baseload,FixedFlat,-1073027.156363504,1073027.156363504,443211.70184176316,65.0,0.7406947295978633,-743474.7925109153,-329552.3638525887,4,price,Baseload / FixedFlat
Baseload,FixedEscalated,774408.9485355254,-774408.9485355254,443211.70184176316,71.1737960547356,0.7406947295978633,1300757.1687807918,-526348.2202452664,4,price,Baseload / FixedEscalated
Baseload,IndexedWithFloorCap,-125161.41183889107,125161.41183889107,443211.70184176316,67.16143122988164,0.7406947295978633,-27794.07305000645,-97367.33878888462,4,price,Baseload / IndexedWithFloorCap
Baseload,Floating,0.0,-0.0,443211.70184176316,67.24537226093408,0.7406947295978633,0.0,0.0,4,price,Baseload / Floating
PayAsProduced,FixedFlat,4692923.163694757,-4692923.163694757,443211.7018417634,65.00000000000001,0.7395716994274351,5065975.675738902,-373052.5120441448,5,price,PayAsProduced / FixedFlat
PayAsProduced,FixedEscalated,6523567.265483943,-6523567.265483943,443211.7018417634,71.101113138445,0.7395716994274351,7086141.286408742,-562574.0209247991,5,price,PayAsProduced / FixedEscalated
PayAsProduced,IndexedWithFloorCap,2853912.4642615374,-2853912.4642615374,443211.7018417634,59.02037561172426,0.7395716994274351,3086036.723648564,-232124.25938702654,5,price,PayAsProduced / IndexedWithFloorCap
PayAsProduced,Floating,0.0,-0.0,443211.7018417634,49.70021933298583,0.7395716994274351,0.0,0.0,5,price,PayAsProduced / Floating
PayAsNominated,FixedFlat,1638457.5206626349,-1638457.5206626349,443211.70184176345,65.0,0.7395716994274351,1955642.4611022763,-317184.9404396415,5,price,PayAsNominated / FixedFlat
PayAsNominated,FixedEscalated,3469125.329411317,-3469125.329411317,443211.70184176345,71.101113138445,0.7395716994274351,3975808.0717721223,-506682.74236080516,5,price,PayAsNominated / FixedEscalated
PayAsNominated,IndexedWithFloorCap,568377.0648998793,-568377.0648998793,443211.70184176345,61.201338781044385,0.7395716994274351,697851.5323021599,-129474.46740228066,5,price,PayAsNominated / IndexedWithFloorCap
PayAsNominated,Floating,0.0,-0.0,443211.70184176345,59.0937535761854,0.7395716994274351,0.0,0.0,5,price,PayAsNominated / Floating
Baseload,FixedFlat,-1054127.6869988472,1054127.6869988472,443211.70184176316,65.0,0.7395716994274351,-728899.6069548533,-325228.0800439939,5,price,Baseload / FixedFlat
Baseload,FixedEscalated,793308.4179001821,-793308.4179001821,443211.70184176316,71.1737960547356,0.7395716994274351,1315332.354336854,-522023.936436672,5,price,Baseload / FixedEscalated
Baseload,IndexedWithFloorCap,-128926.14903553308,128926.14903553308,443211.70184176316,67.10030502435099,0.7395716994274351,-33458.64629232652,-95467.50274320655,5,price,Baseload / IndexedWithFloorCap
Baseload,Floating,0.0,-0.0,443211.70184176316,67.20135366383407,0.7395716994274351,0.0,0.0,5,price,Baseload / Floating
PayAsProduced,FixedFlat,4702452.226598097,-4702452.226598097,443211.7018417634,65.00000000000001,0.7401552544801657,5076420.671276039,-373968.44467794243,6,price,PayAsProduced / FixedFlat
PayAsProduced,FixedEscalated,6533096.328387283,-6533096.328387283,443211.7018417634,71.101113138445,0.7401552544801657,7096586.281945881,-563489.9535585986,6,price,PayAsProduced / FixedEscalated
PayAsProduced,IndexedWithFloorCap,2857976.3324208544,-2857976.3324208544,443211.7018417634,58.99772320690463,0.7401552544801657,3088981.184745973,-231004.8523251186,6,price,PayAsProduced / IndexedWithFloorCap
PayAsProduced,Floating,0.0,-0.0,443211.7018417634,49.668674345205595,0.7401552544801657,0.0,0.0,6,price,PayAsProduced / Floating
PayAsNominated,FixedFlat,1694986.8042270003,-1694986.8042270003,443211.70184176345,65.0,0.7401552544801657,2009753.0510538504,-314766.2468268501,6,price,PayAsNominated / FixedFlat
PayAsNominated,FixedEscalated,3525654.612975682,-3525654.612975682,443211.70184176345,71.101113138445,0.7401552544801657,4029918.6617236957,-504264.04874801356,6,price,PayAsNominated / FixedEscalated
PayAsNominated,IndexedWithFloorCap,573352.166649038,-573352.166649038,443211.70184176345,61.049885929292024,0.7401552544801657,701813.9221130006,-128461.75546396268,6,price,PayAsNominated / IndexedWithFloorCap
PayAsNominated,Floating,0.0,-0.0,443211.70184176345,58.930333889433534,0.7401552544801657,0.0,0.0,6,price,PayAsNominated / Floating
Baseload,FixedFlat,-1023196.9812817189,1023196.9812817189,443211.70184176316,65.0,0.7401552544801657,-697244.2620648275,-325952.71921689145,6,price,Baseload / FixedFlat
Baseload,FixedEscalated,824239.1236173109,-824239.1236173109,443211.70184176316,71.1737960547356,0.7401552544801657,1346987.6992268797,-522748.57560956886,6,price,Baseload / FixedEscalated
Baseload,IndexedWithFloorCap,-125830.1748231231,125830.1748231231,443211.70184176316,67.01381393850576,0.7401552544801657,-30441.733978319,-95388.4408448041,6,price,Baseload / IndexedWithFloorCap
Baseload,Floating,0.0,-0.0,443211.70184176316,67.10575118471529,0.7401552544801657,0.0,0.0,6,price,Baseload / Floating
PayAsProduced,FixedFlat,4628959.451025585,-4628959.451025585,443211.7018417634,65.00000000000001,0.7414545212330483,5002948.406269414,-373988.95524382964,7,price,PayAsProduced / FixedFlat
PayAsProduced,FixedEscalated,6459603.552814773,-6459603.552814773,443211.7018417634,71.101113138445,0.7414545212330483,7023114.016939255,-563510.4641244821,7,price,PayAsProduced / FixedEscalated
PayAsProduced,IndexedWithFloorCap,2800884.352684055,-2800884.352684055,443211.7018417634,59.045998909103666,0.7414545212330483,3031493.693533968,-230609.3408499132,7,price,PayAsProduced / IndexedWithFloorCap
PayAsProduced,Floating,0.0,-0.0,443211.7018417634,49.89056833200334,0.7414545212330483,0.0,0.0,7,price,PayAsProduced / Floating
PayAsNominated,FixedFlat,1608917.8316750377,-1608917.8316750377,443211.70184176345,65.0,0.7414545212330483,1923815.9025251495,-314898.0708501118,7,price,PayAsNominated / FixedFlat
PayAsNominated,FixedEscalated,3439585.64042372,-3439585.64042372,443211.70184176345,71.101113138445,0.7414545212330483,3943981.513194995,-504395.87277127523,7,price,PayAsNominated / FixedEscalated
PayAsNominated,IndexedWithFloorCap,549459.9442263613,-549459.9442263613,443211.70184176345,61.236855465501286,0.7414545212330483,677785.0546998844,-128325.11047352303,7,price,PayAsNominated / IndexedWithFloorCap
PayAsNominated,Floating,0.0,-0.0,443211.70184176345,59.18987313869098,0.7414545212330483,0.0,0.0,7,price,PayAsNominated / Floating
Baseload,FixedFlat,-1080341.70955572,1080341.70955572,443211.70184176316,65.0,0.7414545212330483,-757400.3243113306,-322941.3852443894,7,price,Baseload / FixedFlat
Baseload,FixedEscalated,767094.3953433095,-767094.3953433095,443211.70184176316,71.1737960547356,0.7414545212330483,1286831.6369803767,-519737.24163706717,7,price,Baseload / FixedEscalated
Baseload,IndexedWithFloorCap,-141315.0309078232,141315.0309078232,443211.70184176316,67.14725699007109,0.7414545212330483,-46412.89788939879,-94902.13301842441,7,price,Baseload / IndexedWithFloorCap
Baseload,Floating,0.0,-0.0,443211.70184176316,67.28742883519641,0.7414545212330483,0.0,0.0,7,price,Baseload / Floating
PayAsProduced,FixedFlat,4644698.357337069,-4644698.357337069,443211.7018417634,65.00000000000001,0.742640911965157,5023265.042719441,-378566.68538237177,8,price,PayAsProduced / FixedFlat
PayAsProduced,FixedEscalated,6475342.4591262555,-6475342.4591262555,443211.7018417634,71.101113138445,0.742640911965157,7043430.653389282,-568088.1942630261,8,price,PayAsProduced / FixedEscalated
PayAsProduced,IndexedWithFloorCap,2820010.053772072,-2820010.053772072,443211.7018417634,59.041894042813645,0.742640911965157,3050451.150187238,-230441.09641516628,8,price,PayAsProduced / IndexedWithFloorCap
PayAsProduced,Floating,0.0,-0.0,443211.7018417634,49.8292099478592,0.742640911965157,0.0,0.0,8,price,PayAsProduced / Floating
PayAsNominated,FixedFlat,1672795.0862331786,-1672795.0862331786,443211.70184176345,65.0,0.742640911965157,1991366.1752544923,-318571.0890213137,8,price,PayAsNominated / FixedFlat
PayAsNominated,FixedEscalated,3503462.8949818606,-3503462.8949818606,443211.70184176345,71.101113138445,0.742640911965157,4011531.7859243383,-508068.8909424776,8,price,PayAsNominated / FixedEscalated
PayAsNominated,IndexedWithFloorCap,563398.9388584429,-563398.9388584429,443211.70184176345,61.07720681519829,0.742640911965157,692473.381450928,-129074.44259248511,8,price,PayAsNominated / IndexedWithFloorCap
PayAsNominated,Floating,0.0,-0.0,443211.70184176345,58.985864192950196,0.742640911965157,0.0,0.0,8,price,PayAsNominated / Floating
Baseload,FixedFlat,-1023667.4250384779,1023667.4250384779,443211.70184176316,65.0,0.742640911965157,-694450.3617604736,-329217.0632780043,8,price,Baseload / FixedFlat
Baseload,FixedEscalated,823768.6798605518,-823768.6798605518,443211.70184176316,71.1737960547356,0.742640911965157,1349781.5995312338,-526012.9196706819,8,price,Baseload / FixedEscalated
Baseload,IndexedWithFloorCap,-131615.99927692063,131615.99927692063,443211.70184176316,66.98916836259494,0.742640911965157,-35808.335500503905,-95807.66377641672,8,price,Baseload / IndexedWithFloorCap
Baseload,Floating,0.0,-0.0,443211.70184176316,67.09731331122394,0.742640911965157,0.0,0.0,8,price,Baseload / Floating
PayAsProduced,FixedFlat,4663111.214505607,-4663111.214505607,443211.7018417634,65.00000000000001,0.7402408505167692,5039171.460985061,-376060.2464794535,9,price,PayAsProduced / FixedFlat
PayAsProduced,FixedEscalated,6493755.316294794,-6493755.316294794,443211.7018417634,71.101113138445,0.7402408505167692,7059337.071654902,-565581.7553601079,9,price,PayAsProduced / FixedEscalated
PayAsProduced,IndexedWithFloorCap,2843496.2948175934,-2843496.2948175934,443211.7018417634,59.07186318397969,0.7402408505167692,3076280.7786918962,-232784.48387430282,9,price,PayAsProduced / IndexedWithFloorCap
PayAsProduced,Floating,0.0,-0.0,443211.7018417634,49.78117088761908,0.7402408505167692,0.0,0.0,9,price,PayAsProduced / Floating
PayAsNominated,FixedFlat,1643365.2485104145,-1643365.2485104145,443211.70184176345,65.0,0.7402408505167692,1961031.6341019545,-317666.38559154,9,price,PayAsNominated / FixedFlat
PayAsNominated,FixedEscalated,3474033.0572590968,-3474033.0572590968,443211.70184176345,71.101113138445,0.7402408505167692,3981197.2447718005,-507164.1875127037,9,price,PayAsNominated / FixedEscalated
PayAsNominated,IndexedWithFloorCap,569375.6815397758,-569375.6815397758,443211.70184176345,61.18856462344119,0.7402408505167692,699010.9994580563,-129635.31791828049,9,price,PayAsNominated / IndexedWithFloorCap
PayAsNominated,Floating,0.0,-0.0,443211.70184176345,59.07747770552409,0.7402408505167692,0.0,0.0,9,price,PayAsNominated / Floating
Baseload,FixedFlat,-1073693.5653197314,1073693.5653197314,443211.70184176316,65.0,0.7402408505167692,-744995.3344837918,-328698.2308359395,9,price,Baseload / FixedFlat
Baseload,FixedEscalated,773742.5395792981,-773742.5395792981,443211.70184176316,71.1737960547356,0.7402408505167692,1299236.6268079155,-525494.0872286174,9,price,Baseload / FixedEscalated
Baseload,IndexedWithFloorCap,-128745.82219642356,128745.82219642356,443211.70184176316,67.15020757683861,0.7402408505167692,-33030.92668423371,-95714.89551218985,9,price,Baseload / IndexedWithFloorCap
Baseload,Floating,0.0,-0.0,443211.70184176316,67.24996445800905,0.7402408505167692,0.0,0.0,9,price,Baseload / Floating
PayAsProduced,FixedFlat,4705640.331200087,-4705640.331200087,443211.7018417634,65.00000000000001,0.7395985739292655,5088589.483522438,-382949.152322351,10,price,PayAsProduced / FixedFlat
PayAsProduced,FixedEscalated,6536284.432989274,-6536284.432989274,443211.7018417634,71.101113138445,0.7395985739292655,7108755.09419228,-572470.6612030063,10,price,PayAsProduced / FixedEscalated
PayAsProduced,IndexedWithFloorCap,2853920.841649711,-2853920.841649711,443211.7018417634,58.970829611614896,0.7395985739292655,3092245.1438747915,-238324.30222508032,10,price,PayAsProduced / IndexedWithFloorCap
PayAsProduced,Floating,0.0,-0.0,443211.7018417634,49.63192324921443,0.7395985739292655,0.0,0.0,10,price,PayAsProduced / Floating
PayAsNominated,FixedFlat,1688612.4217602592,-1688612.4217602592,443211.70184176345,65.0,0.7395985739292655,2004003.1974898071,-315390.77572954795,10,price,PayAsNominated / FixedFlat
PayAsNominated,FixedEscalated,3519280.230508941,-3519280.230508941,443211.70184176345,71.101113138445,0.7395985739292655,4024168.8081596526,-504888.5776507114,10,price,PayAsNominated / FixedEscalated
PayAsNominated,IndexedWithFloorCap,576454.9950449452,-576454.9950449452,443211.70184176345,61.0864042686247,0.7395985739292655,708155.8117447639,-131700.8166998187,10,price,PayAsNominated / IndexedWithFloorCap
PayAsNominated,Floating,0.0,-0.0,443211.70184176345,58.947699053427236,0.7395985739292655,0.0,0.0,10,price,PayAsNominated / Floating
Baseload,FixedFlat,-1020182.3875181428,1020182.3875181428,443211.70184176316,65.0,0.7395985739292655,-697515.2831735171,-322667.1043446257,10,price,Baseload / FixedFlat
Baseload,FixedEscalated,827253.717380887,-827253.717380887,443211.70184176316,71.1737960547356,0.7395985739292655,1346716.6781181903,-519462.96073730325,10,price,Baseload / FixedEscalated
Baseload,IndexedWithFloorCap,-122098.14926385754,122098.14926385754,443211.70184176316,67.0305759037934,0.7395985739292655,-25162.62922096582,-96935.52004289173,10,price,Baseload / IndexedWithFloorCap
Baseload,Floating,0.0,-0.0,443211.70184176316,67.10656969703838,0.7395985739292655,0.0,0.0,10,price,Baseload / Floating
PayAsProduced,FixedFlat,4638884.949330889,-4638884.949330889,443211.7018417634,65.00000000000001,0.7432995210388699,5014230.152680537,-375345.20334964804,11,price,PayAsProduced / FixedFlat
PayAsProduced,FixedEscalated,6469529.0511200745,-6469529.0511200745,443211.7018417634,71.101113138445,0.7432995210388699,7034395.763350378,-564866.7122303033,11,price,PayAsProduced / FixedEscalated
PayAsProduced,IndexedWithFloorCap,2798822.138304745,-2798822.138304745,443211.7018417634,59.006426766331266,0.7432995210388699,3029672.5388587993,-230850.40055405442,11,price,PayAsProduced / IndexedWithFloorCap
PayAsProduced,Floating,0.0,-0.0,443211.7018417634,49.856496268361646,0.7432995210388699,0.0,0.0,11,price,PayAsProduced / Floating
PayAsNominated,FixedFlat,1681770.5794534707,-1681770.5794534707,443211.70184176345,65.0,0.7432995210388699,2002952.36199517,-321181.78254169924,11,price,PayAsNominated / FixedFlat
PayAsNominated,FixedEscalated,3512438.3882021536,-3512438.3882021536,443211.70184176345,71.101113138445,0.7432995210388699,4023117.972665015,-510679.58446286153,11,price,PayAsNominated / FixedEscalated
PayAsNominated,IndexedWithFloorCap,558460.5642896153,-558460.5642896153,443211.70184176345,61.03243730544703,0.7432995210388699,689235.7447427119,-130775.18045309663,11,price,PayAsNominated / IndexedWithFloorCap
PayAsNominated,Floating,0.0,-0.0,443211.70184176345,58.95087268741487,0.7432995210388699,0.0,0.0,11,price,PayAsNominated / Floating
Baseload,FixedFlat,-1012598.8217827829,1012598.8217827829,443211.70184176316,65.0,0.7432995210388699,-686919.9556479423,-325678.86613484065,11,price,Baseload / FixedFlat
Baseload,FixedEscalated,834837.2831162472,-834837.2831162472,443211.70184176316,71.1737960547356,0.7432995210388699,1357312.005643765,-522474.7225275178,11,price,Baseload / FixedEscalated
Baseload,IndexedWithFloorCap,-133036.3588294298,133036.3588294298,443211.70184176316,66.96393876131415,0.7432995210388699,-36631.81034736475,-96404.54848206506,11,price,Baseload / IndexedWithFloorCap
Baseload,Floating,0.0,-0.0,443211.70184176316,67.07457069080296,0.7432995210388699,0.0,0.0,11,price,Baseload / Floating
PayAsProduced,FixedFlat,4659499.506008305,-4659499.506008305,443211.7018417634,65.00000000000001,0.7413499566626202,5038915.815429874,-379416.3094215691,12,price,PayAsProduced / FixedFlat
PayAsProduced,FixedEscalated,6490143.60779749,-6490143.60779749,443211.7018417634,71.101113138445,0.7413499566626202,7059081.426099715,-568937.8183022244,12,price,PayAsProduced / FixedEscalated
PayAsProduced,IndexedWithFloorCap,2851283.8846864155,-2851283.8846864155,443211.7018417634,59.083135041504576,0.7413499566626202,3079757.405989783,-228473.52130336734,12,price,PayAsProduced / IndexedWithFloorCap
PayAsProduced,Floating,0.0,-0.0,443211.7018417634,49.78194296414949,0.7413499566626202,0.0,0.0,12,price,PayAsProduced / Floating
PayAsNominated,FixedFlat,1665364.0578969503,-1665364.0578969503,443211.70184176345,65.0,0.7413499566626202,1979748.5849235686,-314384.52702661837,12,price,PayAsNominated / FixedFlat
PayAsNominated,FixedEscalated,3496031.8666456323,-3496031.8666456323,443211.70184176345,71.101113138445,0.7413499566626202,3999914.195593415,-503882.3289477825,12,price,PayAsNominated / FixedEscalated
PayAsNominated,IndexedWithFloorCap,571654.5970906605,-571654.5970906605,443211.70184176345,61.1357186661795,0.7413499566626202,700229.8998255199,-128575.3027348594,12,price,PayAsNominated / IndexedWithFloorCap
PayAsNominated,Floating,0.0,-0.0,443211.70184176345,59.02095054063907,0.7413499566626202,0.0,0.0,12,price,PayAsNominated / Floating
Baseload,FixedFlat,-1034274.4513993451,1034274.4513993451,443211.70184176316,65.0,0.7413499566626202,-712026.7079227129,-322247.74347663217,12,price,Baseload / FixedFlat
Baseload,FixedEscalated,813161.6534996848,-813161.6534996848,443211.70184176316,71.1737960547356,0.7413499566626202,1332205.2533689945,-519043.5998693097,12,price,Baseload / FixedEscalated
Baseload,IndexedWithFloorCap,-127777.11317934075,127777.11317934075,443211.70184176316,67.05224026295565,0.7413499566626202,-32500.675545004167,-95276.43763433659,12,price,Baseload / IndexedWithFloorCap
Baseload,Floating,0.0,-0.0,443211.70184176316,67.15039572977909,0.7413499566626202,0.0,0.0,12,price,Baseload / Floating
PayAsProduced,FixedFlat,4676989.469417165,-4676989.469417165,443211.7018417634,65.00000000000001,0.7408446610528259,5054129.16937406,-377139.69995689485,13,price,PayAsProduced / FixedFlat
PayAsProduced,FixedEscalated,6507633.571206353,-6507633.571206353,443211.7018417634,71.101113138445,0.7408446610528259,7074294.780043901,-566661.2088375483,13,price,PayAsProduced / FixedEscalated
PayAsProduced,IndexedWithFloorCap,2836342.775955214,-2836342.775955214,443211.7018417634,58.99230468111717,0.7408446610528259,3064895.5316443737,-228552.7556891595,13,price,PayAsProduced / IndexedWithFloorCap
PayAsProduced,Floating,0.0,-0.0,443211.7018417634,49.73599703123268,0.7408446610528259,0.0,0.0,13,price,PayAsProduced / Floating
PayAsNominated,FixedFlat,1673798.9387574825,-1673798.9387574825,443211.70184176345,65.0,0.7408446610528259,1990675.2233058515,-316876.284548369,13,price,PayAsNominated / FixedFlat
PayAsNominated,FixedEscalated,3504466.747506165,-3504466.747506165,443211.70184176345,71.101113138445,0.7408446610528259,4010840.8339756974,-506374.08646953246,13,price,PayAsNominated / FixedEscalated
PayAsNominated,IndexedWithFloorCap,570201.9343714945,-570201.9343714945,443211.70184176345,61.10115861243961,0.7408446610528259,699713.2113125375,-129511.27694104309,13,price,PayAsNominated / IndexedWithFloorCap
PayAsNominated,Floating,0.0,-0.0,443211.70184176345,58.98795094068495,0.7408446610528259,0.0,0.0,13,price,PayAsNominated / Floating
Baseload,FixedFlat,-1030561.4385396888,1030561.4385396888,443211.70184176316,65.0,0.7408446610528259,-706656.6457529417,-323904.7927867471,13,price,Baseload / FixedFlat
Baseload,FixedEscalated,816874.6663593407,-816874.6663593407,443211.70184176316,71.1737960547356,0.7408446610528259,1337575.3155387654,-520700.64917942474,13,price,Baseload / FixedEscalated
Baseload,IndexedWithFloorCap,-125394.12697269698,125394.12697269698,443211.70184176316,67.04485158708476,0.7408446610528259,-29577.10937752689,-95817.0175951701,13,price,Baseload / IndexedWithFloorCap
Baseload,Floating,0.0,-0.0,443211.70184176316,67.13417757583903,0.7408446610528259,0.0,0.0,13,price,Baseload / Floating
PayAsProduced,FixedFlat,4714306.416601235,-4714306.416601235,443211.7018417634,65.00000000000001,0.7400305198320011,5085341.9988364875,-371035.5822352525,14,price,PayAsProduced / FixedFlat
PayAsProduced,FixedEscalated,6544950.518390422,-6544950.518390422,443211.7018417634,71.101113138445,0.7400305198320011,7105507.609506329,-560557.0911159068,14,price,PayAsProduced / FixedEscalated
PayAsProduced,IndexedWithFloorCap,2844830.709977884,-2844830.709977884,443211.7018417634,58.92149398200071,0.7400305198320011,3072661.9283040455,-227831.21832616162,14,price,PayAsProduced / IndexedWithFloorCap
PayAsProduced,Floating,0.0,-0.0,443211.7018417634,49.641730995361435,0.7400305198320011,0.0,0.0,14,price,PayAsProduced / Floating
PayAsNominated,FixedFlat,1694181.897815745,-1694181.897815745,443211.70184176345,65.0,0.7400305198320011,2007044.1412079951,-312862.24339225003,14,price,PayAsNominated / FixedFlat
PayAsNominated,FixedEscalated,3524849.7065644274,-3524849.7065644274,443211.70184176345,71.101113138445,0.7400305198320011,4027209.751877841,-502360.0453134137,14,price,PayAsNominated / FixedEscalated
PayAsNominated,IndexedWithFloorCap,571173.0064405305,-571173.0064405305,443211.70184176345,61.052860963251874,0.7400305198320011,700090.0884589624,-128917.08201843186,14,price,PayAsNominated / IndexedWithFloorCap
PayAsNominated,Floating,0.0,-0.0,443211.70184176345,58.938515082779325,0.7400305198320011,0.0,0.0,14,price,PayAsNominated / Floating
Baseload,FixedFlat,-1010822.734688239,1010822.734688239,443211.70184176316,65.0,0.7400305198320011,-688934.1120558043,-321888.6226324347,14,price,Baseload / FixedFlat
Baseload,FixedEscalated,836613.3702107905,-836613.3702107905,443211.70184176316,71.1737960547356,0.7400305198320011,1355297.8492359028,-518684.47902511223,14,price,Baseload / FixedEscalated
Baseload,IndexedWithFloorCap,-126671.41729206449,126671.41729206449,443211.70184176316,66.9856370506862,0.7400305198320011,-31461.353553490655,-95210.06373857384,14,price,Baseload / IndexedWithFloorCap
Baseload,Floating,0.0,-0.0,443211.70184176316,67.08065365551535,0.7400305198320011,0.0,0.0,14,price,Baseload / Floating
PayAsProduced,FixedFlat,4634623.54623749,-4634623.54623749,443211.7018417634,65.00000000000001,0.7418421837093593,5015090.805972357,-380467.25973486714,15,price,PayAsProduced / FixedFlat
PayAsProduced,FixedEscalated,6465267.648026678,-6465267.648026678,443211.7018417634,71.101113138445,0.7418421837093593,7035256.416642197,-569988.7686155196,15,price,PayAsProduced / FixedEscalated
PayAsProduced,IndexedWithFloorCap,2821838.722867528,-2821838.722867528,443211.7018417634,59.079241948561034,0.7418421837093593,3054643.3379121064,-232804.61504457844,15,price,PayAsProduced / IndexedWithFloorCap
PayAsProduced,Floating,0.0,-0.0,443211.7018417634,49.853897004678196,0.7418421837093593,0.0,0.0,15,price,PayAsProduced / Floating
PayAsNominated,FixedFlat,1633898.4149822784,-1633898.4149822784,443211.70184176345,65.0,0.7418421837093593,1952421.4797412765,-318523.0647589981,15,price,PayAsNominated / FixedFlat
PayAsNominated,FixedEscalated,3464566.2237309604,-3464566.2237309604,443211.70184176345,71.101113138445,0.7418421837093593,3972587.090411122,-508020.86668016156,15,price,PayAsNominated / FixedEscalated
PayAsNominated,IndexedWithFloorCap,550822.4090062064,-550822.4090062064,443211.70184176345,61.159806013581424,0.7418421837093593,680878.4590456788,-130056.05003947241,15,price,PayAsNominated / IndexedWithFloorCap
PayAsNominated,Floating,0.0,-0.0,443211.70184176345,59.1034812794967,0.7418421837093593,0.0,0.0,15,price,PayAsNominated / Floating
Baseload,FixedFlat,-1058246.0359817727,1058246.0359817727,443211.70184176316,65.0,0.7418421837093593,-729389.713222103,-328856.32275966974,15,price,Baseload / FixedFlat
Baseload,FixedEscalated,789190.0689172565,-789190.0689172565,443211.70184176316,71.1737960547356,0.7418421837093593,1314842.2480696042,-525652.1791523476,15,price,Baseload / FixedEscalated
Baseload,IndexedWithFloorCap,-138452.22257062176,138452.22257062176,443211.70184176316,67.0737593905904,0.7418421837093593,-42738.39065015102,-95713.83192047074,15,price,Baseload / IndexedWithFloorCap
Baseload,Floating,0.0,-0.0,443211.70184176316,67.20283383643505,0.7418421837093593,0.0,0.0,15,price,Baseload / Floating
PayAsProduced,FixedFlat,4660153.085645559,-4660153.085645559,443211.7018417634,65.00000000000001,0.7403724582851576,5035308.862541906,-375155.77689634636,16,price,PayAsProduced / FixedFlat
PayAsProduced,FixedEscalated,6490797.187434747,-6490797.187434747,443211.7018417634,71.101113138445,0.7403724582851576,7055474.473211747,-564677.2857769998,16,price,PayAsProduced / FixedEscalated
PayAsProduced,IndexedWithFloorCap,2821975.838288569,-2821975.838288569,443211.7018417634,59.01246768146469,0.7403724582851576,3052751.4819124714,-230775.64362390246,16,price,PayAsProduced / IndexedWithFloorCap
PayAsProduced,Floating,0.0,-0.0,443211.7018417634,49.79283634216677,0.7403724582851576,0.0,0.0,16,price,PayAsProduced / Floating
PayAsNominated,FixedFlat,1645180.2347469376,-1645180.2347469376,443211.70184176345,65.0,0.7403724582851576,1957299.6485700978,-312119.4138231601,16,price,PayAsNominated / FixedFlat
PayAsNominated,FixedEscalated,3475848.0434956197,-3475848.0434956197,443211.70184176345,71.101113138445,0.7403724582851576,3977465.259239943,-501617.21574432356,16,price,PayAsNominated / FixedEscalated
PayAsNominated,IndexedWithFloorCap,555713.7008148421,-555713.7008148421,443211.70184176345,61.158094666707676,0.7403724582851576,685189.9765071477,-129476.27569230553,16,price,PayAsNominated / IndexedWithFloorCap
PayAsNominated,Floating,0.0,-0.0,443211.70184176345,59.08874869530861,0.7403724582851576,0.0,0.0,16,price,PayAsNominated / Floating
Baseload,FixedFlat,-1067173.489165846,1067173.489165846,443211.70184176316,65.0,0.7403724582851576,-746254.2044167041,-320919.2847491419,16,price,Baseload / FixedFlat
Baseload,FixedEscalated,780262.6157331837,-780262.6157331837,443211.70184176316,71.1737960547356,0.7403724582851576,1297977.7568750032,-517715.14114181953,16,price,Baseload / FixedEscalated
Baseload,IndexedWithFloorCap,-136988.2388939964,136988.2388939964,443211.70184176316,67.12902596957258,0.7403724582851576,-41303.32900157473,-95684.90989242167,16,price,Baseload / IndexedWithFloorCap
Baseload,Floating,0.0,-0.0,443211.70184176316,67.25376637793418,0.7403724582851576,0.0,0.0,16,price,Baseload / Floating
PayAsProduced,FixedFlat,4680832.189970233,-4680832.189970233,443211.7018417634,65.00000000000001,0.7396059652014778,5052796.899254238,-371964.7092840057,17,price,PayAsProduced / FixedFlat
PayAsProduced,FixedEscalated,6511476.29175942,-6511476.29175942,443211.7018417634,71.101113138445,0.7396059652014778,7072962.509924079,-561486.2181646591,17,price,PayAsProduced / FixedEscalated
PayAsProduced,IndexedWithFloorCap,2857130.426614524,-2857130.426614524,443211.7018417634,59.06027275506803,0.7396059652014778,3086068.4605764714,-228938.03396194754,17,price,PayAsProduced / IndexedWithFloorCap
PayAsProduced,Floating,0.0,-0.0,443211.7018417634,49.74002062746116,0.7396059652014778,0.0,0.0,17,price,PayAsProduced / Floating
PayAsNominated,FixedFlat,1652615.1418803367,-1652615.1418803367,443211.70184176345,65.0,0.7396059652014778,1958230.7555194197,-305615.613639083,17,price,PayAsNominated / FixedFlat
PayAsNominated,FixedEscalated,3483282.950629019,-3483282.950629019,443211.70184176345,71.101113138445,0.7396059652014778,3978396.366189265,-495113.415560246,17,price,PayAsNominated / FixedEscalated
PayAsNominated,IndexedWithFloorCap,571504.6118222988,-571504.6118222988,443211.70184176345,61.19300793496428,0.7396059652014778,697681.3647178748,-126176.75289557595,17,price,PayAsNominated / IndexedWithFloorCap
PayAsNominated,Floating,0.0,-0.0,443211.70184176345,59.08593665415129,0.7396059652014778,0.0,0.0,17,price,PayAsNominated / Floating
Baseload,FixedFlat,-1062267.1518296802,1062267.1518296802,443211.70184176316,65.0,0.7396059652014778,-745687.3535724448,-316579.79825723544,17,price,Baseload / FixedFlat
Baseload,FixedEscalated,785168.9530693495,-785168.9530693495,443211.70184176316,71.1737960547356,0.7396059652014778,1298544.6077192624,-513375.65464991285,17,price,Baseload / FixedEscalated
Baseload,IndexedWithFloorCap,-125750.8992900007,125750.8992900007,443211.70184176316,67.15531838743232,0.7396059652014778,-32030.68346439206,-93720.21582560864,17,price,Baseload / IndexedWithFloorCap
Baseload,Floating,0.0,-0.0,443211.70184176316,67.25205442861915,0.7396059652014778,0.0,0.0,17,price,Baseload / Floating
PayAsProduced,FixedFlat,4648676.752129395,-4648676.752129395,443211.7018417634,65.00000000000001,0.7417378412200282,5019253.682494318,-370576.93036492355,18,price,PayAsProduced / FixedFlat
PayAsProduced,FixedEscalated,6479320.853918583,-6479320.853918583,443211.7018417634,71.101113138445,0.7417378412200282,7039419.293164158,-560098.4392455751,18,price,PayAsProduced / FixedEscalated
PayAsProduced,IndexedWithFloorCap,2817702.348836879,-2817702.348836879,443211.7018417634,59.0415053812819,0.7417378412200282,3046311.0985835423,-228608.7497466635,18,price,PayAsProduced / IndexedWithFloorCap
PayAsProduced,Floating,0.0,-0.0,443211.7018417634,49.84132467867298,0.7417378412200282,0.0,0.0,18,price,PayAsProduced / Floating
PayAsNominated,FixedFlat,1667553.9298211923,-1667553.9298211923,443211.70184176345,65.0,0.7417378412200282,1977977.5863299891,-310423.65650879685,18,price,PayAsNominated / FixedFlat
PayAsNominated,FixedEscalated,3498221.7385698752,-3498221.7385698752,443211.70184176345,71.101113138445,0.7417378412200282,3998143.196999835,-499921.4584299596,18,price,PayAsNominated / FixedEscalated
PayAsNominated,IndexedWithFloorCap,559330.6916719913,-559330.6916719913,443211.70184176345,61.101420717209464,0.7417378412200282,687102.3609656778,-127771.66929368651,18,price,PayAsNominated / IndexedWithFloorCap
PayAsNominated,Floating,0.0,-0.0,443211.70184176345,59.02629914311522,0.7417378412200282,0.0,0.0,18,price,PayAsNominated / Floating
Baseload,FixedFlat,-1044235.688471668,1044235.688471668,443211.70184176316,65.0,0.7417378412200282,-726907.6145236181,-317328.0739480499,18,price,Baseload / FixedFlat
Baseload,FixedEscalated,803200.4164273613,-803200.4164273613,443211.70184176316,71.1737960547356,0.7417378412200282,1317324.346768089,-514123.9303407278,18,price,Baseload / FixedEscalated
Baseload,IndexedWithFloorCap,-132564.1047428985,132564.1047428985,443211.70184176316,67.08054322697276,0.7417378412200282,-38010.06693385503,-94554.03780904345,18,price,Baseload / IndexedWithFloorCap
Baseload,Floating,0.0,-0.0,443211.70184176316,67.19533763666793,0.7417378412200282,0.0,0.0,18,price,Baseload / Floating
PayAsProduced,FixedFlat,4660280.26408366,-4660280.26408366,443211.7018417634,65.00000000000001,0.7406645771815592,5033685.088223686,-373404.82414002623,19,price,PayAsProduced / FixedFlat
PayAsProduced,FixedEscalated,6490924.365872846,-6490924.365872846,443211.7018417634,71.101113138445,0.7406645771815592,7053850.698893528,-562926.3330206824,19,price,PayAsProduced / FixedEscalated
PayAsProduced,IndexedWithFloorCap,2835156.6752172494,-2835156.6752172494,443211.7018417634,59.054659668305206,0.7406645771815592,3065098.076431367,-229941.40121411765,19,price,PayAsProduced / IndexedWithFloorCap
PayAsProduced,Floating,0.0,-0.0,443211.7018417634,49.79774031180888,0.7406645771815592,0.0,0.0,19,price,PayAsProduced / Floating
PayAsNominated,FixedFlat,1645469.309499685,-1645469.309499685,443211.70184176345,65.0,0.7406645771815592,1962404.7057105904,-316935.3962109054,19,price,PayAsNominated / FixedFlat
PayAsNominated,FixedEscalated,3476137.1182483668,-3476137.1182483668,443211.70184176345,71.101113138445,0.7406645771815592,3982570.316380436,-506433.1981320693,19,price,PayAsNominated / FixedEscalated
PayAsNominated,IndexedWithFloorCap,562054.5851248882,-562054.5851248882,443211.70184176345,61.15986533013799,0.7406645771815592,690881.325573199,-128826.74044831074,19,price,PayAsNominated / IndexedWithFloorCap
PayAsNominated,Floating,0.0,-0.0,443211.70184176345,59.07333088449752,0.7406645771815592,0.0,0.0,19,price,PayAsNominated / Floating
Baseload,FixedFlat,-1062831.4553224237,1062831.4553224237,443211.70184176316,65.0,0.7406645771815592,-739663.7334638033,-323167.7218586204,19,price,Baseload / FixedFlat
Baseload,FixedEscalated,784604.6495766058,-784604.6495766058,443211.70184176316,71.1737960547356,0.7406645771815592,1304568.227827904,-519963.5782512983,19,price,Baseload / FixedEscalated
Baseload,IndexedWithFloorCap,-133041.24274347062,133041.24274347062,443211.70184176316,67.11947017268989,0.7406645771815592,-37876.91873840642,-95164.3240050642,19,price,Baseload / IndexedWithFloorCap
Baseload,Floating,0.0,-0.0,443211.70184176316,67.23386246079644,0.7406645771815592,0.0,0.0,19,price,Baseload / Floating
PayAsProduced,FixedFlat,4694075.286613173,-4694075.286613173,443211.7018417634,65.00000000000001,0.7391610520859745,5067068.398581271,-372993.1119680982,20,price,PayAsProduced / FixedFlat
PayAsProduced,FixedEscalated,6524719.388402359,-6524719.388402359,443211.7018417634,71.101113138445,0.7391610520859745,7087234.009251113,-562514.6208487544,20,price,PayAsProduced / FixedEscalated
PayAsProduced,IndexedWithFloorCap,2843313.6325955843,-2843313.6325955843,443211.7018417634,58.972160442974186,0.7391610520859745,3071164.7161849537,-227851.08358936943,20,price,PayAsProduced / IndexedWithFloorCap
PayAsProduced,Floating,0.0,-0.0,443211.7018417634,49.69691919479169,0.7391610520859745,0.0,0.0,20,price,PayAsProduced / Floating
PayAsNominated,FixedFlat,1641914.028583945,-1641914.028583945,443211.70184176345,65.0,0.7391610520859745,1954660.8555871996,-312746.82700325456,20,price,PayAsNominated / FixedFlat
PayAsNominated,FixedEscalated,3472581.8373326273,-3472581.8373326273,443211.70184176345,71.101113138445,0.7391610520859745,3974826.466257045,-502244.6289244178,20,price,PayAsNominated / FixedEscalated
PayAsNominated,IndexedWithFloorCap,562320.8481217795,-562320.8481217795,443211.70184176345,61.18094636314356,0.7391610520859745,690117.7062616085,-127796.85813982901,20,price,PayAsNominated / IndexedWithFloorCap
PayAsNominated,Floating,0.0,-0.0,443211.70184176345,59.09671812833557,0.7391610520859745,0.0,0.0,20,price,PayAsNominated / Floating
Baseload,FixedFlat,-1065477.2544600386,1065477.2544600386,443211.70184176316,65.0,0.7391610520859745,-739783.1964268,-325694.05803323863,20,price,Baseload / FixedFlat
Baseload,FixedEscalated,781958.8504389912,-781958.8504389912,443211.70184176316,71.1737960547356,0.7391610520859745,1304448.7648649074,-522489.91442591615,20,price,Baseload / FixedEscalated
Baseload,IndexedWithFloorCap,-133059.63713066204,133059.63713066204,443211.70184176316,67.11896930480206,0.7391610520859745,-38162.22620543179,-94897.41092523024,20,price,Baseload / IndexedWithFloorCap
Baseload,Floating,0.0,-0.0,443211.70184176316,67.23422325154016,0.7391610520859745,0.0,0.0,20,price,Baseload / Floating
PayAsProduced,FixedFlat,4623729.942648359,-4623729.942648359,443211.7018417634,65.00000000000001,0.742472231724324,4996132.129578854,-372402.1869304953,21,price,PayAsProduced / FixedFlat
PayAsProduced,FixedEscalated,6454374.044437546,-6454374.044437546,443211.7018417634,71.101113138445,0.742472231724324,7016297.740248695,-561923.6958111487,21,price,PayAsProduced / FixedEscalated
PayAsProduced,IndexedWithFloorCap,2825108.2709178273,-2825108.2709178273,443211.7018417634,59.12653416698397,0.742472231724324,3051343.7898026365,-226235.51888480922,21,price,PayAsProduced / IndexedWithFloorCap
PayAsProduced,Floating,0.0,-0.0,443211.7018417634,49.91115420627642,0.742472231724324,0.0,0.0,21,price,PayAsProduced / Floating
PayAsNominated,FixedFlat,1665137.6572770998,-1665137.6572770998,443211.70184176345,65.0,0.742472231724324,1978046.8628023632,-312909.20552526345,21,price,PayAsNominated / FixedFlat
PayAsNominated,FixedEscalated,3495805.4660257823,-3495805.4660257823,443211.70184176345,71.101113138445,0.742472231724324,3998212.473472209,-502407.0074464269,21,price,PayAsNominated / FixedEscalated
PayAsNominated,IndexedWithFloorCap,566277.2439421979,-566277.2439421979,443211.70184176345,61.12457950656826,0.742472231724324,694839.8430237803,-128562.59908158239,21,price,PayAsNominated / IndexedWithFloorCap
PayAsNominated,Floating,0.0,-0.0,443211.70184176345,59.02608992086455,0.742472231724324,0.0,0.0,21,price,PayAsNominated / Floating
Baseload,FixedFlat,-1053441.4862107567,1053441.4862107567,443211.70184176316,65.0,0.742472231724324,-736041.7642609774,-317399.7219497793,21,price,Baseload / FixedFlat
Baseload,FixedEscalated,793994.6186882723,-793994.6186882723,443211.70184176316,71.1737960547356,0.742472231724324,1308190.1970307298,-514195.57834245753,21,price,Baseload / FixedEscalated
Baseload,IndexedWithFloorCap,-131240.56353188827,131240.56353188827,443211.70184176316,67.11314184200849,0.742472231724324,-36350.35011665657,-94890.2134152317,21,price,Baseload / IndexedWithFloorCap
Baseload,Floating,0.0,-0.0,443211.70184176316,67.22292373192506,0.742472231724324,0.0,0.0,21,price,Baseload / Floating
PayAsProduced,FixedFlat,4681374.410336017,-4681374.410336017,443211.7018417634,65.00000000000001,0.7402254771404873,5055504.141714966,-374129.73137894925,22,price,PayAsProduced / FixedFlat
PayAsProduced,FixedEscalated,6512018.512125204,-6512018.512125204,443211.7018417634,71.101113138445,0.7402254771404873,7075669.752384807,-563651.2402596027,22,price,PayAsProduced / FixedEscalated
PayAsProduced,IndexedWithFloorCap,2846671.0982149714,-2846671.0982149714,443211.7018417634,59.018151310872454,0.7402254771404873,3074828.6918763258,-228157.5936613544,22,price,PayAsProduced / IndexedWithFloorCap
PayAsProduced,Floating,0.0,-0.0,443211.7018417634,49.731844469794254,0.7402254771404873,0.0,0.0,22,price,PayAsProduced / Floating
PayAsNominated,FixedFlat,1664431.8855217444,-1664431.8855217444,443211.70184176345,65.0,0.7402254771404873,1979526.858553568,-315094.9730318235,22,price,PayAsNominated / FixedFlat
PayAsNominated,FixedEscalated,3495099.6942704264,-3495099.6942704264,443211.70184176345,71.101113138445,0.7402254771404873,3999692.4692234136,-504592.7749529872,22,price,PayAsNominated / FixedEscalated
PayAsNominated,IndexedWithFloorCap,570831.6664105617,-570831.6664105617,443211.70184176345,61.133233560179775,0.7402254771404873,699185.3194015799,-128353.65299101826,22,price,PayAsNominated / IndexedWithFloorCap
PayAsNominated,Floating,0.0,-0.0,443211.70184176345,59.02162017765398,0.7402254771404873,0.0,0.0,22,price,PayAsNominated / Floating
Baseload,FixedFlat,-1049704.120952461,1049704.120952461,443211.70184176316,65.0,0.7402254771404873,-723393.3283992705,-326310.7925531904,22,price,Baseload / FixedFlat
Baseload,FixedEscalated,797731.9839465686,-797731.9839465686,443211.70184176316,71.1737960547356,0.7402254771404873,1320838.6328924368,-523106.64894586825,22,price,Baseload / FixedEscalated
Baseload,IndexedWithFloorCap,-127119.60319397507,127119.60319397507,443211.70184176316,67.08868939042043,0.7402254771404873,-31798.469862728634,-95321.13333124644,22,price,Baseload / IndexedWithFloorCap
Baseload,Floating,0.0,-0.0,443211.70184176316,67.18472412204702,0.7402254771404873,0.0,0.0,22,price,Baseload / Floating
PayAsProduced,FixedFlat,4737463.141742164,-4737463.141742164,443211.7018417634,65.00000000000001,0.7392199689669713,5115954.712988411,-378491.5712462468,23,price,PayAsProduced / FixedFlat
PayAsProduced,FixedEscalated,6568107.243531352,-6568107.243531352,443211.7018417634,71.101113138445,0.7392199689669713,7136120.323658251,-568013.0801268993,23,price,PayAsProduced / FixedEscalated
PayAsProduced,IndexedWithFloorCap,2880333.6928085093,-2880333.6928085093,443211.7018417634,58.94588392760118,0.7392199689669713,3111350.5014394224,-231016.80863091303,23,price,PayAsProduced / IndexedWithFloorCap
PayAsProduced,Floating,0.0,-0.0,443211.7018417634,49.54927737100049,0.7392199689669713,0.0,0.0,23,price,PayAsProduced / Floating
PayAsNominated,FixedFlat,1729976.7751875962,-1729976.7751875962,443211.70184176345,65.0,0.7392199689669713,2046806.4408979719,-316829.66571037564,23,price,PayAsNominated / FixedFlat
PayAsNominated,FixedEscalated,3560644.583936278,-3560644.583936278,443211.70184176345,71.101113138445,0.7392199689669713,4066972.051567818,-506327.46763154026,23,price,PayAsNominated / FixedEscalated
PayAsNominated,IndexedWithFloorCap,590355.7512540946,-590355.7512540946,443211.70184176345,60.9925963493594,0.7392199689669713,719897.9146351279,-129542.16338103323,23,price,PayAsNominated / IndexedWithFloorCap
PayAsNominated,Floating,0.0,-0.0,443211.70184176345,58.818428745415694,0.7392199689669713,0.0,0.0,23,price,PayAsNominated / Floating
Baseload,FixedFlat,-996909.7111967807,996909.7111967807,443211.70184176316,65.0,0.7392199689669713,-671876.5698095383,-325033.14138724236,23,price,Baseload / FixedFlat
Baseload,FixedEscalated,850526.393702249,-850526.393702249,443211.70184176316,71.1737960547356,0.7392199689669713,1372355.3914821688,-521828.99777991977,23,price,Baseload / FixedEscalated
Baseload,IndexedWithFloorCap,-113922.41060972387,113922.41060972387,443211.70184176316,66.97415688185808,0.7392199689669713,-18205.059004977178,-95717.35160474668,23,price,Baseload / IndexedWithFloorCap
Baseload,Floating,0.0,-0.0,443211.70184176316,67.02913807948603,0.7392199689669713,0.0,0.0,23,price,Baseload / Floating
PayAsProduced,FixedFlat,4667647.206266365,-4667647.206266365,443211.7018417634,65.00000000000001,0.7410989918488518,5039377.04414294,-371729.83787657507,24,price,PayAsProduced / FixedFlat
PayAsProduced,FixedEscalated,6498291.308055552,-6498291.308055552,443211.7018417634,71.101113138445,0.7410989918488518,7059542.654812781,-561251.3467572294,24,price,PayAsProduced / FixedEscalated
PayAsProduced,IndexedWithFloorCap,2847837.2018431434,-2847837.2018431434,443211.7018417634,59.07971041875274,0.7410989918488518,3079084.693247284,-231247.49140414037,24,price,PayAsProduced / IndexedWithFloorCap
PayAsProduced,Floating,0.0,-0.0,443211.7018417634,49.78055000480683,0.7410989918488518,0.0,0.0,24,price,PayAsProduced / Floating
PayAsNominated,FixedFlat,1667380.2121525938,-1667380.2121525938,443211.70184176345,65.0,0.7410989918488518,1983082.7333304912,-315702.52117789746,24,price,PayAsNominated / FixedFlat
PayAsNominated,FixedEscalated,3498048.0209012763,-3498048.0209012763,443211.70184176345,71.101113138445,0.7410989918488518,4003248.344000337,-505200.3230990609,24,price,PayAsNominated / FixedEscalated
PayAsNominated,IndexedWithFloorCap,576299.8453208284,-576299.8453208284,443211.70184176345,61.1444809609651,0.7410989918488518,706465.3690561583,-130165.52373532997,24,price,PayAsNominated / IndexedWithFloorCap
PayAsNominated,Floating,0.0,-0.0,443211.70184176345,59.01088106091743,0.7410989918488518,0.0,0.0,24,price,PayAsNominated / Floating
Baseload,FixedFlat,-1044825.7132195844,1044825.7132195844,443211.70184176316,65.0,0.7410989918488518,-718933.7972350483,-325891.9159845362,24,price,Baseload / FixedFlat
Baseload,FixedEscalated,802610.3916794453,-802610.3916794453,443211.70184176316,71.1737960547356,0.7410989918488518,1325298.164056659,-522687.7723772137,24,price,Baseload / FixedEscalated
Baseload,IndexedWithFloorCap,-125818.32400473526,125818.32400473526,443211.70184176316,67.08215880396324,0.7410989918488518,-29501.30905272683,-96317.01495200844,24,price,Baseload / IndexedWithFloorCap
Baseload,Floating,0.0,-0.0,443211.70184176316,67.17125586774468,0.7410989918488518,0.0,0.0,24,price,Baseload / Floating
PayAsProduced,FixedFlat,4672271.559159955,-4672271.559159955,443211.7018417634,65.00000000000001,0.7407115216082643,5041199.639051651,-368928.07989169564,25,price,PayAsProduced / FixedFlat
PayAsProduced,FixedEscalated,6502915.660949142,-6502915.660949142,443211.7018417634,71.101113138445,0.7407115216082643,7061365.249721492,-558449.58877235,25,price,PayAsProduced / FixedEscalated
PayAsProduced,IndexedWithFloorCap,2836338.135128713,-2836338.135128713,443211.7018417634,59.03047385664523,0.7407115216082643,3064604.359936153,-228266.22480743984,25,price,PayAsProduced / IndexedWithFloorCap
PayAsProduced,Floating,0.0,-0.0,443211.7018417634,49.775045576018975,0.7407115216082643,0.0,0.0,25,price,PayAsProduced / Floating
PayAsNominated,FixedFlat,1669406.6965797283,-1669406.6965797283,443211.70184176345,65.0,0.7407115216082643,1977043.4904446339,-307636.7938649056,25,price,PayAsNominated / FixedFlat
PayAsNominated,FixedEscalated,3500074.5053284103,-3500074.5053284103,443211.70184176345,71.101113138445,0.7407115216082643,3997209.1011144794,-497134.59578606905,25,price,PayAsNominated / FixedEscalated
PayAsNominated,IndexedWithFloorCap,562804.0645736048,-562804.0645736048,443211.70184176345,61.11293876360704,0.7407115216082643,689982.0545817597,-127177.99000815488,25,price,PayAsNominated / IndexedWithFloorCap
PayAsNominated,Floating,0.0,-0.0,443211.70184176345,59.029120211174494,0.7407115216082643,0.0,0.0,25,price,PayAsNominated / Floating
Baseload,FixedFlat,-1045300.584779503,1045300.584779503,443211.70184176316,65.0,0.7407115216082643,-728107.7745180596,-317192.8102614435,25,price,Baseload / FixedFlat
Baseload,FixedEscalated,802135.5201195262,-802135.5201195262,443211.70184176316,71.1737960547356,0.7407115216082643,1316124.1867736478,-513988.6666541216,25,price,Baseload / FixedEscalated
Baseload,IndexedWithFloorCap,-131870.09608565737,131870.09608565737,443211.70184176316,67.08438104929914,0.7407115216082643,-37939.46919808009,-93930.62688757727,25,price,Baseload / IndexedWithFloorCap
Baseload,Floating,0.0,-0.0,443211.70184176316,67.19896224638886,0.7407115216082643,0.0,0.0,25,price,Baseload / Floating
PayAsProduced,FixedFlat,4676271.455261024,-4676271.455261024,443211.7018417634,65.00000000000001,0.7404879355506443,5053683.145963168,-377411.69070214406,26,price,PayAsProduced / FixedFlat
PayAsProduced,FixedEscalated,6506915.55705021,-6506915.55705021,443211.7018417634,71.101113138445,0.7404879355506443,7073848.756633009,-566933.1995827984,26,price,PayAsProduced / FixedEscalated
PayAsProduced,IndexedWithFloorCap,2835650.0979598425,-2835650.0979598425,443211.7018417634,59.00517237131051,0.7404879355506443,3068710.1840523803,-233060.08609253773,26,price,PayAsProduced / IndexedWithFloorCap
PayAsProduced,Floating,0.0,-0.0,443211.7018417634,49.73734406895962,0.7404879355506443,0.0,0.0,26,price,PayAsProduced / Floating
PayAsNominated,FixedFlat,1645857.0385194886,-1645857.0385194886,443211.70184176345,65.0,0.7404879355506443,1967203.5217001648,-321346.4831806761,26,price,PayAsNominated / FixedFlat
PayAsNominated,FixedEscalated,3476524.8472681707,-3476524.8472681707,443211.70184176345,71.101113138445,0.7404879355506443,3987369.132370011,-510844.2851018403,26,price,PayAsNominated / FixedEscalated
PayAsNominated,IndexedWithFloorCap,564856.7728337558,-564856.7728337558,443211.70184176345,61.16024489267181,0.7404879355506443,695805.8201333111,-130949.04729955527,26,price,PayAsNominated / IndexedWithFloorCap
PayAsNominated,Floating,0.0,-0.0,443211.70184176345,59.05883795425045,0.7404879355506443,0.0,0.0,26,price,PayAsNominated / Floating
Baseload,FixedFlat,-1047306.7359611006,1047306.7359611006,443211.70184176316,65.0,0.7404879355506443,-717967.7072633274,-329339.0286977731,26,price,Baseload / FixedFlat
Baseload,FixedEscalated,800129.368937929,-800129.368937929,443211.70184176316,71.1737960547356,0.7404879355506443,1326264.25402838,-526134.8850904509,26,price,Baseload / FixedEscalated
Baseload,IndexedWithFloorCap,-130335.32378143254,130335.32378143254,443211.70184176316,67.0674487551909,0.7404879355506443,-33405.926112139365,-96929.39766929318,26,price,Baseload / IndexedWithFloorCap
Baseload,Floating,0.0,-0.0,443211.70184176316,67.16833817417131,0.7404879355506443,0.0,0.0,26,price,Baseload / Floating
PayAsProduced,FixedFlat,4644930.041516135,-4644930.041516135,443211.7018417634,65.00000000000001,0.7405813670966753,5028812.693380396,-383882.65186426044,27,price,PayAsProduced / FixedFlat
PayAsProduced,FixedEscalated,6475574.143305321,-6475574.143305321,443211.7018417634,71.101113138445,0.7405813670966753,7048978.304050236,-573404.1607449148,27,price,PayAsProduced / FixedEscalated
PayAsProduced,IndexedWithFloorCap,2853778.3665835317,-2853778.3665835317,443211.7018417634,59.13291914463681,0.7405813670966753,3086138.510805734,-232360.14422220225,27,price,PayAsProduced / IndexedWithFloorCap
PayAsProduced,Floating,0.0,-0.0,443211.7018417634,49.81245545795189,0.7405813670966753,0.0,0.0,27,price,PayAsProduced / Floating
PayAsNominated,FixedFlat,1637001.1850002357,-1637001.1850002357,443211.70184176345,65.0,0.7405813670966753,1953619.7865245405,-316618.60152430483,27,price,PayAsNominated / FixedFlat
PayAsNominated,FixedEscalated,3467668.993748918,-3467668.993748918,443211.70184176345,71.101113138445,0.7405813670966753,3973785.3971943865,-506116.4034454683,27,price,PayAsNominated / FixedEscalated
PayAsNominated,IndexedWithFloorCap,573024.7128248725,-573024.7128248725,443211.70184176345,61.219707090767294,0.7405813670966753,701910.8671522661,-128886.15432739363,27,price,PayAsNominated / IndexedWithFloorCap
PayAsNominated,Floating,0.0,-0.0,443211.70184176345,59.099862266668914,0.7405813670966753,0.0,0.0,27,price,PayAsNominated / Floating
Baseload,FixedFlat,-1072352.32688785,1072352.32688785,443211.70184176316,65.0,0.7405813670966753,-748744.201372539,-323608.1255153109,27,price,Baseload / FixedFlat
Baseload,FixedEscalated,775083.7780111798,-775083.7780111798,443211.70184176316,71.1737960547356,0.7405813670966753,1295487.7599191682,-520403.98190798843,27,price,Baseload / FixedEscalated
Baseload,IndexedWithFloorCap,-125197.71843635122,125197.71843635122,443211.70184176316,67.17132987463283,0.7405813670966753,-29785.899400893974,-95411.81903545724,27,price,Baseload / IndexedWithFloorCap
Baseload,Floating,0.0,-0.0,443211.70184176316,67.26128643127124,0.7405813670966753,0.0,0.0,27,price,Baseload / Floating
PayAsProduced,FixedFlat,4672484.802644142,-4672484.802644142,443211.7018417634,65.00000000000001,0.7408814689800612,5045366.051478512,-372881.2488343697,28,price,PayAsProduced / FixedFlat
PayAsProduced,FixedEscalated,6503128.904433329,-6503128.904433329,443211.7018417634,71.101113138445,0.7408814689800612,7065531.662148352,-562402.7577150231,28,price,PayAsProduced / FixedEscalated
PayAsProduced,IndexedWithFloorCap,2865722.1599224834,-2865722.1599224834,443211.7018417634,59.10000882156064,0.7408814689800612,3091794.791369659,-226072.63144717552,28,price,PayAsProduced / IndexedWithFloorCap
PayAsProduced,Floating,0.0,-0.0,443211.7018417634,49.76246257120816,0.7408814689800612,0.0,0.0,28,price,PayAsProduced / Floating
PayAsNominated,FixedFlat,1670802.67464948,-1670802.67464948,443211.70184176345,65.0,0.7408814689800612,1984770.5901855112,-313967.9155360311,28,price,PayAsNominated / FixedFlat
PayAsNominated,FixedEscalated,3501470.483398162,-3501470.483398162,443211.70184176345,71.101113138445,0.7408814689800612,4004936.2008553566,-503465.7174571948,28,price,PayAsNominated / FixedEscalated
PayAsNominated,IndexedWithFloorCap,583620.5002735977,-583620.5002735977,443211.70184176345,61.154441329548064,0.7408814689800612,711451.2460632897,-127830.74578969204,28,price,PayAsNominated / IndexedWithFloorCap
PayAsNominated,Floating,0.0,-0.0,443211.70184176345,59.0057835552577,0.7408814689800612,0.0,0.0,28,price,PayAsNominated / Floating
Baseload,FixedFlat,-1041729.5968640114,1041729.5968640114,443211.70184176316,65.0,0.7408814689800612,-717380.2388234378,-324349.35804057354,28,price,Baseload / FixedFlat
Baseload,FixedEscalated,805706.5080350187,-805706.5080350187,443211.70184176316,71.1737960547356,0.7408814689800612,1326851.7224682695,-521145.21443325083,28,price,Baseload / FixedEscalated
Baseload,IndexedWithFloorCap,-120582.8406092098,120582.8406092098,443211.70184176316,67.089350252218,0.7408814689800612,-25566.559516560756,-95016.28109264905,28,price,Baseload / IndexedWithFloorCap
Baseload,Floating,0.0,-0.0,443211.70184176316,67.16656395754367,0.7408814689800612,0.0,0.0,28,price,Baseload / Floating
PayAsProduced,FixedFlat,4635857.155603545,-4635857.155603545,443211.7018417634,65.00000000000001,0.7417227898834751,5013209.8882351965,-377352.7326316517,29,price,PayAsProduced / FixedFlat
PayAsProduced,FixedEscalated,6466501.257392732,-6466501.257392732,443211.7018417634,71.101113138445,0.7417227898834751,7033375.498905037,-566874.2415123042,29,price,PayAsProduced / FixedEscalated
PayAsProduced,IndexedWithFloorCap,2835709.6635310776,-2835709.6635310776,443211.7018417634,59.12275454165847,0.7417227898834751,3067170.060586105,-231460.39705502754,29,price,PayAsProduced / IndexedWithFloorCap
PayAsProduced,Floating,0.0,-0.0,443211.7018417634,49.85957757455718,0.7417227898834751,0.0,0.0,29,price,PayAsProduced / Floating
PayAsNominated,FixedFlat,1656994.0791817554,-1656994.0791817554,443211.70184176345,65.0,0.7417227898834751,1971938.6011471143,-314944.5219653589,29,price,PayAsNominated / FixedFlat
PayAsNominated,FixedEscalated,3487661.8879304375,-3487661.8879304375,443211.70184176345,71.101113138445,0.7417227898834751,3992104.21181696,-504442.32388652256,29,price,PayAsNominated / FixedEscalated
PayAsNominated,IndexedWithFloorCap,569050.0678278853,-569050.0678278853,443211.70184176345,61.153938782682026,0.7417227898834751,698452.8565872218,-129402.78875933657,29,price,PayAsNominated / IndexedWithFloorCap
PayAsNominated,Floating,0.0,-0.0,443211.70184176345,59.044537515082105,0.7417227898834751,0.0,0.0,29,price,PayAsNominated / Floating
Baseload,FixedFlat,-1058733.4391772638,1058733.4391772638,443211.70184176316,65.0,0.7417227898834751,-735507.4264422997,-323226.012734964,29,price,Baseload / FixedFlat
Baseload,FixedEscalated,788702.6657217658,-788702.6657217658,443211.70184176316,71.1737960547356,0.7417227898834751,1308724.5348494074,-520021.86912764155,29,price,Baseload / FixedEscalated
Baseload,IndexedWithFloorCap,-129870.50075006988,129870.50075006988,443211.70184176316,67.11870377914595,0.7417227898834751,-33974.37555418587,-95896.12519588401,29,price,Baseload / IndexedWithFloorCap
Baseload,Floating,0.0,-0.0,443211.70184176316,67.22130997537526,0.7417227898834751,0.0,0.0,29,price,Baseload / Floating
PayAsProduced,FixedFlat,4636361.633385591,-4636361.633385591,443211.7018417634,65.00000000000001,0.741599266168131,5009262.240210464,-372900.606824873,30,price,PayAsProduced / FixedFlat
PayAsProduced,FixedEscalated,6467005.735174778,-6467005.735174778,443211.7018417634,71.101113138445,0.741599266168131,7029427.850880306,-562422.1157055283,30,price,PayAsProduced / FixedEscalated
PayAsProduced,IndexedWithFloorCap,2835803.4506097334,-2835803.4506097334,443211.7018417634,59.1320985466923,0.741599266168131,3066316.3459481043,-230512.89533837093,30,price,PayAsProduced / IndexedWithFloorCap
PayAsProduced,Floating,0.0,-0.0,443211.7018417634,49.87149988780835,0.741599266168131,0.0,0.0,30,price,PayAsProduced / Floating
PayAsNominated,FixedFlat,1642032.0146230776,-1642032.0146230776,443211.70184176345,65.0,0.741599266168131,1954995.3349874984,-312963.32036442077,30,price,PayAsNominated / FixedFlat
PayAsNominated,FixedEscalated,3472699.82337176,-3472699.82337176,443211.70184176345,71.101113138445,0.741599266168131,3975160.9456573436,-502461.1222855835,30,price,PayAsNominated / FixedEscalated
PayAsNominated,IndexedWithFloorCap,564061.8870844815,-564061.8870844815,443211.70184176345,61.18664653448132,0.741599266168131,692339.5937217419,-128277.70663726039,30,price,PayAsNominated / IndexedWithFloorCap
PayAsNominated,Floating,0.0,-0.0,443211.70184176345,59.09570796528115,0.741599266168131,0.0,0.0,30,price,PayAsNominated / Floating
Baseload,FixedFlat,-1066556.7022564234,1066556.7022564234,443211.70184176316,65.0,0.741599266168131,-744537.951603478,-322018.75065294537,30,price,Baseload / FixedFlat
Baseload,FixedEscalated,780879.4026426063,-780879.4026426063,443211.70184176316,71.1737960547356,0.741599266168131,1299694.009688229,-518814.6070456228,30,price,Baseload / FixedEscalated
Baseload,IndexedWithFloorCap,-131153.77714936118,131153.77714936118,443211.70184176316,67.1401092587078,0.741599266168131,-35917.24101958516,-95236.53612977601,30,price,Baseload / IndexedWithFloorCap
Baseload,Floating,0.0,-0.0,443211.70184176316,67.24858311348677,0.741599266168131,0.0,0.0,30,price,Baseload / Floating
PayAsProduced,FixedFlat,4652987.610479904,-4652987.610479904,443211.7018417634,65.00000000000001,0.7421521718772596,5019729.387832071,-366741.77735216636,31,price,PayAsProduced / FixedFlat
PayAsProduced,FixedEscalated,6483631.71226909,-6483631.71226909,443211.7018417634,71.101113138445,0.7421521718772596,7039894.998501911,-556263.2862328207,31,price,PayAsProduced / FixedEscalated
PayAsProduced,IndexedWithFloorCap,2828138.647602255,-2828138.647602255,443211.7018417634,59.064042763447475,0.7421521718772596,3054249.2527191243,-226110.60511686932,31,price,PayAsProduced / IndexedWithFloorCap
PayAsProduced,Floating,0.0,-0.0,443211.7018417634,49.83988799839744,0.7421521718772596,0.0,0.0,31,price,PayAsProduced / Floating
PayAsNominated,FixedFlat,1648796.9988590355,-1648796.9988590355,443211.70184176345,65.0,0.7421521718772596,1956609.9237002786,-307812.9248412431,31,price,PayAsNominated / FixedFlat
PayAsNominated,FixedEscalated,3479464.807607718,-3479464.807607718,443211.70184176345,71.101113138445,0.7421521718772596,3976775.5343701243,-497310.7267624065,31,price,PayAsNominated / FixedEscalated
PayAsNominated,IndexedWithFloorCap,555974.024172751,-555974.024172751,443211.70184176345,61.15153083020338,0.7421521718772596,682326.871718099,-126352.84754534799,31,price,PayAsNominated / IndexedWithFloorCap
PayAsNominated,Floating,0.0,-0.0,443211.70184176345,59.09083173713594,0.7421521718772596,0.0,0.0,31,price,PayAsNominated / Floating
Baseload,FixedFlat,-1027950.7540316966,1027950.7540316966,443211.70184176316,65.0,0.7421521718772596,-713845.2166593492,-314105.53737234743,31,price,Baseload / FixedFlat
Baseload,FixedEscalated,819485.3508673329,-819485.3508673329,443211.70184176316,71.1737960547356,0.7421521718772596,1330386.7446323582,-510901.3937650253,31,price,Baseload / FixedEscalated
Baseload,IndexedWithFloorCap,-132772.16680740038,132772.16680740038,443211.70184176316,67.03660803577695,0.7421521718772596,-39495.237740736666,-93276.92906666372,31,price,Baseload / IndexedWithFloorCap
Baseload,Floating,0.0,-0.0,443211.70184176316,67.15588781789646,0.7421521718772596,0.0,0.0,31,price,Baseload / Floating
PayAsProduced,FixedFlat,4663327.377451484,-4663327.377451484,443211.7018417634,65.00000000000001,0.7410634174633428,5046610.51147556,-383283.13402407616,32,price,PayAsProduced / FixedFlat
PayAsProduced,FixedEscalated,6493971.479240671,-6493971.479240671,443211.7018417634,71.101113138445,0.7410634174633428,7066776.1221454,-572804.6429047296,32,price,PayAsProduced / FixedEscalated
PayAsProduced,IndexedWithFloorCap,2845221.274915318,-2845221.274915318,443211.7018417634,59.06621719397174,0.7410634174633428,3081850.3613339188,-236629.08641860075,32,price,PayAsProduced / IndexedWithFloorCap
PayAsProduced,Floating,0.0,-0.0,443211.7018417634,49.75870417080863,0.7410634174633428,0.0,0.0,32,price,PayAsProduced / Floating
PayAsNominated,FixedFlat,1683033.0647161298,-1683033.0647161298,443211.70184176345,65.0,0.7410634174633428,2005308.4272707049,-322275.3625545751,32,price,PayAsNominated / FixedFlat
PayAsNominated,FixedEscalated,3513700.8734648116,-3513700.8734648116,443211.70184176345,71.101113138445,0.7410634174633428,4025474.0379405506,-511773.164475739,32,price,PayAsNominated / FixedEscalated
PayAsNominated,IndexedWithFloorCap,573136.6024962016,-573136.6024962016,443211.70184176345,61.07318475150664,0.7410634174633428,705083.8707921302,-131947.2682959286,32,price,PayAsNominated / IndexedWithFloorCap
PayAsNominated,Floating,0.0,-0.0,443211.70184176345,58.943757121873276,0.7410634174633428,0.0,0.0,32,price,PayAsNominated / Floating
Baseload,FixedFlat,-1038575.756983864,1038575.756983864,443211.70184176316,65.0,0.7410634174633428,-710240.5539542685,-328335.20302959555,32,price,Baseload / FixedFlat
Baseload,FixedEscalated,808860.3479151658,-808860.3479151658,443211.70184176316,71.1737960547356,0.7410634174633428,1333991.407337439,-525131.0594222732,32,price,Baseload / FixedEscalated
Baseload,IndexedWithFloorCap,-126306.6701854053,126306.6701854053,443211.70184176316,67.05622085953758,0.7410634174633428,-29396.489253230946,-96910.18093217435,32,price,Baseload / IndexedWithFloorCap
Baseload,Floating,0.0,-0.0,443211.70184176316,67.14500135647296,0.7410634174633428,0.0,0.0,32,price,Baseload / Floating
PayAsProduced,FixedFlat,4646545.954000726,-4646545.954000726,443211.7018417634,65.00000000000001,0.7409991945026109,5029149.2109903805,-382603.25698965415,33,price,PayAsProduced / FixedFlat
PayAsProduced,FixedEscalated,6477190.055789912,-6477190.055789912,443211.7018417634,71.101113138445,0.7409991945026109,7049314.821660222,-572124.7658703094,33,price,PayAsProduced / FixedEscalated
PayAsProduced,IndexedWithFloorCap,2848392.399784689,-2848392.399784689,443211.7018417634,59.119473136465885,0.7409991945026109,3082022.8632630156,-233630.4634783268,33,price,PayAsProduced / IndexedWithFloorCap
PayAsProduced,Floating,0.0,-0.0,443211.7018417634,49.81143913928933,0.7409991945026109,0.0,0.0,33,price,PayAsProduced / Floating
PayAsNominated,FixedFlat,1644735.6792490056,-1644735.6792490056,443211.70184176345,65.0,0.7409991945026109,1965393.3345870788,-320657.65533807315,33,price,PayAsNominated / FixedFlat
PayAsNominated,FixedEscalated,3475403.4879976874,-3475403.4879976874,443211.70184176345,71.101113138445,0.7409991945026109,3985558.9452569243,-510155.45725923683,33,price,PayAsNominated / FixedEscalated
PayAsNominated,IndexedWithFloorCap,569195.4333177899,-569195.4333177899,443211.70184176345,61.17691830068159,0.7409991945026109,699516.4363080345,-130321.00299024454,33,price,PayAsNominated / IndexedWithFloorCap
PayAsNominated,Floating,0.0,-0.0,443211.70184176345,59.06430491018731,0.7409991945026109,0.0,0.0,33,price,PayAsNominated / Floating
Baseload,FixedFlat,-1065168.7479326692,1065168.7479326692,443211.70184176316,65.0,0.7409991945026109,-735732.0097985783,-329436.7381340909,33,price,Baseload / FixedFlat
Baseload,FixedEscalated,782267.3569663602,-782267.3569663602,443211.70184176316,71.1737960547356,0.7409991945026109,1308499.9514931291,-526232.5945267689,33,price,Baseload / FixedEscalated
Baseload,IndexedWithFloorCap,-128819.07691,128819.07691,443211.70184176316,67.12462932665485,0.7409991945026109,-32236.92558470001,-96582.15132529999,33,price,Baseload / IndexedWithFloorCap
Baseload,Floating,0.0,-0.0,443211.70184176316,67.22198824078995,0.7409991945026109,0.0,0.0,33,price,Baseload / Floating
PayAsProduced,FixedFlat,4706061.868792685,-4706061.868792685,443211.7018417634,65.00000000000001,0.7400598485114558,5080617.450591626,-374555.5817989409,34,price,PayAsProduced / FixedFlat
PayAsProduced,FixedEscalated,6536705.970581873,-6536705.970581873,443211.7018417634,71.101113138445,0.7400598485114558,7100783.061261468,-564077.0906795943,34,price,PayAsProduced / FixedEscalated
PayAsProduced,IndexedWithFloorCap,2846239.020031505,-2846239.020031505,443211.7018417634,58.94954186176634,0.7400598485114558,3077224.433236036,-230985.41320453119,34,price,PayAsProduced / IndexedWithFloorCap
PayAsProduced,Floating,0.0,-0.0,443211.7018417634,49.655999629189125,0.7400598485114558,0.0,0.0,34,price,PayAsProduced / Floating
PayAsNominated,FixedFlat,1703687.8469842821,-1703687.8469842821,443211.70184176345,65.0,0.7400598485114558,2016919.4969937685,-313231.65000948636,34,price,PayAsNominated / FixedFlat
PayAsNominated,FixedEscalated,3534355.655732964,-3534355.655732964,443211.70184176345,71.101113138445,0.7400598485114558,4037085.1076636137,-502729.4519306496,34,price,PayAsNominated / FixedEscalated
PayAsNominated,IndexedWithFloorCap,571356.5739888555,-571356.5739888555,443211.70184176345,61.02629877468495,0.7400598485114558,701170.3246215814,-129813.75063272589,34,price,PayAsNominated / IndexedWithFloorCap
PayAsNominated,Floating,0.0,-0.0,443211.70184176345,58.90869046710763,0.7400598485114558,0.0,0.0,34,price,PayAsNominated / Floating
Baseload,FixedFlat,-1021238.1294239713,1021238.1294239713,443211.70184176316,65.0,0.7400598485114558,-694437.880907033,-326800.2485169383,34,price,Baseload / FixedFlat
Baseload,FixedEscalated,826197.9754750584,-826197.9754750584,443211.70184176316,71.1737960547356,0.7400598485114558,1349794.0803846742,-523596.1049096158,34,price,Baseload / FixedEscalated
Baseload,IndexedWithFloorCap,-126147.64509518481,126147.64509518481,443211.70184176316,67.00688221316089,0.7400598485114558,-29930.545983896045,-96217.09911128876,34,price,Baseload / IndexedWithFloorCap
Baseload,Floating,0.0,-0.0,443211.70184176316,67.09727561773065,0.7400598485114558,0.0,0.0,34,price,Baseload / Floating
PayAsProduced,FixedFlat,4659223.635336183,-4659223.635336183,443211.7018417634,65.00000000000001,0.7402808302414287,5038143.648053424,-378920.0127172414,35,price,PayAsProduced / FixedFlat
PayAsProduced,FixedEscalated,6489867.73712537,-6489867.73712537,443211.7018417634,71.101113138445,0.7402808302414287,7058309.258723265,-568441.5215978948,35,price,PayAsProduced / FixedEscalated
PayAsProduced,IndexedWithFloorCap,2847694.0282793767,-2847694.0282793767,443211.7018417634,59.083581088297066,0.7402808302414287,3079132.931070511,-231438.90279113455,35,price,PayAsProduced / IndexedWithFloorCap
PayAsProduced,Floating,0.0,-0.0,443211.7018417634,49.7842749910391,0.7402808302414287,0.0,0.0,35,price,PayAsProduced / Floating
PayAsNominated,FixedFlat,1655006.7065476568,-1655006.7065476568,443211.70184176345,65.0,0.7402808302414287,1972959.8378098062,-317953.1312621494,35,price,PayAsNominated / FixedFlat
PayAsNominated,FixedEscalated,3485674.515296339,-3485674.515296339,443211.70184176345,71.101113138445,0.7402808302414287,3993125.448479652,-507450.9331833129,35,price,PayAsNominated / FixedEscalated
PayAsNominated,IndexedWithFloorCap,568701.9061973847,-568701.9061973847,443211.70184176345,61.150752314761206,0.7402808302414287,698419.008256885,-129717.10205950029,35,price,PayAsNominated / IndexedWithFloorCap
PayAsNominated,Floating,0.0,-0.0,443211.70184176345,59.04145327268767,0.7402808302414287,0.0,0.0,35,price,PayAsNominated / Floating
Baseload,FixedFlat,-1072080.7846341408,1072080.7846341408,443211.70184176316,65.0,0.7402808302414287,-745181.165989184,-326899.61864495673,35,price,Baseload / FixedFlat
Baseload,FixedEscalated,775355.3202648892,-775355.3202648892,443211.70184176316,71.1737960547356,0.7402808302414287,1299050.7953025233,-523695.47503763414,35,price,Baseload / FixedEscalated
Baseload,IndexedWithFloorCap,-131460.3540985631,131460.3540985631,443211.70184176316,67.14268871303283,0.7402808302414287,-35706.3612746835,-95753.99282387961,35,price,Baseload / IndexedWithFloorCap
Baseload,Floating,0.0,-0.0,443211.70184176316,67.2505256887483,0.7402808302414287,0.0,0.0,35,price,Baseload / Floating
PayAsProduced,FixedFlat,4664742.058922429,-4664742.058922429,443211.7018417634,65.00000000000001,0.7409863473595825,5046119.921983436,-381377.8630610071,36,price,PayAsProduced / FixedFlat
PayAsProduced,FixedEscalated,6495386.160711615,-6495386.160711615,443211.7018417634,71.101113138445,0.7409863473595825,7066285.532653277,-570899.3719416615,36,price,PayAsProduced / FixedEscalated
PayAsProduced,IndexedWithFloorCap,2838416.1689472343,-2838416.1689472343,443211.7018417634,59.045836810043355,0.7409863473595825,3074611.535936295,-236195.36698906077,36,price,PayAsProduced / IndexedWithFloorCap
PayAsProduced,Floating,0.0,-0.0,443211.7018417634,49.760185802799676,0.7409863473595825,0.0,0.0,36,price,PayAsProduced / Floating
PayAsNominated,FixedFlat,1659097.0431661638,-1659097.0431661638,443211.70184176345,65.0,0.7409863473595825,1979597.3267760666,-320500.2836099027,36,price,PayAsNominated / FixedFlat
PayAsNominated,FixedEscalated,3489764.851914846,-3489764.851914846,443211.70184176345,71.101113138445,0.7409863473595825,3999762.9374459125,-509998.08553106664,36,price,PayAsNominated / FixedEscalated
PayAsNominated,IndexedWithFloorCap,567411.7387729511,-567411.7387729511,443211.70184176345,61.13165368794531,0.7409863473595825,698732.6693856689,-131320.93061271787,36,price,PayAsNominated / IndexedWithFloorCap
PayAsNominated,Floating,0.0,-0.0,443211.70184176345,59.021407356192285,0.7409863473595825,0.0,0.0,36,price,PayAsNominated / Floating
Baseload,FixedFlat,-1042101.5974106397,1042101.5974106397,443211.70184176316,65.0,0.7409863473595825,-713215.0534541232,-328886.54395651654,36,price,Baseload / FixedFlat
Baseload,FixedEscalated,805334.50748839,-805334.50748839,443211.70184176316,71.1737960547356,0.7409863473595825,1331016.9078375841,-525682.4003491942,36,price,Baseload / FixedEscalated
Baseload,IndexedWithFloorCap,-128564.45303776828,128564.45303776828,443211.70184176316,67.05825084671919,0.7409863473595825,-31698.831033446444,-96865.62200432183,36,price,Baseload / IndexedWithFloorCap
Baseload,Floating,0.0,-0.0,443211.70184176316,67.15398465857602,0.7409863473595825,0.0,0.0,36,price,Baseload / Floating
PayAsProduced,FixedFlat,4592692.306661308,-4592692.306661308,443211.7018417634,65.00000000000001,0.7427288106719518,4972975.0819499055,-380282.7752885977,37,price,PayAsProduced / FixedFlat
PayAsProduced,FixedEscalated,6423336.4084504945,-6423336.4084504945,443211.7018417634,71.101113138445,0.7427288106719518,6993140.692619747,-569804.284169252,37,price,PayAsProduced / FixedEscalated
PayAsProduced,IndexedWithFloorCap,2790104.6512064813,-2790104.6512064813,443211.7018417634,59.1101608180541,0.7427288106719518,3022765.29272847,-232660.6415219889,37,price,PayAsProduced / IndexedWithFloorCap
PayAsProduced,Floating,0.0,-0.0,443211.7018417634,49.98109093165694,0.7427288106719518,0.0,0.0,37,price,PayAsProduced / Floating
PayAsNominated,FixedFlat,1617479.5194465755,-1617479.5194465755,443211.70184176345,65.0,0.7427288106719518,1934944.858209796,-317465.33876322047,37,price,PayAsNominated / FixedFlat
PayAsNominated,FixedEscalated,3448147.328195258,-3448147.328195258,443211.70184176345,71.101113138445,0.7427288106719518,3955110.468879642,-506963.1406843839,37,price,PayAsNominated / FixedEscalated
PayAsNominated,IndexedWithFloorCap,547723.8122546852,-547723.8122546852,443211.70184176345,61.20470763701732,0.7427288106719518,678269.4056890723,-130545.59343438712,37,price,PayAsNominated / IndexedWithFloorCap
PayAsNominated,Floating,0.0,-0.0,443211.70184176345,59.156262519152584,0.7427288106719518,0.0,0.0,37,price,PayAsNominated / Floating
Baseload,FixedFlat,-1083841.759999163,1083841.759999163,443211.70184176316,65.0,0.7427288106719518,-759530.8127260273,-324310.94727313565,37,price,Baseload / FixedFlat
Baseload,FixedEscalated,763594.3448998666,-763594.3448998666,443211.70184176316,71.1737960547356,0.7427288106719518,1284701.1485656798,-521106.8036658132,37,price,Baseload / FixedEscalated
Baseload,IndexedWithFloorCap,-141562.4451539628,141562.4451539628,443211.70184176316,67.15742419296512,0.7427288106719518,-45176.88036048123,-96385.56479348156,37,price,Baseload / IndexedWithFloorCap
Baseload,Floating,0.0,-0.0,443211.70184176316,67.2938631348348,0.7427288106719518,0.0,0.0,37,price,Baseload / Floating
PayAsProduced,FixedFlat,4673795.649505362,-4673795.649505362,443211.7018417634,65.00000000000001,0.7405316697500782,5045869.025793056,-372073.3762876941,38,price,PayAsProduced / FixedFlat
PayAsProduced,FixedEscalated,6504439.75129455,-6504439.75129455,443211.7018417634,71.101113138445,0.7405316697500782,7066034.636462897,-561594.8851683475,38,price,PayAsProduced / FixedEscalated
PayAsProduced,IndexedWithFloorCap,2849079.6711756797,-2849079.6711756797,443211.7018417634,59.057306539476194,0.7405316697500782,3078158.430810943,-229078.75963526312,38,price,PayAsProduced / IndexedWithFloorCap
PayAsProduced,Floating,0.0,-0.0,443211.7018417634,49.76094353574762,0.7405316697500782,0.0,0.0,38,price,PayAsProduced / Floating
PayAsNominated,FixedFlat,1665236.8056629547,-1665236.8056629547,443211.70184176345,65.0,0.7405316697500782,1976871.3310730201,-311634.5254100654,38,price,PayAsNominated / FixedFlat
PayAsNominated,FixedEscalated,3495904.6144116367,-3495904.6144116367,443211.70184176345,71.101113138445,0.7405316697500782,3997036.941742866,-501132.3273312291,38,price,PayAsNominated / FixedEscalated
PayAsNominated,IndexedWithFloorCap,571326.5519928704,-571326.5519928704,443211.70184176345,61.141817607188486,0.7405316697500782,699372.0923625854,-128045.54036971496,38,price,PayAsNominated / IndexedWithFloorCap
PayAsNominated,Floating,0.0,-0.0,443211.70184176345,59.029640150628225,0.7405316697500782,0.0,0.0,38,price,PayAsNominated / Floating
Baseload,FixedFlat,-1050090.1074969368,1050090.1074969368,443211.70184176316,65.0,0.7405316697500782,-727206.278108654,-322883.82938828284,38,price,Baseload / FixedFlat
Baseload,FixedEscalated,797345.9974020929,-797345.9974020929,443211.70184176316,71.1737960547356,0.7405316697500782,1317025.6831830533,-519679.68578096037,38,price,Baseload / FixedEscalated
Baseload,IndexedWithFloorCap,-128936.9808016523,128936.9808016523,443211.70184176316,67.09388937264644,0.7405316697500782,-33889.63126386053,-95047.34953779177,38,price,Baseload / IndexedWithFloorCap
Baseload,Floating,0.0,-0.0,443211.70184176316,67.19623963218405,0.7405316697500782,0.0,0.0,38,price,Baseload / Floating
PayAsProduced,FixedFlat,4665029.295402987,-4665029.295402987,443211.7018417634,65.00000000000001,0.7408455662221547,5045626.95723911,-380597.6618361231,39,price,PayAsProduced / FixedFlat
PayAsProduced,FixedEscalated,6495673.397192175,-6495673.397192175,443211.7018417634,71.101113138445,0.7408455662221547,7065792.56790895,-570119.1707167756,39,price,PayAsProduced / FixedEscalated
PayAsProduced,IndexedWithFloorCap,2829371.1777254324,-2829371.1777254324,443211.7018417634,59.01480059208616,0.7408455662221547,3063842.036602355,-234470.85887692263,39,price,PayAsProduced / IndexedWithFloorCap
PayAsProduced,Floating,0.0,-0.0,443211.7018417634,49.761674608302805,0.7408455662221547,0.0,0.0,39,price,PayAsProduced / Floating
PayAsNominated,FixedFlat,1659486.9723086166,-1659486.9723086166,443211.70184176345,65.0,0.7408455662221547,1979418.842799556,-319931.87049093936,39,price,PayAsNominated / FixedFlat
PayAsNominated,FixedEscalated,3490154.781057299,-3490154.781057299,443211.70184176345,71.101113138445,0.7408455662221547,3999584.4534694017,-509429.6724121026,39,price,PayAsNominated / FixedEscalated
PayAsNominated,IndexedWithFloorCap,561552.5225404503,-561552.5225404503,443211.70184176345,61.113732807490884,0.7408455662221547,692620.3261960209,-131067.8036555706,39,price,PayAsNominated / IndexedWithFloorCap
PayAsNominated,Floating,0.0,-0.0,443211.70184176345,59.02194639661963,0.7408455662221547,0.0,0.0,39,price,PayAsNominated / Floating
Baseload,FixedFlat,-1043941.0937822303,1043941.0937822303,443211.70184176316,65.0,0.7408455662221547,-718105.8484431814,-325835.2453390489,39,price,Baseload / FixedFlat
Baseload,FixedEscalated,803495.0111167995,-803495.0111167995,443211.70184176316,71.1737960547356,0.7408455662221547,1326126.112848526,-522631.10173172655,39,price,Baseload / FixedEscalated
Baseload,IndexedWithFloorCap,-133341.00512556848,133341.00512556848,443211.70184176316,67.05776734854209,0.7408455662221547,-36749.71916748362,-96591.28595808486,39,price,Baseload / IndexedWithFloorCap
Baseload,Floating,0.0,-0.0,443211.70184176316,67.16875537509925,0.7408455662221547,0.0,0.0,39,price,Baseload / Floating
PayAsProduced,FixedFlat,4660852.583411978,-4660852.583411978,443211.7018417634,65.00000000000001,0.7416958100240356,5038583.936635976,-377731.3532239981,40,price,PayAsProduced / FixedFlat
PayAsProduced,FixedEscalated,6491496.685201166,-6491496.685201166,443211.7018417634,71.101113138445,0.7416958100240356,7058749.547305818,-567252.8621046515,40,price,PayAsProduced / FixedEscalated
PayAsProduced,IndexedWithFloorCap,2829391.4384450708,-2829391.4384450708,443211.7018417634,59.02014743035656,0.7416958100240356,3058569.430439106,-229177.99199403543,40,price,PayAsProduced / IndexedWithFloorCap
PayAsProduced,Floating,0.0,-0.0,443211.7018417634,49.782945273098385,0.7416958100240356,0.0,0.0,40,price,PayAsProduced / Floating
PayAsNominated,FixedFlat,1668683.1885141777,-1668683.1885141777,443211.70184176345,65.0,0.7416958100240356,1985821.8105912379,-317138.62207706016,40,price,PayAsNominated / FixedFlat
PayAsNominated,FixedEscalated,3499350.9972628597,-3499350.9972628597,443211.70184176345,71.101113138445,0.7416958100240356,4005987.421261084,-506636.4239982241,40,price,PayAsNominated / FixedEscalated
PayAsNominated,IndexedWithFloorCap,565570.2928639083,-565570.2928639083,443211.70184176345,61.09872170793655,0.7416958100240356,694052.9047472668,-128482.61188335845,40,price,PayAsNominated / IndexedWithFloorCap
PayAsNominated,Floating,0.0,-0.0,443211.70184176345,59.00260875879799,0.7416958100240356,0.0,0.0,40,price,PayAsNominated / Floating
Baseload,FixedFlat,-1028999.3965472985,1028999.3965472985,443211.70184176316,65.0,0.7416958100240356,-702106.2232638047,-326893.17328349384,40,price,Baseload / FixedFlat
Baseload,FixedEscalated,818436.7083517311,-818436.7083517311,443211.70184176316,71.1737960547356,0.7416958100240356,1342125.7380279026,-523689.0296761715,40,price,Baseload / FixedEscalated
Baseload,IndexedWithFloorCap,-131145.345137386,131145.345137386,443211.70184176316,67.01211463664131,0.7416958100240356,-35866.358270211815,-95278.98686717419,40,price,Baseload / IndexedWithFloorCap
Baseload,Floating,0.0,-0.0,443211.70184176316,67.12043482015241,0.7416958100240356,0.0,0.0,40,price,Baseload / Floating
PayAsProduced,FixedFlat,4654192.997532273,-4654192.997532273,443211.7018417634,65.00000000000001,0.7413202960850674,5021840.537514363,-367647.5399820907,41,price,PayAsProduced / FixedFlat
PayAsProduced,FixedEscalated,6484837.099321459,-6484837.099321459,443211.7018417634,71.101113138445,0.7413202960850674,7042006.148184204,-557169.0488627441,41,price,PayAsProduced / FixedEscalated
PayAsProduced,IndexedWithFloorCap,2832297.538439567,-2832297.538439567,443211.7018417634,59.06362762580338,0.7413202960850674,3056222.9444042835,-223925.40596471634,41,price,PayAsProduced / IndexedWithFloorCap
PayAsProduced,Floating,0.0,-0.0,443211.7018417634,49.83351210376987,0.7413202960850674,0.0,0.0,41,price,PayAsProduced / Floating
PayAsNominated,FixedFlat,1662978.1851438647,-1662978.1851438647,443211.70184176345,65.0,0.7413202960850674,1974929.7497406513,-311951.56459678663,41,price,PayAsNominated / FixedFlat
PayAsNominated,FixedEscalated,3493645.9938925467,-3493645.9938925467,443211.70184176345,71.101113138445,0.7413202960850674,3995095.360410497,-501449.3665179503,41,price,PayAsNominated / FixedEscalated
PayAsNominated,IndexedWithFloorCap,569363.9448090104,-569363.9448090104,443211.70184176345,61.13783978406201,0.7413202960850674,696113.3970375587,-126749.45222854835,41,price,PayAsNominated / IndexedWithFloorCap
PayAsNominated,Floating,0.0,-0.0,443211.70184176345,59.03550393096074,0.7413202960850674,0.0,0.0,41,price,PayAsNominated / Floating
Baseload,FixedFlat,-1058745.0434910494,1058745.0434910494,443211.70184176316,65.0,0.7413202960850674,-735949.9227060116,-322795.12078503787,41,price,Baseload / FixedFlat
Baseload,FixedEscalated,788691.06140798,-788691.06140798,443211.70184176316,71.1737960547356,0.7413202960850674,1308282.0385856957,-519590.9771777156,41,price,Baseload / FixedEscalated
Baseload,IndexedWithFloorCap,-129739.31308956372,129739.31308956372,443211.70184176316,67.11524757048608,0.7413202960850674,-35561.2718182798,-94178.04127128392,41,price,Baseload / IndexedWithFloorCap
Baseload,Floating,0.0,-0.0,443211.70184176316,67.22264636074584,0.7413202960850674,0.0,0.0,41,price,Baseload / Floating
PayAsProduced,FixedFlat,4649950.658071863,-4649950.658071863,443211.7018417634,65.00000000000001,0.7416267866796822,5031945.082755752,-381994.42468388844,42,price,PayAsProduced / FixedFlat
PayAsProduced,FixedEscalated,6480594.75986105,-6480594.75986105,443211.7018417634,71.101113138445,0.7416267866796822,7052110.693425593,-571515.9335645428,42,price,PayAsProduced / FixedEscalated
PayAsProduced,IndexedWithFloorCap,2843284.7540144743,-2843284.7540144743,443211.7018417634,59.09484224066876,0.7416267866796822,3076663.09399695,-233378.33998247562,42,price,PayAsProduced / IndexedWithFloorCap
PayAsProduced,Floating,0.0,-0.0,443211.7018417634,49.80299531177785,0.7416267866796822,0.0,0.0,42,price,PayAsProduced / Floating
PayAsNominated,FixedFlat,1671820.3415755183,-1671820.3415755183,443211.70184176345,65.0,0.7416267866796822,1987120.5587743428,-315300.2171988245,42,price,PayAsNominated / FixedFlat
PayAsNominated,FixedEscalated,3502488.1503242,-3502488.1503242,443211.70184176345,71.101113138445,0.7416267866796822,4007286.1694441885,-504798.01911998866,42,price,PayAsNominated / FixedEscalated
PayAsNominated,IndexedWithFloorCap,570254.7744636157,-570254.7744636157,443211.70184176345,61.11291755890111,0.7416267866796822,700052.1017307868,-129797.32726717112,42,price,PayAsNominated / IndexedWithFloorCap
PayAsNominated,Floating,0.0,-0.0,443211.70184176345,58.998686402352746,0.7416267866796822,0.0,0.0,42,price,PayAsNominated / Floating
Baseload,FixedFlat,-1037095.3273450724,1037095.3273450724,443211.70184176316,65.0,0.7416267866796822,-713126.4097857178,-323968.91755935457,42,price,Baseload / FixedFlat
Baseload,FixedEscalated,810340.7775539577,-810340.7775539577,443211.70184176316,71.1737960547356,0.7416267866796822,1331105.5515059894,-520764.77395203174,42,price,Baseload / FixedEscalated
Baseload,IndexedWithFloorCap,-129054.5655972877,129054.5655972877,443211.70184176316,67.05401929462388,0.7416267866796822,-33011.314639476725,-96043.25095781097,42,price,Baseload / IndexedWithFloorCap
Baseload,Floating,0.0,-0.0,443211.70184176316,67.15371694535138,0.7416267866796822,0.0,0.0,42,price,Baseload / Floating
PayAsProduced,FixedFlat,4658844.0005492885,-4658844.0005492885,443211.7018417634,65.00000000000001,0.7420471960088088,5040383.64953103,-381539.64898174163,43,price,PayAsProduced / FixedFlat
PayAsProduced,FixedEscalated,6489488.102338476,-6489488.102338476,443211.7018417634,71.101113138445,0.7420471960088088,7060549.260200871,-571061.157862395,43,price,PayAsProduced / FixedEscalated
PayAsProduced,IndexedWithFloorCap,2817013.484463529,-2817013.484463529,443211.7018417634,58.985018182288826,0.7420471960088088,3048737.348075694,-231723.86361216474,43,price,PayAsProduced / IndexedWithFloorCap
PayAsProduced,Floating,0.0,-0.0,443211.7018417634,49.77750995040432,0.7420471960088088,0.0,0.0,43,price,PayAsProduced / Floating
PayAsNominated,FixedFlat,1673493.3185039335,-1673493.3185039335,443211.70184176345,65.0,0.7420471960088088,1994711.8856372435,-321218.56713331,43,price,PayAsNominated / FixedFlat
PayAsNominated,FixedEscalated,3504161.127252616,-3504161.127252616,443211.70184176345,71.101113138445,0.7420471960088088,4014877.4963070895,-510716.3690544735,43,price,PayAsNominated / FixedEscalated
PayAsNominated,IndexedWithFloorCap,559894.7456991624,-559894.7456991624,443211.70184176345,61.05906817043104,0.7420471960088088,689813.1277495103,-129918.38205034798,43,price,PayAsNominated / IndexedWithFloorCap
PayAsNominated,Floating,0.0,-0.0,443211.70184176345,58.975759794842524,0.7420471960088088,0.0,0.0,43,price,PayAsNominated / Floating
Baseload,FixedFlat,-1022701.5655168705,1022701.5655168705,443211.70184176316,65.0,0.7420471960088088,-689156.7739746731,-333544.79154219734,43,price,Baseload / FixedFlat
Baseload,FixedEscalated,824734.5393821588,-824734.5393821588,443211.70184176316,71.1737960547356,0.7420471960088088,1355075.187317034,-530340.6479348752,43,price,Baseload / FixedEscalated
Baseload,IndexedWithFloorCap,-133264.93595837656,133264.93595837656,443211.70184176316,66.96959754021606,0.7420471960088088,-36994.92624035867,-96270.00971801789,43,price,Baseload / IndexedWithFloorCap
Baseload,Floating,0.0,-0.0,443211.70184176316,67.08132611798648,0.7420471960088088,0.0,0.0,43,price,Baseload / Floating
PayAsProduced,FixedFlat,4670453.556428629,-4670453.556428629,443211.7018417634,65.00000000000001,0.7403736856550766,5053792.650563541,-383339.0941349119,44,price,PayAsProduced / FixedFlat
PayAsProduced,FixedEscalated,6501097.658217817,-6501097.658217817,443211.7018417634,71.101113138445,0.7403736856550766,7073958.261233381,-572860.6030155644,44,price,PayAsProduced / FixedEscalated
PayAsProduced,IndexedWithFloorCap,2846809.7380943918,-2846809.7380943918,443211.7018417634,59.047958670814495,0.7403736856550766,3082986.842892381,-236177.10479798913,44,price,PayAsProduced / IndexedWithFloorCap
PayAsProduced,Floating,0.0,-0.0,443211.7018417634,49.737013353520986,0.7403736856550766,0.0,0.0,44,price,PayAsProduced / Floating
PayAsNominated,FixedFlat,1669337.0298829905,-1669337.0298829905,443211.70184176345,65.0,0.7403736856550766,1990675.4306212766,-321338.4007382861,44,price,PayAsNominated / FixedFlat
PayAsNominated,FixedEscalated,3500004.838631673,-3500004.838631673,443211.70184176345,71.101113138445,0.7403736856550766,4010841.0412911223,-510836.20265944954,44,price,PayAsNominated / FixedEscalated
PayAsNominated,IndexedWithFloorCap,570893.127018032,-570893.127018032,443211.70184176345,61.11013569377953,0.7403736856550766,702685.8583443842,-131792.73132635222,44,price,PayAsNominated / IndexedWithFloorCap
PayAsNominated,Floating,0.0,-0.0,443211.70184176345,58.987950314570504,0.7403736856550766,0.0,0.0,44,price,PayAsNominated / Floating
Baseload,FixedFlat,-1049341.6030422135,1049341.6030422135,443211.70184176316,65.0,0.7403736856550766,-721251.8032100357,-328089.7998321778,44,price,Baseload / FixedFlat
Baseload,FixedEscalated,798094.501856816,-798094.501856816,443211.70184176316,71.1737960547356,0.7403736856550766,1322980.1580816715,-524885.6562248555,44,price,Baseload / FixedEscalated
Baseload,IndexedWithFloorCap,-129521.53672943421,129521.53672943421,443211.70184176316,67.0807868642862,0.7403736856550766,-32273.58382958427,-97247.95289984994,44,price,Baseload / IndexedWithFloorCap
Baseload,Floating,0.0,-0.0,443211.70184176316,67.17825649018587,0.7403736856550766,0.0,0.0,44,price,Baseload / Floating
PayAsProduced,FixedFlat,4646307.647518606,-4646307.647518606,443211.7018417634,65.00000000000001,0.7420380857196354,5030941.651046566,-384634.0035279598,45,price,PayAsProduced / FixedFlat
PayAsProduced,FixedEscalated,6476951.749307794,-6476951.749307794,443211.7018417634,71.101113138445,0.7420380857196354,7051107.261716407,-574155.5124086132,45,price,PayAsProduced / FixedEscalated
PayAsProduced,IndexedWithFloorCap,2824244.1910434715,-2824244.1910434715,443211.7018417634,59.04807185407822,0.7420380857196354,3060173.319968923,-235929.12892545154,45,price,PayAsProduced / IndexedWithFloorCap
PayAsProduced,Floating,0.0,-0.0,443211.7018417634,49.80602578133545,0.7420380857196354,0.0,0.0,45,price,PayAsProduced / Floating
PayAsNominated,FixedFlat,1665677.9300675094,-1665677.9300675094,443211.70184176345,65.0,0.7420380857196354,1981760.5607792696,-316082.63071176014,45,price,PayAsNominated / FixedFlat
PayAsNominated,FixedEscalated,3496345.738816192,-3496345.738816192,443211.70184176345,71.101113138445,0.7420380857196354,4001926.1714491155,-505580.4326329236,45,price,PayAsNominated / FixedEscalated
PayAsNominated,IndexedWithFloorCap,561903.095616025,-561903.095616025,443211.70184176345,61.10805327170443,0.7420380857196354,693081.4688413634,-131178.3732253384,45,price,PayAsNominated / IndexedWithFloorCap
PayAsNominated,Floating,0.0,-0.0,443211.70184176345,59.01487416142411,0.7420380857196354,0.0,0.0,45,price,PayAsNominated / Floating
Baseload,FixedFlat,-1024318.0722276358,1024318.0722276358,443211.70184176316,65.0,0.7420380857196354,-702153.886420869,-322164.18580676673,45,price,Baseload / FixedFlat
Baseload,FixedEscalated,823118.0326713936,-823118.0326713936,443211.70184176316,71.1737960547356,0.7420380857196354,1342078.0748708383,-518960.0421994447,45,price,Baseload / FixedEscalated
Baseload,IndexedWithFloorCap,-130066.32755289039,130066.32755289039,443211.70184176316,67.01947164809401,0.7420380857196354,-33478.00996563139,-96588.31758725899,45,price,Baseload / IndexedWithFloorCap
Baseload,Floating,0.0,-0.0,443211.70184176316,67.12057876791206,0.7420380857196354,0.0,0.0,45,price,Baseload / Floating
PayAsProduced,FixedFlat,4718363.3963358775,-4718363.3963358775,443211.7018417634,65.00000000000001,0.7395007054202126,5086237.022154343,-367873.62581846584,46,price,PayAsProduced / FixedFlat
PayAsProduced,FixedEscalated,6549007.498125064,-6549007.498125064,443211.7018417634,71.101113138445,0.7395007054202126,7106402.632824183,-557395.1346991193,46,price,PayAsProduced / FixedEscalated
PayAsProduced,IndexedWithFloorCap,2855209.501532865,-2855209.501532865,443211.7018417634,58.95662029044009,0.7395007054202126,3085187.7735274765,-229978.27199461125,46,price,PayAsProduced / IndexedWithFloorCap
PayAsProduced,Floating,0.0,-0.0,443211.7018417634,49.63902793057559,0.7395007054202126,0.0,0.0,46,price,PayAsProduced / Floating
PayAsNominated,FixedFlat,1692222.8348748062,-1692222.8348748062,443211.70184176345,65.0,0.7395007054202126,2002588.7621157975,-310365.92724099127,46,price,PayAsNominated / FixedFlat
PayAsNominated,FixedEscalated,3522890.6436234885,-3522890.6436234885,443211.70184176345,71.101113138445,0.7395007054202126,4022754.372785643,-499863.7291621547,46,price,PayAsNominated / FixedEscalated
PayAsNominated,IndexedWithFloorCap,577173.8439946246,-577173.8439946246,443211.70184176345,61.08401874253853,0.7395007054202126,705951.4946469984,-128777.65065237379,46,price,PayAsNominated / IndexedWithFloorCap
PayAsNominated,Floating,0.0,-0.0,443211.70184176345,58.95197079738638,0.7395007054202126,0.0,0.0,46,price,PayAsNominated / Floating
Baseload,FixedFlat,-1024247.8344012103,1024247.8344012103,443211.70184176316,65.0,0.7395007054202126,-703637.1083433297,-320610.72605788056,46,price,Baseload / FixedFlat
Baseload,FixedEscalated,823188.270497819,-823188.270497819,443211.70184176316,71.1737960547356,0.7395007054202126,1340594.8529483776,-517406.58245055866,46,price,Baseload / FixedEscalated
Baseload,IndexedWithFloorCap,-122638.02176302858,122638.02176302858,443211.70184176316,67.0422924995225,0.7395007054202126,-27404.9223727773,-95233.09939025127,46,price,Baseload / IndexedWithFloorCap
Baseload,Floating,0.0,-0.0,443211.70184176316,67.12505825449998,0.7395007054202126,0.0,0.0,46,price,Baseload / Floating
PayAsProduced,FixedFlat,4692091.182613054,-4692091.182613054,443211.7018417634,65.00000000000001,0.7407455673614877,5065874.830006088,-373783.64739303384,47,price,PayAsProduced / FixedFlat
PayAsProduced,FixedEscalated,6522735.284402241,-6522735.284402241,443211.7018417634,71.101113138445,0.7407455673614877,7086040.440675929,-563305.1562736882,47,price,PayAsProduced / FixedEscalated
PayAsProduced,IndexedWithFloorCap,2840107.6771442126,-2840107.6771442126,443211.7018417634,58.978255036808385,0.7407455673614877,3071989.154585787,-231881.47744157445,47,price,PayAsProduced / IndexedWithFloorCap
PayAsProduced,Floating,0.0,-0.0,443211.7018417634,49.7005238977315,0.7407455673614877,0.0,0.0,47,price,PayAsProduced / Floating
PayAsNominated,FixedFlat,1685472.5093585756,-1685472.5093585756,443211.70184176345,65.0,0.7407455673614877,2003185.7465204257,-317713.2371618501,47,price,PayAsNominated / FixedFlat
PayAsNominated,FixedEscalated,3516140.318107258,-3516140.318107258,443211.70184176345,71.101113138445,0.7407455673614877,4023351.357190271,-507211.03908301285,47,price,PayAsNominated / FixedEscalated
PayAsNominated,IndexedWithFloorCap,574945.8134799682,-574945.8134799682,443211.70184176345,61.08180538475681,0.7407455673614877,705815.604709965,-130869.79122999671,47,price,PayAsNominated / IndexedWithFloorCap
PayAsNominated,Floating,0.0,-0.0,443211.70184176345,58.950167841541926,0.7407455673614877,0.0,0.0,47,price,PayAsNominated / Floating
Baseload,FixedFlat,-1020237.3377806107,1020237.3377806107,443211.70184176316,65.0,0.7407455673614877,-693773.8165366442,-326463.5212439664,47,price,Baseload / FixedFlat
Baseload,FixedEscalated,827198.767118419,-827198.767118419,443211.70184176316,71.1737960547356,0.7407455673614877,1350458.144755063,-523259.37763664406,47,price,Baseload / FixedEscalated
Baseload,IndexedWithFloorCap,-123651.19113434138,123651.19113434138,443211.70184176316,67.01374489171586,0.7407455673614877,-26994.150827430603,-96657.04030691079,47,price,Baseload / IndexedWithFloorCap
Baseload,Floating,0.0,-0.0,443211.70184176316,67.09527007331708,0.7407455673614877,0.0,0.0,47,price,Baseload / Floating
PayAsProduced,FixedFlat,4688439.627528998,-4688439.627528998,443211.7018417634,65.00000000000001,0.7394904993839619,5064798.698518802,-376359.07098980434,48,price,PayAsProduced / FixedFlat
PayAsProduced,FixedEscalated,6519083.729318185,-6519083.729318185,443211.7018417634,71.101113138445,0.7394904993839619,7084964.309188643,-565880.5798704578,48,price,PayAsProduced / FixedEscalated
PayAsProduced,IndexedWithFloorCap,2859925.7182598123,-2859925.7182598123,443211.7018417634,59.04507963515842,0.7394904993839619,3093039.6010639085,-233113.8828040962,48,price,PayAsProduced / IndexedWithFloorCap
PayAsProduced,Floating,0.0,-0.0,443211.7018417634,49.703773928283994,0.7394904993839619,0.0,0.0,48,price,PayAsProduced / Floating
PayAsNominated,FixedFlat,1656140.1955633226,-1656140.1955633226,443211.70184176345,65.0,0.7394904993839619,1978993.9974607136,-322853.801897391,48,price,PayAsNominated / FixedFlat
PayAsNominated,FixedEscalated,3486808.0043120044,-3486808.0043120044,443211.70184176345,71.101113138445,0.7394904993839619,3999159.608130559,-512351.60381855443,48,price,PayAsNominated / FixedEscalated
PayAsNominated,IndexedWithFloorCap,578009.6428769217,-578009.6428769217,443211.70184176345,61.16372446959717,0.7394904993839619,708748.4334603628,-130738.79058344115,48,price,PayAsNominated / IndexedWithFloorCap
PayAsNominated,Floating,0.0,-0.0,443211.70184176345,59.0232294743361,0.7394904993839619,0.0,0.0,48,price,PayAsNominated / Floating
Baseload,FixedFlat,-1062714.745673634,1062714.745673634,443211.70184176316,65.0,0.7394904993839619,-732934.5282207481,-329780.21745288605,48,price,Baseload / FixedFlat
Baseload,FixedEscalated,784721.3592253954,-784721.3592253954,443211.70184176316,71.1737960547356,0.7394904993839619,1311297.433070959,-526576.0738455637,48,price,Baseload / FixedEscalated
Baseload,IndexedWithFloorCap,-125795.36474585239,125795.36474585239,443211.70184176316,67.12538564407342,0.7394904993839619,-29189.016518465265,-96606.34822738712,48,price,Baseload / IndexedWithFloorCap
Baseload,Floating,0.0,-0.0,443211.70184176316,67.21353955147512,0.7394904993839619,0.0,0.0,48,price,Baseload / Floating
PayAsProduced,FixedFlat,4633056.4207458915,-4633056.4207458915,443211.7018417634,65.00000000000001,0.7410116193560927,5014759.263723966,-381702.8429780742,49,price,PayAsProduced / FixedFlat
PayAsProduced,FixedEscalated,6463700.522535078,-6463700.522535078,443211.7018417634,71.101113138445,0.7410116193560927,7034924.874393807,-571224.3518587286,49,price,PayAsProduced / FixedEscalated
PayAsProduced,IndexedWithFloorCap,2819499.5960702705,-2819499.5960702705,443211.7018417634,59.075498677580924,0.7410116193560927,3053072.345233304,-233572.74916303344,49,price,PayAsProduced / IndexedWithFloorCap
PayAsProduced,Floating,0.0,-0.0,443211.7018417634,49.854898297224175,0.7410116193560927,0.0,0.0,49,price,PayAsProduced / Floating
PayAsNominated,FixedFlat,1640884.3034089894,-1640884.3034089894,443211.70184176345,65.0,0.7410116193560927,1956574.7893171199,-315690.4859081304,49,price,PayAsNominated / FixedFlat
PayAsNominated,FixedEscalated,3471552.1121576717,-3471552.1121576717,443211.70184176345,71.101113138445,0.7410116193560927,3976740.399986966,-505188.28782929434,49,price,PayAsNominated / FixedEscalated
PayAsNominated,IndexedWithFloorCap,556094.1213713812,-556094.1213713812,443211.70184176345,61.16155128871312,0.7410116193560927,685609.6541191697,-129515.53274778847,49,price,PayAsNominated / IndexedWithFloorCap
PayAsNominated,Floating,0.0,-0.0,443211.70184176345,59.09093784667744,0.7410116193560927,0.0,0.0,49,price,PayAsNominated / Floating
Baseload,FixedFlat,-1078799.0846623112,1078799.0846623112,443211.70184176316,65.0,0.7410116193560927,-754778.1253089017,-324020.9593534096,49,price,Baseload / FixedFlat
Baseload,FixedEscalated,768637.0202367185,-768637.0202367185,443211.70184176316,71.1737960547356,0.7410116193560927,1289453.8359828056,-520816.8157460871,49,price,Baseload / FixedEscalated
Baseload,IndexedWithFloorCap,-135495.88901173466,135495.88901173466,443211.70184176316,67.15912472127611,0.7410116193560927,-39861.123756490684,-95634.76525524398,49,price,Baseload / IndexedWithFloorCap
Baseload,Floating,0.0,-0.0,443211.70184176316,67.27950951774004,0.7410116193560927,0.0,0.0,49,price,Baseload / Floating
PayAsProduced,FixedFlat,4696125.038449574,-4696125.038449574,443211.7018417634,65.00000000000001,0.7398548466680837,5066382.944992977,-370257.90654340293,50,price,PayAsProduced / FixedFlat
PayAsProduced,FixedEscalated,6526769.140238762,-6526769.140238762,443211.7018417634,71.101113138445,0.7398548466680837,7086548.555662819,-559779.4154240573,50,price,PayAsProduced / FixedEscalated
PayAsProduced,IndexedWithFloorCap,2874428.2402598015,-2874428.2402598015,443211.7018417634,59.0620949491052,0.7398548466680837,3100257.8607599386,-225829.6205001371,50,price,PayAsProduced / IndexedWithFloorCap
PayAsProduced,Floating,0.0,-0.0,443211.7018417634,49.69898933689848,0.7398548466680837,0.0,0.0,50,price,PayAsProduced / Floating
PayAsNominated,FixedFlat,1671866.0770968068,-1671866.0770968068,443211.70184176345,65.0,0.7398548466680837,1987464.7360420935,-315598.65894528665,50,price,PayAsNominated / FixedFlat
PayAsNominated,FixedEscalated,3502533.88584549,-3502533.88584549,443211.70184176345,71.101113138445,0.7398548466680837,4007630.3467119397,-505096.46086644987,50,price,PayAsNominated / FixedEscalated
PayAsNominated,IndexedWithFloorCap,588111.7235453442,-588111.7235453442,443211.70184176345,61.15877470295572,0.7398548466680837,715580.2336836107,-127468.51013826649,50,price,PayAsNominated / IndexedWithFloorCap
PayAsNominated,Floating,0.0,-0.0,443211.70184176345,58.99764695071614,0.7398548466680837,0.0,0.0,50,price,PayAsNominated / Floating
Baseload,FixedFlat,-1044083.4029408036,1044083.4029408036,443211.70184176316,65.0,0.7398548466680837,-719833.4081831927,-324249.99475761084,50,price,Baseload / FixedFlat
Baseload,FixedEscalated,803352.7019582259,-803352.7019582259,443211.70184176316,71.1737960547356,0.7398548466680837,1324398.5531085145,-521045.8511502886,50,price,Baseload / FixedEscalated
Baseload,IndexedWithFloorCap,-116813.34550145778,116813.34550145778,443211.70184176316,67.10666063417871,0.7398548466680837,-22288.014425024052,-94525.33107643372,50,price,Baseload / IndexedWithFloorCap
Baseload,Floating,0.0,-0.0,443211.70184176316,67.17397278765769,0.7398548466680837,0.0,0.0,50,price,Baseload / Floating
PayAsProduced,FixedFlat,4615987.650415032,-4615987.650415032,443211.7018417634,65.00000000000001,0.7418113218188117,4990824.933550217,-374837.283135185,51,price,PayAsProduced / FixedFlat
PayAsProduced,FixedEscalated,6446631.75220422,-6446631.75220422,443211.7018417634,71.101113138445,0.7418113218188117,7010990.544220057,-564358.7920158375,51,price,PayAsProduced / FixedEscalated
PayAsProduced,IndexedWithFloorCap,2803045.7932987316,-2803045.7932987316,443211.7018417634,59.08577236532137,0.7418113218188117,3032539.779655137,-229493.98635640554,51,price,PayAsProduced / IndexedWithFloorCap
PayAsProduced,Floating,0.0,-0.0,443211.7018417634,49.927182497842026,0.7418113218188117,0.0,0.0,51,price,PayAsProduced / Floating
PayAsNominated,FixedFlat,1634492.1715479302,-1634492.1715479302,443211.70184176345,65.0,0.7418113218188117,1949841.467546641,-315349.2959987107,51,price,PayAsNominated / FixedFlat
PayAsNominated,FixedEscalated,3465159.9802966127,-3465159.9802966127,443211.70184176345,71.101113138445,0.7418113218188117,3970007.078216487,-504847.09791987436,51,price,PayAsNominated / FixedEscalated
PayAsNominated,IndexedWithFloorCap,555089.7243723592,-555089.7243723592,443211.70184176345,61.176139527841265,0.7418113218188117,683706.7064686526,-128616.98209629336,51,price,PayAsNominated / IndexedWithFloorCap
PayAsNominated,Floating,0.0,-0.0,443211.70184176345,59.111273188345606,0.7418113218188117,0.0,0.0,51,price,PayAsNominated / Floating
Baseload,FixedFlat,-1091115.8457151128,1091115.8457151128,443211.70184176316,65.0,0.7418113218188117,-763027.1151233916,-328088.73059172113,51,price,Baseload / FixedFlat
Baseload,FixedEscalated,756320.2591839171,-756320.2591839171,443211.70184176316,71.1737960547356,0.7418113218188117,1281204.8461683155,-524884.5869843984,51,price,Baseload / FixedEscalated
Baseload,IndexedWithFloorCap,-138889.75877730013,138889.75877730013,443211.70184176316,67.174356568943,0.7418113218188117,-43066.631480851705,-95823.12729644842,51,price,Baseload / IndexedWithFloorCap
Baseload,Floating,0.0,-0.0,443211.70184176316,67.30442233670412,0.7418113218188117,0.0,0.0,51,price,Baseload / Floating
PayAsProduced,FixedFlat,4656611.621382983,-4656611.621382983,443211.7018417634,65.00000000000001,0.7415987261014114,5031206.808700239,-374595.1873172559,52,price,PayAsProduced / FixedFlat
PayAsProduced,FixedEscalated,6487255.723172168,-6487255.723172168,443211.7018417634,71.101113138445,0.7415987261014114,7051372.41937008,-564116.6961979121,52,price,PayAsProduced / FixedEscalated
PayAsProduced,IndexedWithFloorCap,2835893.230961484,-2835893.230961484,443211.7018417634,59.062883926387535,0.7415987261014114,3065342.966102489,-229449.7351410049,52,price,PayAsProduced / IndexedWithFloorCap
PayAsProduced,Floating,0.0,-0.0,443211.7018417634,49.805224977264714,0.7415987261014114,0.0,0.0,52,price,PayAsProduced / Floating
PayAsNominated,FixedFlat,1663602.4711568833,-1663602.4711568833,443211.70184176345,65.0,0.7415987261014114,1981159.6229613342,-317557.1518044509,52,price,PayAsNominated / FixedFlat
PayAsNominated,FixedEscalated,3494270.279905565,-3494270.279905565,443211.70184176345,71.101113138445,0.7415987261014114,4001325.23363118,-507054.95372561505,52,price,PayAsNominated / FixedEscalated
PayAsNominated,IndexedWithFloorCap,569975.883169791,-569975.883169791,443211.70184176345,61.12900416476414,0.7415987261014114,699417.6706423205,-129441.78747252957,52,price,PayAsNominated / IndexedWithFloorCap
PayAsNominated,Floating,0.0,-0.0,443211.70184176345,59.01668905699358,0.7415987261014114,0.0,0.0,52,price,PayAsNominated / Floating
Baseload,FixedFlat,-1041553.6274123448,1041553.6274123448,443211.70184176316,65.0,0.7415987261014114,-714963.27452963,-326590.3528827148,52,price,Baseload / FixedFlat
Baseload,FixedEscalated,805882.4774866852,-805882.4774866852,443211.70184176316,71.1737960547356,0.7415987261014114,1329268.6867620773,-523386.2092753921,52,price,Baseload / FixedEscalated
Baseload,IndexedWithFloorCap,-127832.05099333517,127832.05099333517,443211.70184176316,67.06226894388517,0.7415987261014114,-32116.602807185864,-95715.44818614931,52,price,Baseload / IndexedWithFloorCap
Baseload,Floating,0.0,-0.0,443211.70184176316,67.15926447054606,0.7415987261014114,0.0,0.0,52,price,Baseload / Floating
PayAsProduced,FixedFlat,4681590.731527538,-4681590.731527538,443211.7018417634,65.00000000000001,0.7400259967133089,5060045.410204248,-378454.67867670953,53,price,PayAsProduced / FixedFlat
PayAsProduced,FixedEscalated,6512234.833316724,-6512234.833316724,443211.7018417634,71.101113138445,0.7400259967133089,7080211.020874089,-567976.1875573648,53,price,PayAsProduced / FixedEscalated
PayAsProduced,IndexedWithFloorCap,2859559.6005777395,-2859559.6005777395,443211.7018417634,59.06809112531522,0.7400259967133089,3095905.745467639,-236346.14488989953,53,price,PayAsProduced / IndexedWithFloorCap
PayAsProduced,Floating,0.0,-0.0,443211.7018417634,49.71812936015234,0.7400259967133089,0.0,0.0,53,price,PayAsProduced / Floating
PayAsNominated,FixedFlat,1671308.0554648354,-1671308.0554648354,443211.70184176345,65.0,0.7400259967133089,1986440.207006285,-315132.1515414496,53,price,PayAsNominated / FixedFlat
PayAsNominated,FixedEscalated,3501975.864213517,-3501975.864213517,443211.70184176345,71.101113138445,0.7400259967133089,4006605.817676131,-504629.9534626142,53,price,PayAsNominated / FixedEscalated
PayAsNominated,IndexedWithFloorCap,576819.8167162724,-576819.8167162724,443211.70184176345,61.14150796769873,0.7400259967133089,708838.4422428634,-132018.62552659097,53,price,PayAsNominated / IndexedWithFloorCap
PayAsNominated,Floating,0.0,-0.0,443211.70184176345,59.000741136424516,0.7400259967133089,0.0,0.0,53,price,PayAsNominated / Floating
Baseload,FixedFlat,-1044839.0583974601,1044839.0583974601,443211.70184176316,65.0,0.7400259967133089,-723253.2486395995,-321585.8097578606,53,price,Baseload / FixedFlat
Baseload,FixedEscalated,802597.0465015693,-802597.0465015693,443211.70184176316,71.1737960547356,0.7400259967133089,1320978.7126521077,-518381.66615053837,53,price,Baseload / FixedEscalated
Baseload,IndexedWithFloorCap,-123804.92916810549,123804.92916810549,443211.70184176316,67.10407717814935,0.7400259967133089,-26563.274033437232,-97241.65513466825,53,price,Baseload / IndexedWithFloorCap
Baseload,Floating,0.0,-0.0,443211.70184176316,67.18430106640363,0.7400259967133089,0.0,0.0,53,price,Baseload / Floating
PayAsProduced,FixedFlat,4676291.21395272,-4676291.21395272,443211.7018417634,65.00000000000001,0.7402412269047481,5059224.511666972,-382933.297714252,54,price,PayAsProduced / FixedFlat
PayAsProduced,FixedEscalated,6506935.315741907,-6506935.315741907,443211.7018417634,71.101113138445,0.7402412269047481,7079390.122336813,-572454.8065949064,54,price,PayAsProduced / FixedEscalated
PayAsProduced,IndexedWithFloorCap,2830012.9625772825,-2830012.9625772825,443211.7018417634,58.975942782464465,0.7402412269047481,3064573.215842211,-234560.2532649287,54,price,PayAsProduced / IndexedWithFloorCap
PayAsProduced,Floating,0.0,-0.0,443211.7018417634,49.72060856028556,0.7402412269047481,0.0,0.0,54,price,PayAsProduced / Floating
PayAsNominated,FixedFlat,1675863.1452163656,-1675863.1452163656,443211.70184176345,65.0,0.7402412269047481,1995826.8061864583,-319963.66097009275,54,price,PayAsNominated / FixedFlat
PayAsNominated,FixedEscalated,3506530.9539650474,-3506530.9539650474,443211.70184176345,71.101113138445,0.7402412269047481,4015992.4168563043,-509461.4628912569,54,price,PayAsNominated / FixedEscalated
PayAsNominated,IndexedWithFloorCap,568875.4837365249,-568875.4837365249,443211.70184176345,61.088711960050176,0.7402412269047481,700743.5299984752,-131868.04626195028,54,price,PayAsNominated / IndexedWithFloorCap
PayAsNominated,Floating,0.0,-0.0,443211.70184176345,58.97239261723332,0.7402412269047481,0.0,0.0,54,price,PayAsNominated / Floating
Baseload,FixedFlat,-1044394.7158000257,1044394.7158000257,443211.70184176316,65.0,0.7402412269047481,-717894.1259277039,-326500.5898723218,54,price,Baseload / FixedFlat
Baseload,FixedEscalated,803041.3890990041,-803041.3890990041,443211.70184176316,71.1737960547356,0.7402412269047481,1326337.8353640032,-523296.4462649991,54,price,Baseload / FixedEscalated
Baseload,IndexedWithFloorCap,-131010.07565095101,131010.07565095101,443211.70184176316,67.06584660135188,0.7402412269047481,-33862.84077210539,-97147.23487884563,54,price,Baseload / IndexedWithFloorCap
Baseload,Floating,0.0,-0.0,443211.70184176316,67.16811595077975,0.7402412269047481,0.0,0.0,54,price,Baseload / Floating
PayAsProduced,FixedFlat,4662290.055592898,-4662290.055592898,443211.7018417634,65.00000000000001,0.7408862223902446,5036030.305472494,-373740.2498795958,55,price,PayAsProduced / FixedFlat
PayAsProduced,FixedEscalated,6492934.157382086,-6492934.157382086,443211.7018417634,71.101113138445,0.7408862223902446,7056195.916142335,-563261.7587602492,55,price,PayAsProduced / FixedEscalated
PayAsProduced,IndexedWithFloorCap,2835534.673513018,-2835534.673513018,443211.7018417634,59.041338169548034,0.7408862223902446,3063032.355370862,-227497.68185784388,55,price,PayAsProduced / IndexedWithFloorCap
PayAsProduced,Floating,0.0,-0.0,443211.7018417634,49.79065750845175,0.7408862223902446,0.0,0.0,55,price,PayAsProduced / Floating
PayAsNominated,FixedFlat,1653469.1579572153,-1653469.1579572153,443211.70184176345,65.0,0.7408862223902446,1966705.8082911922,-313236.65033397684,55,price,PayAsNominated / FixedFlat
PayAsNominated,FixedEscalated,3484136.966705897,-3484136.966705897,443211.70184176345,71.101113138445,0.7408862223902446,3986871.4189610383,-502734.45225514146,55,price,PayAsNominated / FixedEscalated
PayAsNominated,IndexedWithFloorCap,563379.3490850285,-563379.3490850285,443211.70184176345,61.14695420660442,0.7408862223902446,690907.3709362462,-127528.02185121772,55,price,PayAsNominated / IndexedWithFloorCap
PayAsNominated,Floating,0.0,-0.0,443211.70184176345,59.06034110122148,0.7408862223902446,0.0,0.0,55,price,PayAsNominated / Floating
Baseload,FixedFlat,-1052102.9349532283,1052102.9349532283,443211.70184176316,65.0,0.7408862223902446,-729838.3340057804,-322264.60094744794,55,price,Baseload / FixedFlat
Baseload,FixedEscalated,795333.1699458007,-795333.1699458007,443211.70184176316,71.1737960547356,0.7408862223902446,1314393.627285927,-519060.4573401264,55,price,Baseload / FixedEscalated
Baseload,IndexedWithFloorCap,-131793.5446822921,131793.5446822921,443211.70184176316,67.09178391193109,0.7408862223902446,-37218.83524450253,-94574.70943778957,55,price,Baseload / IndexedWithFloorCap
Baseload,Floating,0.0,-0.0,443211.70184176316,67.20418871850165,0.7408862223902446,0.0,0.0,55,price,Baseload / Floating
PayAsProduced,FixedFlat,4656306.908545826,-4656306.908545826,443211.7018417634,65.00000000000001,0.7405217785835861,5036809.999741699,-380503.091195873,56,price,PayAsProduced / FixedFlat
PayAsProduced,FixedEscalated,6486951.010335013,-6486951.010335013,443211.7018417634,71.101113138445,0.7405217785835861,7056975.61041154,-570024.6000765264,56,price,PayAsProduced / FixedEscalated
PayAsProduced,IndexedWithFloorCap,2836335.404206337,-2836335.404206337,443211.7018417634,59.068435488827475,0.7405217785835861,3072784.3586773677,-236448.95447103074,56,price,PayAsProduced / IndexedWithFloorCap
PayAsProduced,Floating,0.0,-0.0,443211.7018417634,49.788302749552436,0.7405217785835861,0.0,0.0,56,price,PayAsProduced / Floating
PayAsNominated,FixedFlat,1645619.9619907825,-1645619.9619907825,443211.70184176345,65.0,0.7405217785835861,1963006.058427347,-317386.0964365646,56,price,PayAsNominated / FixedFlat
PayAsNominated,FixedEscalated,3476287.7707394646,-3476287.7707394646,443211.70184176345,71.101113138445,0.7405217785835861,3983171.669097193,-506883.8983577285,56,price,PayAsNominated / FixedEscalated
PayAsNominated,IndexedWithFloorCap,565415.5705614064,-565415.5705614064,443211.70184176345,61.17679974775894,0.7405217785835861,697089.9055841031,-131674.33502269664,56,price,PayAsNominated / IndexedWithFloorCap
PayAsNominated,Floating,0.0,-0.0,443211.70184176345,59.07151473588987,0.7405217785835861,0.0,0.0,56,price,PayAsNominated / Floating
Baseload,FixedFlat,-1065821.1337884746,1065821.1337884746,443211.70184176316,65.0,0.7405217785835861,-739736.768299493,-326084.3654889816,56,price,Baseload / FixedFlat
Baseload,FixedEscalated,781614.9711105546,-781614.9711105546,443211.70184176316,71.1737960547356,0.7405217785835861,1304495.192992214,-522880.22188165947,56,price,Baseload / FixedEscalated
Baseload,IndexedWithFloorCap,-130011.9101262344,130011.9101262344,443211.70184176316,67.13426218575937,0.7405217785835861,-33052.10699471579,-96959.80313151862,56,price,Baseload / IndexedWithFloorCap
Baseload,Floating,0.0,-0.0,443211.70184176316,67.23408303370059,0.7405217785835861,0.0,0.0,56,price,Baseload / Floating
PayAsProduced,FixedFlat,4673772.574696733,-4673772.574696733,443211.7018417634,65.00000000000001,0.7397557596147983,5049700.30080262,-375927.72610588744,57,price,PayAsProduced / FixedFlat
PayAsProduced,FixedEscalated,6504416.676485918,-6504416.676485918,443211.7018417634,71.101113138445,0.7397557596147983,7069865.911472461,-565449.2349865427,57,price,PayAsProduced / FixedEscalated
PayAsProduced,IndexedWithFloorCap,2856200.566368629,-2856200.566368629,443211.7018417634,59.07416109778371,0.7397557596147983,3087570.490556544,-231369.92418791493,57,price,PayAsProduced / IndexedWithFloorCap
PayAsProduced,Floating,0.0,-0.0,443211.7018417634,49.749372681271936,0.7397557596147983,0.0,0.0,57,price,PayAsProduced / Floating
PayAsNominated,FixedFlat,1653692.768520117,-1653692.768520117,443211.70184176345,65.0,0.7397557596147983,1968291.1285510256,-314598.3600309086,57,price,PayAsNominated / FixedFlat
PayAsNominated,FixedEscalated,3484360.5772687998,-3484360.5772687998,443211.70184176345,71.101113138445,0.7397557596147983,3988456.7392208716,-504096.1619520718,57,price,PayAsNominated / FixedEscalated
PayAsNominated,IndexedWithFloorCap,573409.4112802569,-573409.4112802569,443211.70184176345,61.17646358202578,0.7397557596147983,702263.6664371282,-128854.25515687128,57,price,PayAsNominated / IndexedWithFloorCap
PayAsNominated,Floating,0.0,-0.0,443211.70184176345,59.055553266890065,0.7397557596147983,0.0,0.0,57,price,PayAsNominated / Floating
Baseload,FixedFlat,-1068940.70402771,1068940.70402771,443211.70184176316,65.0,0.7397557596147983,-745364.2188982029,-323576.48512950714,57,price,Baseload / FixedFlat
Baseload,FixedEscalated,778495.4008713195,-778495.4008713195,443211.70184176316,71.1737960547356,0.7397557596147983,1298867.7423935044,-520372.3415221849,57,price,Baseload / FixedEscalated
Baseload,IndexedWithFloorCap,-125298.09754656887,125298.09754656887,443211.70184176316,67.16050887540696,0.7397557596147983,-29988.904163991887,-95309.19338257698,57,price,Baseload / IndexedWithFloorCap
Baseload,Floating,0.0,-0.0,443211.70184176316,67.25107852783354,0.7397557596147983,0.0,0.0,57,price,Baseload / Floating
PayAsProduced,FixedFlat,4606719.435966923,-4606719.435966923,443211.7018417634,65.00000000000001,0.742566175719626,4974855.984899347,-368136.5489324238,58,price,PayAsProduced / FixedFlat
PayAsProduced,FixedEscalated,6437363.53775611,-6437363.53775611,443211.7018417634,71.101113138445,0.742566175719626,6995021.595569187,-557658.0578130772,58,price,PayAsProduced / FixedEscalated
PayAsProduced,IndexedWithFloorCap,2797441.7916292553,-2797441.7916292553,443211.7018417634,59.10745060153934,0.742566175719626,3023748.8043205733,-226307.01269131806,58,price,PayAsProduced / IndexedWithFloorCap
PayAsProduced,Floating,0.0,-0.0,443211.7018417634,49.97541040643843,0.742566175719626,0.0,0.0,58,price,PayAsProduced / Floating
PayAsNominated,FixedFlat,1638387.5707754756,-1638387.5707754756,443211.70184176345,65.0,0.742566175719626,1950556.0063926035,-312168.4356171279,58,price,PayAsNominated / FixedFlat
PayAsNominated,FixedEscalated,3469055.3795241574,-3469055.3795241574,443211.70184176345,71.101113138445,0.742566175719626,3970721.6170624495,-501666.2375382921,58,price,PayAsNominated / FixedEscalated
PayAsNominated,IndexedWithFloorCap,554571.5772816396,-554571.5772816396,443211.70184176345,61.16988667344884,0.742566175719626,682350.8360097135,-127779.25872807391,58,price,PayAsNominated / IndexedWithFloorCap
PayAsNominated,Floating,0.0,-0.0,443211.70184176345,59.10911520569408,0.742566175719626,0.0,0.0,58,price,PayAsNominated / Floating
Baseload,FixedFlat,-1083396.6382985665,1083396.6382985665,443211.70184176316,65.0,0.742566175719626,-761877.9735881753,-321518.6647103912,58,price,Baseload / FixedFlat
Baseload,FixedEscalated,764039.4666004628,-764039.4666004628,443211.70184176316,71.1737960547356,0.742566175719626,1282353.987703532,-518314.5211030692,58,price,Baseload / FixedEscalated
Baseload,IndexedWithFloorCap,-141147.31172873406,141147.31172873406,443211.70184176316,67.15917595666652,0.742566175719626,-46944.00726697704,-94203.30446175701,58,price,Baseload / IndexedWithFloorCap
Baseload,Floating,0.0,-0.0,443211.70184176316,67.30095180810913,0.742566175719626,0.0,0.0,58,price,Baseload / Floating
PayAsProduced,FixedFlat,4690030.484931616,-4690030.484931616,443211.7018417634,65.00000000000001,0.7388404634941453,5071113.753988466,-381083.2690568501,59,price,PayAsProduced / FixedFlat
PayAsProduced,FixedEscalated,6520674.586720804,-6520674.586720804,443211.7018417634,71.101113138445,0.7388404634941453,7091279.364658306,-570604.7779375026,59,price,PayAsProduced / FixedEscalated
PayAsProduced,IndexedWithFloorCap,2867819.723088723,-2867819.723088723,443211.7018417634,59.05145621198542,0.7388404634941453,3101466.032101829,-233646.30901310593,59,price,PayAsProduced / IndexedWithFloorCap
PayAsProduced,Floating,0.0,-0.0,443211.7018417634,49.6847017949438,0.7388404634941453,0.0,0.0,59,price,PayAsProduced / Floating
PayAsNominated,FixedFlat,1653164.80537971,-1653164.80537971,443211.70184176345,65.0,0.7388404634941453,1969699.994261588,-316535.18888187804,59,price,PayAsNominated / FixedFlat
PayAsNominated,FixedEscalated,3483832.614128392,-3483832.614128392,443211.70184176345,71.101113138445,0.7388404634941453,3989865.604931434,-506032.99080304196,59,price,PayAsNominated / FixedEscalated
PayAsNominated,IndexedWithFloorCap,577542.4941915697,-577542.4941915697,443211.70184176345,61.18901917375636,0.7388404634941453,707829.8677125548,-130287.37352098501,59,price,PayAsNominated / IndexedWithFloorCap
PayAsNominated,Floating,0.0,-0.0,443211.70184176345,59.05129834390176,0.7388404634941453,0.0,0.0,59,price,PayAsNominated / Floating
Baseload,FixedFlat,-1066517.1575709044,1066517.1575709044,443211.70184176316,65.0,0.7388404634941453,-743967.6658725989,-322549.4916983055,59,price,Baseload / FixedFlat
Baseload,FixedEscalated,780918.9473281251,-780918.9473281251,443211.70184176316,71.1737960547356,0.7388404634941453,1300264.2954191084,-519345.3480909832,59,price,Baseload / FixedEscalated
Baseload,IndexedWithFloorCap,-127267.03429586007,127267.03429586007,443211.70184176316,67.15211028471454,0.7388404634941453,-31373.244347532356,-95893.78994832771,59,price,Baseload / IndexedWithFloorCap
Baseload,Floating,0.0,-0.0,443211.70184176316,67.24686079045199,0.7388404634941453,0.0,0.0,59,price,Baseload / Floating
PayAsProduced,FixedFlat,4664309.547005215,-4664309.547005215,443211.7018417634,65.00000000000001,0.7409753130479012,5032850.606242995,-368541.05923778005,60,price,PayAsProduced / FixedFlat
PayAsProduced,FixedEscalated,6494953.648794402,-6494953.648794402,443211.7018417634,71.101113138445,0.7409753130479012,7053016.216912836,-558062.5681184335,60,price,PayAsProduced / FixedEscalated
PayAsProduced,IndexedWithFloorCap,2852569.9704372296,-2852569.9704372296,443211.7018417634,59.09303605822135,0.7409753130479012,3076970.5647052894,-224400.59426805982,60,price,PayAsProduced / IndexedWithFloorCap
PayAsProduced,Floating,0.0,-0.0,443211.7018417634,49.800260535373376,0.7409753130479012,0.0,0.0,60,price,PayAsProduced / Floating
PayAsNominated,FixedFlat,1667968.9483900853,-1667968.9483900853,443211.70184176345,65.0,0.7409753130479012,1976608.055988652,-308639.1075985667,60,price,PayAsNominated / FixedFlat
PayAsNominated,FixedEscalated,3498636.757138768,-3498636.757138768,443211.70184176345,71.101113138445,0.7409753130479012,3996773.666658498,-498136.90951972967,60,price,PayAsNominated / FixedEscalated
PayAsNominated,IndexedWithFloorCap,576485.0000798607,-576485.0000798607,443211.70184176345,61.154016856246365,0.7409753130479012,703148.1626998638,-126663.1626200031,60,price,PayAsNominated / IndexedWithFloorCap
PayAsNominated,Floating,0.0,-0.0,443211.70184176345,59.03043526914117,0.7409753130479012,0.0,0.0,60,price,PayAsNominated / Floating
Baseload,FixedFlat,-1049059.8097556164,1049059.8097556164,443211.70184176316,65.0,0.7409753130479012,-731454.0831652789,-317605.72659033746,60,price,Baseload / FixedFlat
Baseload,FixedEscalated,798376.2951434136,-798376.2951434136,443211.70184176316,71.1737960547356,0.7409753130479012,1312777.8781264285,-514401.5829830149,60,price,Baseload / FixedEscalated
Baseload,IndexedWithFloorCap,-124773.31497513998,124773.31497513998,443211.70184176316,67.11566337299426,0.7409753130479012,-30927.75413442676,-93845.56084071321,60,price,Baseload / IndexedWithFloorCap
Baseload,Floating,0.0,-0.0,443211.70184176316,67.2090684513183,0.7409753130479012,0.0,0.0,60,price,Baseload / Floating
PayAsProduced,FixedFlat,4676460.673410587,-4676460.673410587,443211.7018417634,65.00000000000001,0.7406484511568524,5051984.129136309,-375523.455725722,61,price,PayAsProduced / FixedFlat
PayAsProduced,FixedEscalated,6507104.775199775,-6507104.775199775,443211.7018417634,71.101113138445,0.7406484511568524,7072149.73980615,-565044.9646063754,61,price,PayAsProduced / FixedEscalated
PayAsProduced,IndexedWithFloorCap,2847854.5325442916,-2847854.5325442916,443211.7018417634,59.04257380353421,0.7406484511568524,3079395.3150774953,-231540.78253320372,61,price,PayAsProduced / IndexedWithFloorCap
PayAsProduced,Floating,0.0,-0.0,443211.7018417634,49.742475278910945,0.7406484511568524,0.0,0.0,61,price,PayAsProduced / Floating
PayAsNominated,FixedFlat,1677748.0620716335,-1677748.0620716335,443211.70184176345,65.0,0.7406484511568524,1996282.884630245,-318534.8225586114,61,price,PayAsNominated / FixedFlat
PayAsNominated,FixedEscalated,3508415.870820316,-3508415.870820316,443211.70184176345,71.101113138445,0.7406484511568524,4016448.4953000904,-508032.6244797744,61,price,PayAsNominated / FixedEscalated
PayAsNominated,IndexedWithFloorCap,576744.5708301062,-576744.5708301062,443211.70184176345,61.106383043157294,0.7406484511568524,707050.7561896031,-130306.18535949697,61,price,PayAsNominated / IndexedWithFloorCap
PayAsNominated,Floating,0.0,-0.0,443211.70184176345,58.97101521224689,0.7406484511568524,0.0,0.0,61,price,PayAsNominated / Floating
Baseload,FixedFlat,-1042177.9602876274,1042177.9602876274,443211.70184176316,65.0,0.7406484511568524,-715441.6590739003,-326736.3012137271,61,price,Baseload / FixedFlat
Baseload,FixedEscalated,805258.1446114021,-805258.1446114021,443211.70184176316,71.1737960547356,0.7406484511568524,1328790.302217807,-523532.15760640486,61,price,Baseload / FixedEscalated
Baseload,IndexedWithFloorCap,-123209.37189172782,123209.37189172782,443211.70184176316,67.0798791896251,0.7406484511568524,-26763.983724416285,-96445.38816731152,61,price,Baseload / IndexedWithFloorCap
Baseload,Floating,0.0,-0.0,443211.70184176316,67.16070924230777,0.7406484511568524,0.0,0.0,61,price,Baseload / Floating
PayAsProduced,FixedFlat,4713324.631436639,-4713324.631436639,443211.7018417634,65.00000000000001,0.7402426169144412,5083184.035027249,-369859.4035906093,62,price,PayAsProduced / FixedFlat
PayAsProduced,FixedEscalated,6543968.733225825,-6543968.733225825,443211.7018417634,71.101113138445,0.7402426169144412,7103349.645697089,-559380.9124712637,62,price,PayAsProduced / FixedEscalated
PayAsProduced,IndexedWithFloorCap,2859490.943095419,-2859490.943095419,443211.7018417634,58.97088871420151,0.7402426169144412,3086859.265089302,-227368.32199388277,62,price,PayAsProduced / IndexedWithFloorCap
PayAsProduced,Floating,0.0,-0.0,443211.7018417634,49.64824827358818,0.7402426169144412,0.0,0.0,62,price,PayAsProduced / Floating
PayAsNominated,FixedFlat,1699187.9221357468,-1699187.9221357468,443211.70184176345,65.0,0.7402426169144412,2012148.0290973515,-312960.1069616047,62,price,PayAsNominated / FixedFlat
PayAsNominated,FixedEscalated,3529855.730884429,-3529855.730884429,443211.70184176345,71.101113138445,0.7402426169144412,4032313.639767197,-502457.9088827679,62,price,PayAsNominated / FixedEscalated
PayAsNominated,IndexedWithFloorCap,578364.37942106,-578364.37942106,443211.70184176345,61.05667819197712,0.7402426169144412,706457.9152433721,-128093.53582231211,62,price,PayAsNominated / IndexedWithFloorCap
PayAsNominated,Floating,0.0,-0.0,443211.70184176345,58.92310080322995,0.7402426169144412,0.0,0.0,62,price,PayAsNominated / Floating
Baseload,FixedFlat,-1011505.0846219849,1011505.0846219849,443211.70184176316,65.0,0.7402426169144412,-685485.2412260906,-326019.8433958943,62,price,Baseload / FixedFlat
Baseload,FixedEscalated,835931.0202770447,-835931.0202770447,443211.70184176316,71.1737960547356,0.7402426169144412,1358746.7200656168,-522815.69978857203,62,price,Baseload / FixedEscalated
Baseload,IndexedWithFloorCap,-122323.38754946992,122323.38754946992,443211.70184176316,66.98820412046418,0.7402426169144412,-27162.48929339935,-95160.89825607056,62,price,Baseload / IndexedWithFloorCap
Baseload,Floating,0.0,-0.0,443211.70184176316,67.07023770198123,0.7402426169144412,0.0,0.0,62,price,Baseload / Floating
PayAsProduced,FixedFlat,4704224.933025701,-4704224.933025701,443211.7018417634,65.00000000000001,0.739679841421415,5080759.4244579235,-376534.49143222254,63,price,PayAsProduced / FixedFlat
PayAsProduced,FixedEscalated,6534869.034814887,-6534869.034814887,443211.7018417634,71.101113138445,0.739679841421415,7100925.0351277655,-566056.0003128788,63,price,PayAsProduced / FixedEscalated
PayAsProduced,IndexedWithFloorCap,2878763.6142796436,-2878763.6142796436,443211.7018417634,59.049039800397786,0.739679841421415,3110311.5942173223,-231547.97993767867,63,price,PayAsProduced / IndexedWithFloorCap
PayAsProduced,Floating,0.0,-0.0,443211.7018417634,49.65557085314403,0.739679841421415,0.0,0.0,63,price,PayAsProduced / Floating
PayAsNominated,FixedFlat,1680781.4135930454,-1680781.4135930454,443211.70184176345,65.0,0.739679841421415,1996197.2500001565,-315415.836407111,63,price,PayAsNominated / FixedFlat
PayAsNominated,FixedEscalated,3511449.2223417275,-3511449.2223417275,443211.70184176345,71.101113138445,0.739679841421415,4016362.8606700026,-504913.6383282752,63,price,PayAsNominated / FixedEscalated
PayAsNominated,IndexedWithFloorCap,575625.9493233755,-575625.9493233755,443211.70184176345,61.10090484634783,0.739679841421415,705151.2124331257,-129525.26310975023,63,price,PayAsNominated / IndexedWithFloorCap
PayAsNominated,Floating,0.0,-0.0,443211.70184176345,58.97127383785856,0.739679841421415,0.0,0.0,63,price,PayAsNominated / Floating
Baseload,FixedFlat,-1029082.4116140008,1029082.4116140008,443211.70184176316,65.0,0.739679841421415,-705659.7528590426,-323422.6587549582,63,price,Baseload / FixedFlat
Baseload,FixedEscalated,818353.6932850288,-818353.6932850288,443211.70184176316,71.1737960547356,0.739679841421415,1338572.2084326646,-520218.51514763583,63,price,Baseload / FixedEscalated
Baseload,IndexedWithFloorCap,-122748.64318269765,122748.64318269765,443211.70184176316,67.04988848360193,0.739679841421415,-26912.42818047882,-95836.21500221883,63,price,Baseload / IndexedWithFloorCap
Baseload,Floating,0.0,-0.0,443211.70184176316,67.13116685419301,0.739679841421415,0.0,0.0,63,price,Baseload / Floating
PayAsProduced,FixedFlat,4670315.748105432,-4670315.748105432,443211.7018417634,65.00000000000001,0.7410739840206539,5054157.318351946,-383841.57024651393,64,price,PayAsProduced / FixedFlat
PayAsProduced,FixedEscalated,6500959.84989462,-6500959.84989462,443211.7018417634,71.101113138445,0.7410739840206539,7074322.929021787,-573363.0791271674,64,price,PayAsProduced / FixedEscalated
PayAsProduced,IndexedWithFloorCap,2836912.7771360166,-2836912.7771360166,443211.7018417634,59.01107234401251,0.7410739840206539,3071137.921583454,-234225.1444474375,64,price,PayAsProduced / IndexedWithFloorCap
PayAsProduced,Floating,0.0,-0.0,443211.7018417634,49.735912018351605,0.7410739840206539,0.0,0.0,64,price,PayAsProduced / Floating
PayAsNominated,FixedFlat,1682440.9318843326,-1682440.9318843326,443211.70184176345,65.0,0.7410739840206539,2007014.3037568799,-324573.3718725473,64,price,PayAsNominated / FixedFlat
PayAsNominated,FixedEscalated,3513108.740633015,-3513108.740633015,443211.70184176345,71.101113138445,0.7410739840206539,4027179.914426726,-514071.17379371077,64,price,PayAsNominated / FixedEscalated
PayAsNominated,IndexedWithFloorCap,574718.5609967622,-574718.5609967622,443211.70184176345,61.074645131473474,0.7410739840206539,707273.2999219899,-132554.73892522766,64,price,PayAsNominated / IndexedWithFloorCap
PayAsNominated,Floating,0.0,-0.0,443211.70184176345,58.93860519502758,0.7410739840206539,0.0,0.0,64,price,PayAsNominated / Floating
Baseload,FixedFlat,-1031916.9911494199,1031916.9911494199,443211.70184176316,65.0,0.7410739840206539,-699739.9429431142,-332177.0482063057,64,price,Baseload / FixedFlat
Baseload,FixedEscalated,815519.1137496096,-815519.1137496096,443211.70184176316,71.1737960547356,0.7410739840206539,1344492.018348593,-528972.9045989835,64,price,Baseload / FixedEscalated
Baseload,IndexedWithFloorCap,-123655.0682142106,123655.0682142106,443211.70184176316,67.03410669862038,0.7410739840206539,-26218.192446059653,-97436.87576815095,64,price,Baseload / IndexedWithFloorCap
Baseload,Floating,0.0,-0.0,443211.70184176316,67.11328840409743,0.7410739840206539,0.0,0.0,64,price,Baseload / Floating
PayAsProduced,FixedFlat,4648532.552107858,-4648532.552107858,443211.7018417634,65.00000000000001,0.7412413429853492,5025113.101714716,-376580.54960685875,65,price,PayAsProduced / FixedFlat
PayAsProduced,FixedEscalated,6479176.653897044,-6479176.653897044,443211.7018417634,71.101113138445,0.7412413429853492,7045278.712384556,-566102.0584875122,65,price,PayAsProduced / FixedEscalated
PayAsProduced,IndexedWithFloorCap,2831443.3400403084,-2831443.3400403084,443211.7018417634,59.06882139817397,0.7412413429853492,3061215.240741153,-229771.90070084436,65,price,PayAsProduced / IndexedWithFloorCap
PayAsProduced,Floating,0.0,-0.0,443211.7018417634,49.82362861484514,0.7412413429853492,0.0,0.0,65,price,PayAsProduced / Floating
PayAsNominated,FixedFlat,1657516.1080855068,-1657516.1080855068,443211.70184176345,65.0,0.7412413429853492,1969744.655327149,-312228.54724164214,65,price,PayAsNominated / FixedFlat
PayAsNominated,FixedEscalated,3488183.9168341886,-3488183.9168341886,443211.70184176345,71.101113138445,0.7412413429853492,3989910.2659969945,-501726.3491628058,65,price,PayAsNominated / FixedEscalated
PayAsNominated,IndexedWithFloorCap,567927.5023207774,-567927.5023207774,443211.70184176345,61.15524282575736,0.7412413429853492,696690.6980355543,-128763.19571477687,65,price,PayAsNominated / IndexedWithFloorCap
PayAsNominated,Floating,0.0,-0.0,443211.70184176345,59.05116346277497,0.7412413429853492,0.0,0.0,65,price,PayAsNominated / Floating
Baseload,FixedFlat,-1052279.023941459,1052279.023941459,443211.70184176316,65.0,0.7412413429853492,-733905.7891334444,-318373.2348080145,65,price,Baseload / FixedFlat
Baseload,FixedEscalated,795157.0809575706,-795157.0809575706,443211.70184176316,71.1737960547356,0.7412413429853492,1310326.1721582627,-515169.0912006921,65,price,Baseload / FixedEscalated
Baseload,IndexedWithFloorCap,-127282.70612807985,127282.70612807985,443211.70184176316,67.11706664961925,0.7412413429853492,-32914.81519014404,-94367.89093793581,65,price,Baseload / IndexedWithFloorCap
Baseload,Floating,0.0,-0.0,443211.70184176316,67.21647286183543,0.7412413429853492,0.0,0.0,65,price,Baseload / Floating
PayAsProduced,FixedFlat,4693249.34635809,-4693249.34635809,443211.7018417634,65.00000000000001,0.7400249411260434,5068591.111829081,-375341.7654709909,66,price,PayAsProduced / FixedFlat
PayAsProduced,FixedEscalated,6523893.448147276,-6523893.448147276,443211.7018417634,71.101113138445,0.7400249411260434,7088756.722498922,-564863.2743516453,66,price,PayAsProduced / FixedEscalated
PayAsProduced,IndexedWithFloorCap,2866903.1613613153,-2866903.1613613153,443211.7018417634,59.053274964474475,0.7400249411260434,3099545.6048414866,-232642.44348017126,66,price,PayAsProduced / IndexedWithFloorCap
PayAsProduced,Floating,0.0,-0.0,443211.7018417634,49.692320440237495,0.7400249411260434,0.0,0.0,66,price,PayAsProduced / Floating
PayAsNominated,FixedFlat,1674073.7359577366,-1674073.7359577366,443211.70184176345,65.0,0.7400249411260434,1991461.6836096598,-317387.94765192317,66,price,PayAsNominated / FixedFlat
PayAsNominated,FixedEscalated,3504741.544706419,-3504741.544706419,443211.70184176345,71.101113138445,0.7400249411260434,4011627.2942795055,-506885.7495730864,66,price,PayAsNominated / FixedEscalated
PayAsNominated,IndexedWithFloorCap,584821.3906594296,-584821.3906594296,443211.70184176345,61.146620691994436,0.7400249411260434,715552.81480877,-130731.42414934037,66,price,PayAsNominated / IndexedWithFloorCap
PayAsNominated,Floating,0.0,-0.0,443211.70184176345,58.98557574764776,0.7400249411260434,0.0,0.0,66,price,PayAsNominated / Floating
Baseload,FixedFlat,-1037718.4713053578,1037718.4713053578,443211.70184176316,65.0,0.7400249411260434,-711737.1241226996,-325981.34718265815,66,price,Baseload / FixedFlat
Baseload,FixedEscalated,809717.6335936718,-809717.6335936718,443211.70184176316,71.1737960547356,0.7400249411260434,1332494.8371690076,-522777.2035753358,66,price,Baseload / FixedEscalated
Baseload,IndexedWithFloorCap,-115290.29283409749,115290.29283409749,443211.70184176316,67.0935184231932,0.7400249411260434,-18543.303934572166,-96746.98889952533,66,price,Baseload / IndexedWithFloorCap
Baseload,Floating,0.0,-0.0,443211.70184176316,67.14952115617106,0.7400249411260434,0.0,0.0,66,price,Baseload / Floating
PayAsProduced,FixedFlat,4627484.909394518,-4627484.909394518,443211.7018417634,65.00000000000001,0.740740021209771,5009973.776316663,-382488.8669221457,67,price,PayAsProduced / FixedFlat
PayAsProduced,FixedEscalated,6458129.011183704,-6458129.011183704,443211.7018417634,71.101113138445,0.740740021209771,7030139.386986504,-572010.3758028001,67,price,PayAsProduced / FixedEscalated
PayAsProduced,IndexedWithFloorCap,2826990.1195729235,-2826990.1195729235,443211.7018417634,59.11217604200704,0.740740021209771,3060431.256499213,-233441.13692628965,67,price,PayAsProduced / IndexedWithFloorCap
PayAsProduced,Floating,0.0,-0.0,443211.7018417634,49.8693509737475,0.740740021209771,0.0,0.0,67,price,PayAsProduced / Floating
PayAsNominated,FixedFlat,1627599.2908201853,-1627599.2908201853,443211.70184176345,65.0,0.740740021209771,1948078.5521174844,-320479.26129729906,67,price,PayAsNominated / FixedFlat
PayAsNominated,FixedEscalated,3458267.099568867,-3458267.099568867,443211.70184176345,71.101113138445,0.740740021209771,3968244.1627873303,-509977.0632184632,67,price,PayAsNominated / FixedEscalated
PayAsNominated,IndexedWithFloorCap,559492.489632399,-559492.489632399,443211.70184176345,61.19974921000574,0.740740021209771,689761.2936665129,-130268.80403411388,67,price,PayAsNominated / IndexedWithFloorCap
PayAsNominated,Floating,0.0,-0.0,443211.70184176345,59.116597378812955,0.740740021209771,0.0,0.0,67,price,PayAsNominated / Floating
Baseload,FixedFlat,-1100255.4362537242,1100255.4362537242,443211.70184176316,65.0,0.740740021209771,-769406.6519551431,-330848.7842985811,67,price,Baseload / FixedFlat
Baseload,FixedEscalated,747180.6686453058,-747180.6686453058,443211.70184176316,71.1737960547356,0.740740021209771,1274825.3093365643,-527644.6406912585,67,price,Baseload / FixedEscalated
Baseload,IndexedWithFloorCap,-136389.10516764308,136389.10516764308,443211.70184176316,67.20267262098989,0.740740021209771,-40070.31946715068,-96318.7857004924,67,price,Baseload / IndexedWithFloorCap
Baseload,Floating,0.0,-0.0,443211.70184176316,67.32368921055635,0.740740021209771,0.0,0.0,67,price,Baseload / Floating
PayAsProduced,FixedFlat,4605521.342582356,-4605521.342582356,443211.7018417634,65.00000000000001,0.7434123334860873,4988489.8727756785,-382968.53019332234,68,price,PayAsProduced / FixedFlat
PayAsProduced,FixedEscalated,6436165.444371544,-6436165.444371544,443211.7018417634,71.101113138445,0.7434123334860873,7008655.483445519,-572490.0390739748,68,price,PayAsProduced / FixedEscalated
PayAsProduced,IndexedWithFloorCap,2803019.5454105656,-2803019.5454105656,443211.7018417634,59.10894097963173,0.7434123334860873,3037876.177647973,-234856.63223740738,68,price,PayAsProduced / IndexedWithFloorCap
PayAsProduced,Floating,0.0,-0.0,443211.7018417634,49.934234627576025,0.7434123334860873,0.0,0.0,68,price,PayAsProduced / Floating
PayAsNominated,FixedFlat,1638941.8525414169,-1638941.8525414169,443211.70184176345,65.0,0.7434123334860873,1961546.3566292461,-322604.50408782926,68,price,PayAsNominated / FixedFlat
PayAsNominated,FixedEscalated,3469609.661290099,-3469609.661290099,443211.70184176345,71.101113138445,0.7434123334860873,3981711.9672990916,-512102.3060089927,68,price,PayAsNominated / FixedEscalated
PayAsNominated,IndexedWithFloorCap,555411.9041096601,-555411.9041096601,443211.70184176345,61.148866453526665,0.7434123334860873,686381.0915141468,-130969.1874044867,68,price,PayAsNominated / IndexedWithFloorCap
PayAsNominated,Floating,0.0,-0.0,443211.70184176345,59.075923189222394,0.7434123334860873,0.0,0.0,68,price,PayAsNominated / Floating
Baseload,FixedFlat,-1050250.9572370967,1050250.9572370967,443211.70184176316,65.0,0.7434123334860873,-718174.1977823789,-332076.75945471786,68,price,Baseload / FixedFlat
Baseload,FixedEscalated,797185.1476619331,-797185.1476619331,443211.70184176316,71.1737960547356,0.7434123334860873,1326057.7635093285,-528872.6158473954,68,price,Baseload / FixedEscalated
Baseload,IndexedWithFloorCap,-135015.4277777587,135015.4277777587,443211.70184176316,67.05280633861605,0.7434123334860873,-38460.72967675773,-96554.69810100098,68,price,Baseload / IndexedWithFloorCap
Baseload,Floating,0.0,-0.0,443211.70184176316,67.16896179730998,0.7434123334860873,0.0,0.0,68,price,Baseload / Floating
PayAsProduced,FixedFlat,4642400.419718364,-4642400.419718364,443211.7018417634,65.00000000000001,0.7416097293008519,5023453.671682345,-381053.2519639805,69,price,PayAsProduced / FixedFlat
PayAsProduced,FixedEscalated,6473044.52150755,-6473044.52150755,443211.7018417634,71.101113138445,0.7416097293008519,7043619.282352187,-570574.7608446367,69,price,PayAsProduced / FixedEscalated
PayAsProduced,IndexedWithFloorCap,2846482.716041692,-2846482.716041692,443211.7018417634,59.12136952006336,0.7416097293008519,3076955.2436216585,-230472.52757996647,69,price,PayAsProduced / IndexedWithFloorCap
PayAsProduced,Floating,0.0,-0.0,443211.7018417634,49.828640268503314,0.7416097293008519,0.0,0.0,69,price,PayAsProduced / Floating
PayAsNominated,FixedFlat,1663596.6642611576,-1663596.6642611576,443211.70184176345,65.0,0.7416097293008519,1985159.7068369612,-321563.0425758036,69,price,PayAsNominated / FixedFlat
PayAsNominated,FixedEscalated,3494264.4730098397,-3494264.4730098397,443211.70184176345,71.101113138445,0.7416097293008519,4005325.317506807,-511060.8444969673,69,price,PayAsNominated / FixedEscalated
PayAsNominated,IndexedWithFloorCap,578207.999766202,-578207.999766202,443211.70184176345,61.14327507220784,0.7416097293008519,708143.05558951,-129935.05582330807,69,price,PayAsNominated / IndexedWithFloorCap
PayAsNominated,Floating,0.0,-0.0,443211.70184176345,59.00460838194418,0.7416097293008519,0.0,0.0,69,price,PayAsNominated / Floating
Baseload,FixedFlat,-1054989.7354977697,1054989.7354977697,443211.70184176316,65.0,0.7416097293008519,-725087.8107599566,-329901.92473781307,69,price,Baseload / FixedFlat
Baseload,FixedEscalated,792446.36940126,-792446.36940126,443211.70184176316,71.1737960547356,0.7416097293008519,1319144.1505317506,-526697.7811304906,69,price,Baseload / FixedEscalated
Baseload,IndexedWithFloorCap,-125791.55052037217,125791.55052037217,443211.70184176316,67.09979397231852,0.7416097293008519,-29816.066717056656,-95975.48380331551,69,price,Baseload / IndexedWithFloorCap
Baseload,Floating,0.0,-0.0,443211.70184176316,67.18984163743241,0.7416097293008519,0.0,0.0,69,price,Baseload / Floating
PayAsProduced,FixedFlat,4677889.699575099,-4677889.699575099,443211.7018417634,65.00000000000001,0.7396066706330234,5066378.396254935,-388488.69667983614,70,price,PayAsProduced / FixedFlat
PayAsProduced,FixedEscalated,6508533.801364287,-6508533.801364287,443211.7018417634,71.101113138445,0.7396066706330234,7086544.006924775,-578010.2055604886,70,price,PayAsProduced / FixedEscalated
PayAsProduced,IndexedWithFloorCap,2855143.2622083304,-2855143.2622083304,443211.7018417634,59.04610642986517,0.7396066706330234,3094959.2851777254,-239816.02296939492,70,price,PayAsProduced / IndexedWithFloorCap
PayAsProduced,Floating,0.0,-0.0,443211.7018417634,49.69900307456696,0.7396066706330234,0.0,0.0,70,price,PayAsProduced / Floating
PayAsNominated,FixedFlat,1648216.1692025098,-1648216.1692025098,443211.70184176345,65.0,0.7396066706330234,1968723.8024982866,-320507.6332957768,70,price,PayAsNominated / FixedFlat
PayAsNominated,FixedEscalated,3478883.977951192,-3478883.977951192,443211.70184176345,71.101113138445,0.7396066706330234,3988889.4131681323,-510005.4352169405,70,price,PayAsNominated / FixedEscalated
PayAsNominated,IndexedWithFloorCap,569936.4222377065,-569936.4222377065,443211.70184176345,61.175115176057176,0.7396066706330234,702249.8639291606,-132313.44169145415,70,price,PayAsNominated / IndexedWithFloorCap
PayAsNominated,Floating,0.0,-0.0,443211.70184176345,59.054246545950775,0.7396066706330234,0.0,0.0,70,price,PayAsNominated / Floating
Baseload,FixedFlat,-1055323.5621981227,1055323.5621981227,443211.70184176316,65.0,0.7396066706330234,-727302.9795920425,-328020.5826060802,70,price,Baseload / FixedFlat
Baseload,FixedEscalated,792112.5427009072,-792112.5427009072,443211.70184176316,71.1737960547356,0.7396066706330234,1316928.9816996646,-524816.4389987574,70,price,Baseload / FixedEscalated
Baseload,IndexedWithFloorCap,-126661.44521582338,126661.44521582338,443211.70184176316,67.10808503512506,0.7396066706330234,-29285.946357220728,-97375.49885860264,70,price,Baseload / IndexedWithFloorCap
Baseload,Floating,0.0,-0.0,443211.70184176316,67.19653168085951,0.7396066706330234,0.0,0.0,70,price,Baseload / Floating
PayAsProduced,FixedFlat,4655665.216032039,-4655665.216032039,443211.7018417634,65.00000000000001,0.7401580903949836,5038328.556128494,-382663.34009645507,71,price,PayAsProduced / FixedFlat
PayAsProduced,FixedEscalated,6486309.317821227,-6486309.317821227,443211.7018417634,71.101113138445,0.7401580903949836,7058494.166798335,-572184.8489771076,71,price,PayAsProduced / FixedEscalated
PayAsProduced,IndexedWithFloorCap,2854861.417585614,-2854861.417585614,443211.7018417634,59.10220393579175,0.7401580903949836,3085484.129661397,-230622.71207578294,71,price,PayAsProduced / IndexedWithFloorCap
PayAsProduced,Floating,0.0,-0.0,443211.7018417634,49.78371654915678,0.7401580903949836,0.0,0.0,71,price,PayAsProduced / Floating
PayAsNominated,FixedFlat,1641298.3710849835,-1641298.3710849835,443211.70184176345,65.0,0.7401580903949836,1961934.5755297653,-320636.2044447819,71,price,PayAsNominated / FixedFlat
PayAsNominated,FixedEscalated,3471966.179833666,-3471966.179833666,443211.70184176345,71.101113138445,0.7401580903949836,3982100.186199611,-510134.0063659451,71,price,PayAsNominated / FixedEscalated
PayAsNominated,IndexedWithFloorCap,568882.3367891412,-568882.3367891412,443211.70184176345,61.18361665346945,0.7401580903949836,698275.5974307118,-129393.26064157067,71,price,PayAsNominated / IndexedWithFloorCap
PayAsNominated,Floating,0.0,-0.0,443211.70184176345,59.07475072721134,0.7401580903949836,0.0,0.0,71,price,PayAsNominated / Floating
Baseload,FixedFlat,-1079990.3014069607,1079990.3014069607,443211.70184176316,65.0,0.7401580903949836,-748623.96397564,-331366.3374313207,71,price,Baseload / FixedFlat
Baseload,FixedEscalated,767445.8034920685,-767445.8034920685,443211.70184176316,71.1737960547356,0.7401580903949836,1295607.997316067,-528162.1938239986,71,price,Baseload / FixedEscalated
Baseload,IndexedWithFloorCap,-130936.7716218796,130936.7716218796,443211.70184176316,67.15480412470204,0.7401580903949836,-35137.57359506999,-95799.19802680961,71,price,Baseload / IndexedWithFloorCap
Baseload,Floating,0.0,-0.0,443211.70184176316,67.2609233016555,0.7401580903949836,0.0,0.0,71,price,Baseload / Floating
PayAsProduced,FixedFlat,4629518.316843389,-4629518.316843389,443211.7018417634,65.00000000000001,0.7421561632819643,5010613.187819176,-381094.87097578775,72,price,PayAsProduced / FixedFlat
PayAsProduced,FixedEscalated,6460162.418632574,-6460162.418632574,443211.7018417634,71.101113138445,0.7421561632819643,7030778.798489017,-570616.379856443,72,price,PayAsProduced / FixedEscalated
PayAsProduced,IndexedWithFloorCap,2816649.756732681,-2816649.756732681,443211.7018417634,59.06460610001255,0.7421561632819643,3045319.581480598,-228669.82474791724,72,price,PayAsProduced / IndexedWithFloorCap
PayAsProduced,Floating,0.0,-0.0,443211.7018417634,49.867419883594174,0.7421561632819643,0.0,0.0,72,price,PayAsProduced / Floating
PayAsNominated,FixedFlat,1657467.9424591651,-1657467.9424591651,443211.70184176345,65.0,0.7421561632819643,1972893.2303623795,-315425.28790321434,72,price,PayAsNominated / FixedFlat
PayAsNominated,FixedEscalated,3488135.751207847,-3488135.751207847,443211.70184176345,71.101113138445,0.7421561632819643,3993058.8410322256,-504923.0898243785,72,price,PayAsNominated / FixedEscalated
PayAsNominated,IndexedWithFloorCap,559784.3295327565,-559784.3295327565,443211.70184176345,61.1159270802468,0.7421561632819643,686821.2687761569,-127036.93924340047,72,price,PayAsNominated / IndexedWithFloorCap
PayAsNominated,Floating,0.0,-0.0,443211.70184176345,59.04165443420159,0.7421561632819643,0.0,0.0,72,price,PayAsNominated / Floating
Baseload,FixedFlat,-1053096.287032543,1053096.287032543,443211.70184176316,65.0,0.7421561632819643,-726009.025971071,-327087.261061472,72,price,Baseload / FixedFlat
Baseload,FixedEscalated,794339.8178664867,-794339.8178664867,443211.70184176316,71.1737960547356,0.7421561632819643,1318222.9353206363,-523883.1174541495,72,price,Baseload / FixedEscalated
Baseload,IndexedWithFloorCap,-133119.9625655457,133119.9625655457,443211.70184176316,67.0760067691866,0.7421561632819643,-38613.56428037219,-94506.39828517349,72,price,Baseload / IndexedWithFloorCap
Baseload,Floating,0.0,-0.0,443211.70184176316,67.19262380449742,0.7421561632819643,0.0,0.0,72,price,Baseload / Floating
PayAsProduced,FixedFlat,4644603.097030074,-4644603.097030074,443211.7018417634,65.00000000000001,0.7416436691073384,5021154.166882705,-376551.0698526306,73,price,PayAsProduced / FixedFlat
PayAsProduced,FixedEscalated,6475247.198819261,-6475247.198819261,443211.7018417634,71.101113138445,0.7416436691073384,7041319.777552545,-566072.578733284,73,price,PayAsProduced / FixedEscalated
PayAsProduced,IndexedWithFloorCap,2821109.194503496,-2821109.194503496,443211.7018417634,59.049540382320984,0.7416436691073384,3050872.086459164,-229762.8919556681,73,price,PayAsProduced / IndexedWithFloorCap
PayAsProduced,Floating,0.0,-0.0,443211.7018417634,49.83558501544431,0.7416436691073384,0.0,0.0,73,price,PayAsProduced / Floating
PayAsNominated,FixedFlat,1662916.4133141267,-1662916.4133141267,443211.70184176345,65.0,0.7416436691073384,1976750.4160907133,-313834.0027765867,73,price,PayAsNominated / FixedFlat
PayAsNominated,FixedEscalated,3493584.222062809,-3493584.222062809,443211.70184176345,71.101113138445,0.7416436691073384,3996916.026760559,-503331.80469775014,73,price,PayAsNominated / FixedEscalated
PayAsNominated,IndexedWithFloorCap,558512.194248837,-558512.194248837,443211.70184176345,61.10331435113123,0.7416436691073384,686502.199936221,-127990.00568738405,73,price,PayAsNominated / IndexedWithFloorCap
PayAsNominated,Floating,0.0,-0.0,443211.70184176345,59.030005326623346,0.7416436691073384,0.0,0.0,73,price,PayAsNominated / Floating
Baseload,FixedFlat,-1051848.5000866242,1051848.5000866242,443211.70184176316,65.0,0.7416436691073384,-727170.2507540965,-324678.24933252763,73,price,Baseload / FixedFlat
Baseload,FixedEscalated,795587.6048124054,-795587.6048124054,443211.70184176316,71.1737960547356,0.7416436691073384,1317061.7105376106,-521474.10572520515,73,price,Baseload / FixedEscalated
Baseload,IndexedWithFloorCap,-135664.50383428182,135664.50383428182,443211.70184176316,67.07328793323747,0.7416436691073384,-40675.03443844147,-94989.46939584034,73,price,Baseload / IndexedWithFloorCap
Baseload,Floating,0.0,-0.0,443211.70184176316,67.19613082577477,0.7416436691073384,0.0,0.0,73,price,Baseload / Floating
PayAsProduced,FixedFlat,4641403.211526212,-4641403.211526212,443211.7018417634,65.00000000000001,0.741966726664647,5020146.015698073,-378742.80417186115,74,price,PayAsProduced / FixedFlat
PayAsProduced,FixedEscalated,6472047.313315399,-6472047.313315399,443211.7018417634,71.101113138445,0.741966726664647,7040311.626367914,-568264.3130525146,74,price,PayAsProduced / FixedEscalated
PayAsProduced,IndexedWithFloorCap,2826079.0698947655,-2826079.0698947655,443211.7018417634,59.081959757628894,0.741966726664647,3060598.4529978237,-234519.3831030582,74,price,PayAsProduced / IndexedWithFloorCap
PayAsProduced,Floating,0.0,-0.0,443211.7018417634,49.83862973831535,0.741966726664647,0.0,0.0,74,price,PayAsProduced / Floating
PayAsNominated,FixedFlat,1661343.369173301,-1661343.369173301,443211.70184176345,65.0,0.741966726664647,1980362.4727959272,-319019.1036226263,74,price,PayAsNominated / FixedFlat
PayAsNominated,FixedEscalated,3492011.1779219825,-3492011.1779219825,443211.70184176345,71.101113138445,0.741966726664647,4000528.0834657727,-508516.9055437902,74,price,PayAsNominated / FixedEscalated
PayAsNominated,IndexedWithFloorCap,564412.424205186,-564412.424205186,443211.70184176345,61.12107955955579,0.741966726664647,695996.5706243578,-131584.14641917183,74,price,PayAsNominated / IndexedWithFloorCap
PayAsNominated,Floating,0.0,-0.0,443211.70184176345,59.01909653453987,0.741966726664647,0.0,0.0,74,price,PayAsNominated / Floating
Baseload,FixedFlat,-1045713.5108728854,1045713.5108728854,443211.70184176316,65.0,0.741966726664647,-718841.3739091164,-326872.136963769,74,price,Baseload / FixedFlat
Baseload,FixedEscalated,801722.5940261441,-801722.5940261441,443211.70184176316,71.1737960547356,0.741966726664647,1325390.5873825909,-523667.99335644674,74,price,Baseload / FixedEscalated
Baseload,IndexedWithFloorCap,-129587.75270919321,129587.75270919321,443211.70184176316,67.07352508569359,0.741966726664647,-32267.633031553734,-97320.11967763948,74,price,Baseload / IndexedWithFloorCap
Baseload,Floating,0.0,-0.0,443211.70184176316,67.1709767395558,0.741966726664647,0.0,0.0,74,price,Baseload / Floating
PayAsProduced,FixedFlat,4648963.925783971,-4648963.925783971,443211.7018417634,65.00000000000001,0.7406457503753069,5021231.390320184,-372267.4645362124,75,price,PayAsProduced / FixedFlat
PayAsProduced,FixedEscalated,6479608.027573158,-6479608.027573158,443211.7018417634,71.101113138445,0.7406457503753069,7041397.000990024,-561788.9734168658,75,price,PayAsProduced / FixedEscalated
PayAsProduced,IndexedWithFloorCap,2845723.0973063707,-2845723.0973063707,443211.7018417634,59.118748174010555,0.7406457503753069,3073864.997180112,-228141.89987374144,75,price,PayAsProduced / IndexedWithFloorCap
PayAsProduced,Floating,0.0,-0.0,443211.7018417634,49.835351792521145,0.7406457503753069,0.0,0.0,75,price,PayAsProduced / Floating
PayAsNominated,FixedFlat,1627606.605519635,-1627606.605519635,443211.70184176345,65.0,0.7406457503753069,1939737.7705142268,-312131.16499459185,75,price,PayAsNominated / FixedFlat
PayAsNominated,FixedEscalated,3458274.414268317,-3458274.414268317,443211.70184176345,71.101113138445,0.7406457503753069,3959903.3811840722,-501628.96691575507,75,price,PayAsNominated / FixedEscalated
PayAsNominated,IndexedWithFloorCap,564845.2873741107,-564845.2873741107,443211.70184176345,61.232893223615996,0.7406457503753069,692394.9678675734,-127549.68049346271,75,price,PayAsNominated / IndexedWithFloorCap
PayAsNominated,Floating,0.0,-0.0,443211.70184176345,59.141787418657096,0.7406457503753069,0.0,0.0,75,price,PayAsNominated / Floating
Baseload,FixedFlat,-1080544.3283713413,1080544.3283713413,443211.70184176316,65.0,0.7406457503753069,-757044.2719653251,-323500.0564060162,75,price,Baseload / FixedFlat
Baseload,FixedEscalated,766891.7765276881,-766891.7765276881,443211.70184176316,71.1737960547356,0.7406457503753069,1287187.6893263822,-520295.9127986941,75,price,Baseload / FixedEscalated
Baseload,IndexedWithFloorCap,-134318.37829910667,134318.37829910667,443211.70184176316,67.1659093712199,0.7406457503753069,-39880.77601331107,-94437.6022857956,75,price,Baseload / IndexedWithFloorCap
Baseload,Floating,0.0,-0.0,443211.70184176316,67.28635351957143,0.7406457503753069,0.0,0.0,75,price,Baseload / Floating
PayAsProduced,FixedFlat,4663363.64747567,-4663363.64747567,443211.7018417634,65.00000000000001,0.7411051015965338,5030474.400253849,-367110.752778179,76,price,PayAsProduced / FixedFlat
PayAsProduced,FixedEscalated,6494007.749264858,-6494007.749264858,443211.7018417634,71.101113138445,0.7411051015965338,7050640.010923691,-556632.2616588334,76,price,PayAsProduced / FixedEscalated
PayAsProduced,IndexedWithFloorCap,2846036.7279194845,-2846036.7279194845,443211.7018417634,59.08504985552976,0.7411051015965338,3071950.0130580165,-225913.28513853205,76,price,PayAsProduced / IndexedWithFloorCap
PayAsProduced,Floating,0.0,-0.0,443211.7018417634,49.80743692799359,0.7411051015965338,0.0,0.0,76,price,PayAsProduced / Floating
PayAsNominated,FixedFlat,1669314.8339231117,-1669314.8339231117,443211.70184176345,65.0,0.7411051015965338,1974048.2309159974,-304733.39699288574,76,price,PayAsNominated / FixedFlat
PayAsNominated,FixedEscalated,3499982.6426717937,-3499982.6426717937,443211.70184176345,71.101113138445,0.7411051015965338,3994213.8415858434,-494231.19891404966,76,price,PayAsNominated / FixedEscalated
PayAsNominated,IndexedWithFloorCap,570015.5448284361,-570015.5448284361,443211.70184176345,61.140935349923176,0.7411051015965338,696256.8642369938,-126241.31940855773,76,price,PayAsNominated / IndexedWithFloorCap
PayAsNominated,Floating,0.0,-0.0,443211.70184176345,59.03816621075329,0.7411051015965338,0.0,0.0,76,price,PayAsNominated / Floating
Baseload,FixedFlat,-1049008.2152182993,1049008.2152182993,443211.70184176316,65.0,0.7411051015965338,-730763.0975125189,-318245.11770578043,76,price,Baseload / FixedFlat
Baseload,FixedEscalated,798427.8896807302,-798427.8896807302,443211.70184176316,71.1737960547356,0.7411051015965338,1313468.8637791884,-515040.9740984582,76,price,Baseload / FixedEscalated
Baseload,IndexedWithFloorCap,-130752.40702753929,130752.40702753929,443211.70184176316,67.09435980695271,0.7411051015965338,-37290.68315677602,-93461.72387076326,76,price,Baseload / IndexedWithFloorCap
Baseload,Floating,0.0,-0.0,443211.70184176316,67.20698160179356,0.7411051015965338,0.0,0.0,76,price,Baseload / Floating
PayAsProduced,FixedFlat,4620703.919957048,-4620703.919957048,443211.7018417634,65.00000000000001,0.7416760003535514,5002337.234420946,-381633.3144638976,77,price,PayAsProduced / FixedFlat
PayAsProduced,FixedEscalated,6451348.021746235,-6451348.021746235,443211.7018417634,71.101113138445,0.7416760003535514,7022502.845090786,-571154.823344551,77,price,PayAsProduced / FixedEscalated
PayAsProduced,IndexedWithFloorCap,2821736.7624266483,-2821736.7624266483,443211.7018417634,59.117093726112145,0.7416760003535514,3054423.02997609,-232686.26754944166,77,price,PayAsProduced / IndexedWithFloorCap
PayAsProduced,Floating,0.0,-0.0,443211.7018417634,49.89241413542403,0.7416760003535514,0.0,0.0,77,price,PayAsProduced / Floating
PayAsNominated,FixedFlat,1627772.190317218,-1627772.190317218,443211.70184176345,65.0,0.7416760003535514,1943781.8196681323,-316009.6293509144,77,price,PayAsNominated / FixedFlat
PayAsNominated,FixedEscalated,3458439.9990658998,-3458439.9990658998,443211.70184176345,71.101113138445,0.7416760003535514,3963947.4303379785,-505507.4312720788,77,price,PayAsNominated / FixedEscalated
PayAsNominated,IndexedWithFloorCap,555766.9104272543,-555766.9104272543,443211.70184176345,61.19862301941323,0.7416760003535514,685091.6634435222,-129324.7530162679,77,price,PayAsNominated / IndexedWithFloorCap
PayAsNominated,Floating,0.0,-0.0,443211.70184176345,59.12957396383186,0.7416760003535514,0.0,0.0,77,price,PayAsNominated / Floating
Baseload,FixedFlat,-1077254.1037503127,1077254.1037503127,443211.70184176316,65.0,0.7416760003535514,-751571.1687192881,-325682.9350310246,77,price,Baseload / FixedFlat
Baseload,FixedEscalated,770182.0011487171,-770182.0011487171,443211.70184176316,71.1737960547356,0.7416760003535514,1292660.7925724194,-522478.79142370226,77,price,Baseload / FixedEscalated
Baseload,IndexedWithFloorCap,-137112.7044579571,137112.7044579571,443211.70184176316,67.14515130288162,0.7416760003535514,-41280.96536968239,-95831.73908827471,77,price,Baseload / IndexedWithFloorCap
Baseload,Floating,0.0,-0.0,443211.70184176316,67.26982417071702,0.7416760003535514,0.0,0.0,77,price,Baseload / Floating
PayAsProduced,FixedFlat,4686566.38045658,-4686566.38045658,443211.7018417634,65.00000000000001,0.7404670429350974,5064802.524486532,-378236.1440299526,78,price,PayAsProduced / FixedFlat
PayAsProduced,FixedEscalated,6517210.4822457675,-6517210.4822457675,443211.7018417634,71.101113138445,0.7404670429350974,7084968.1351563735,-567757.652910606,78,price,PayAsProduced / FixedEscalated
PayAsProduced,IndexedWithFloorCap,2843679.1649783333,-2843679.1649783333,443211.7018417634,58.9960681401751,0.7404670429350974,3076815.021747866,-233135.8567695329,78,price,PayAsProduced / IndexedWithFloorCap
PayAsProduced,Floating,0.0,-0.0,443211.7018417634,49.70376237345806,0.7404670429350974,0.0,0.0,78,price,PayAsProduced / Floating
PayAsNominated,FixedFlat,1672738.1606196025,-1672738.1606196025,443211.70184176345,65.0,0.7404670429350974,1992228.2602800224,-319490.09966041986,78,price,PayAsNominated / FixedFlat
PayAsNominated,FixedEscalated,3503405.9693682836,-3503405.9693682836,443211.70184176345,71.101113138445,0.7404670429350974,4012393.8709498686,-508987.90158158494,78,price,PayAsNominated / FixedEscalated
PayAsNominated,IndexedWithFloorCap,572659.9730885866,-572659.9730885866,443211.70184176345,61.10978150280486,0.7404670429350974,704121.4103178269,-131461.4372292403,78,price,PayAsNominated / IndexedWithFloorCap
PayAsNominated,Floating,0.0,-0.0,443211.70184176345,58.98326060527999,0.7404670429350974,0.0,0.0,78,price,PayAsNominated / Floating
Baseload,FixedFlat,-1031856.7216635174,1031856.7216635174,443211.70184176316,65.0,0.7404670429350974,-703578.5206005935,-328278.2010629239,78,price,Baseload / FixedFlat
Baseload,FixedEscalated,815579.3832355121,-815579.3832355121,443211.70184176316,71.1737960547356,0.7404670429350974,1340653.4406911137,-525074.0574556016,78,price,Baseload / FixedEscalated
Baseload,IndexedWithFloorCap,-121473.49648632671,121473.49648632671,443211.70184176316,67.05180564602922,0.7404670429350974,-24196.396088328223,-97277.10039799848,78,price,Baseload / IndexedWithFloorCap
Baseload,Floating,0.0,-0.0,443211.70184176316,67.12488131333977,0.7404670429350974,0.0,0.0,78,price,Baseload / Floating
PayAsProduced,FixedFlat,4673756.317922795,-4673756.317922795,443211.7018417634,65.00000000000001,0.7404445848878615,5045137.580057109,-371381.2621343136,79,price,PayAsProduced / FixedFlat
PayAsProduced,FixedEscalated,6504400.419711982,-6504400.419711982,443211.7018417634,71.101113138445,0.7404445848878615,7065303.190726949,-560902.771014967,79,price,PayAsProduced / FixedEscalated
PayAsProduced,IndexedWithFloorCap,2837710.6410070965,-2837710.6410070965,443211.7018417634,59.02863503498856,0.7404445848878615,3067933.440854826,-230222.7998477295,79,price,PayAsProduced / IndexedWithFloorCap
PayAsProduced,Floating,0.0,-0.0,443211.7018417634,49.76315257898946,0.7404445848878615,0.0,0.0,79,price,PayAsProduced / Floating
PayAsNominated,FixedFlat,1659732.663021684,-1659732.663021684,443211.70184176345,65.0,0.7404445848878615,1968091.8857499016,-308359.2227282177,79,price,PayAsNominated / FixedFlat
PayAsNominated,FixedEscalated,3490400.4717703667,-3490400.4717703667,443211.70184176345,71.101113138445,0.7404445848878615,3988257.496419748,-497857.0246493812,79,price,PayAsNominated / FixedEscalated
PayAsNominated,IndexedWithFloorCap,560900.4700498916,-560900.4700498916,443211.70184176345,61.13606080126353,0.7404445848878615,688686.486459751,-127786.01640985941,79,price,PayAsNominated / IndexedWithFloorCap
PayAsNominated,Floating,0.0,-0.0,443211.70184176345,59.056155001156434,0.7404445848878615,0.0,0.0,79,price,PayAsNominated / Floating
Baseload,FixedFlat,-1051126.5001244969,1051126.5001244969,443211.70184176316,65.0,0.7404445848878615,-730810.9395178299,-320315.56060666696,79,price,Baseload / FixedFlat
Baseload,FixedEscalated,796309.6047745325,-796309.6047745325,443211.70184176316,71.1737960547356,0.7404445848878615,1313421.0217738773,-517111.41699934483,79,price,Baseload / FixedEscalated
Baseload,IndexedWithFloorCap,-136684.38161947805,136684.38161947805,443211.70184176316,67.08014167504948,0.7404445848878615,-42046.35149920078,-94638.03012027728,79,price,Baseload / IndexedWithFloorCap
Baseload,Floating,0.0,-0.0,443211.70184176316,67.20712608969377,0.7404445848878615,0.0,0.0,79,price,Baseload / Floating
PayAsProduced,FixedFlat,4690723.008727384,-4690723.008727384,443211.7018417634,65.00000000000001,0.7400549727445513,5072561.625333464,-381838.61660608,80,price,PayAsProduced / FixedFlat
PayAsProduced,FixedEscalated,6521367.110516571,-6521367.110516571,443211.7018417634,71.101113138445,0.7400549727445513,7092727.236003305,-571360.1254867334,80,price,PayAsProduced / FixedEscalated
PayAsProduced,IndexedWithFloorCap,2857502.6583297197,-2857502.6583297197,443211.7018417634,59.0145481852695,0.7400549727445513,3090693.1291983775,-233190.4708686578,80,price,PayAsProduced / IndexedWithFloorCap
PayAsProduced,Floating,0.0,-0.0,443211.7018417634,49.68032907082698,0.7400549727445513,0.0,0.0,80,price,PayAsProduced / Floating
PayAsNominated,FixedFlat,1685462.9661599086,-1685462.9661599086,443211.70184176345,65.0,0.7400549727445513,2004282.1512970224,-318819.1851371138,80,price,PayAsNominated / FixedFlat
PayAsNominated,FixedEscalated,3516130.7749085906,-3516130.7749085906,443211.70184176345,71.101113138445,0.7400549727445513,4024447.761966868,-508316.98705827724,80,price,PayAsNominated / FixedEscalated
PayAsNominated,IndexedWithFloorCap,577614.4301990654,-577614.4301990654,443211.70184176345,61.082828012240846,0.7400549727445513,707250.6160373486,-129636.18583828327,80,price,PayAsNominated / IndexedWithFloorCap
PayAsNominated,Floating,0.0,-0.0,443211.70184176345,58.94685658351822,0.7400549727445513,0.0,0.0,80,price,PayAsNominated / Floating
Baseload,FixedFlat,-1033892.088436099,1033892.088436099,443211.70184176316,65.0,0.7400549727445513,-705469.6958605071,-328422.3925755919,80,price,Baseload / FixedFlat
Baseload,FixedEscalated,813544.0164629302,-813544.0164629302,443211.70184176316,71.1737960547356,0.7400549727445513,1338762.2654312002,-525218.2489682699,80,price,Baseload / FixedEscalated
Baseload,IndexedWithFloorCap,-121364.73675148361,121364.73675148361,443211.70184176316,67.05484249184103,0.7400549727445513,-25082.028370312153,-96282.70838117145,80,price,Baseload / IndexedWithFloorCap
Baseload,Floating,0.0,-0.0,443211.70184176316,67.13059286201896,0.7400549727445513,0.0,0.0,80,price,Baseload / Floating
PayAsProduced,FixedFlat,4673460.266441023,-4673460.266441023,443211.7018417634,65.00000000000001,0.7407297473146823,5053374.878332278,-379914.6118912548,81,price,PayAsProduced / FixedFlat
PayAsProduced,FixedEscalated,6504104.36823021,-6504104.36823021,443211.7018417634,71.101113138445,0.7407297473146823,7073540.489002118,-569436.1207719082,81,price,PayAsProduced / FixedEscalated
PayAsProduced,IndexedWithFloorCap,2845524.6103022657,-2845524.6103022657,443211.7018417634,59.0353175538129,0.7407297473146823,3078383.416458747,-232858.80615648115,81,price,PayAsProduced / IndexedWithFloorCap
PayAsProduced,Floating,0.0,-0.0,443211.7018417634,49.738275069706816,0.7407297473146823,0.0,0.0,81,price,PayAsProduced / Floating
PayAsNominated,FixedFlat,1664799.8727745838,-1664799.8727745838,443211.70184176345,65.0,0.7407297473146823,1986858.8804461583,-322059.0076715746,81,price,PayAsNominated / FixedFlat
PayAsNominated,FixedEscalated,3495467.681523266,-3495467.681523266,443211.70184176345,71.101113138445,0.7407297473146823,4007024.491116004,-511556.8095927383,81,price,PayAsNominated / FixedEscalated
PayAsNominated,IndexedWithFloorCap,568132.2685270008,-568132.2685270008,443211.70184176345,61.113277434886605,0.7407297473146823,699909.5834761015,-131777.31494910072,81,price,PayAsNominated / IndexedWithFloorCap
PayAsNominated,Floating,0.0,-0.0,443211.70184176345,58.999476698493666,0.7407297473146823,0.0,0.0,81,price,PayAsNominated / Floating
Baseload,FixedFlat,-1039719.1893165014,1039719.1893165014,443211.70184176316,65.0,0.7407297473146823,-711123.4815984102,-328595.7077180912,81,price,Baseload / FixedFlat
Baseload,FixedEscalated,807716.9155825283,-807716.9155825283,443211.70184176316,71.1737960547356,0.7407297473146823,1333108.479693297,-525391.5641107687,81,price,Baseload / FixedEscalated
Baseload,IndexedWithFloorCap,-128805.50907091916,128805.50907091916,443211.70184176316,67.05201698573734,0.7407297473146823,-31671.379493397882,-97134.12957752128,81,price,Baseload / IndexedWithFloorCap
Baseload,Floating,0.0,-0.0,443211.70184176316,67.1476678910489,0.7407297473146823,0.0,0.0,81,price,Baseload / Floating
PayAsProduced,FixedFlat,4650696.574023313,-4650696.574023313,443211.7018417634,65.00000000000001,0.7404794283952687,5030322.153560549,-379625.57953723613,82,price,PayAsProduced / FixedFlat
PayAsProduced,FixedEscalated,6481340.6758125,-6481340.6758125,443211.7018417634,71.101113138445,0.7404794283952687,7050487.76423039,-569147.0884178905,82,price,PayAsProduced / FixedEscalated
PayAsProduced,IndexedWithFloorCap,2833507.0140639967,-2833507.0140639967,443211.7018417634,59.07204819586122,0.7404794283952687,3067492.7313411054,-233985.7172771087,82,price,PayAsProduced / IndexedWithFloorCap
PayAsProduced,Floating,0.0,-0.0,443211.7018417634,49.807896729059344,0.7404794283952687,0.0,0.0,82,price,PayAsProduced / Floating
PayAsNominated,FixedFlat,1654548.6084332955,-1654548.6084332955,443211.70184176345,65.0,0.7404794283952687,1973866.8202716662,-319318.21183837065,82,price,PayAsNominated / FixedFlat
PayAsNominated,FixedEscalated,3485216.417181978,-3485216.417181978,443211.70184176345,71.101113138445,0.7404794283952687,3994032.430941512,-508816.0137595339,82,price,PayAsNominated / FixedEscalated
PayAsNominated,IndexedWithFloorCap,564316.7695244914,-564316.7695244914,443211.70184176345,61.13825058305579,0.7404794283952687,695186.4889766853,-130869.71945219394,82,price,PayAsNominated / IndexedWithFloorCap
PayAsNominated,Floating,0.0,-0.0,443211.70184176345,59.038714090026026,0.7404794283952687,0.0,0.0,82,price,PayAsNominated / Floating
Baseload,FixedFlat,-1078247.8556450105,1078247.8556450105,443211.70184176316,65.0,0.7404794283952687,-749771.6899217041,-328476.16572330636,82,price,Baseload / FixedFlat
Baseload,FixedEscalated,769188.2492540197,-769188.2492540197,443211.70184176316,71.1737960547356,0.7404794283952687,1294460.271370003,-525272.0221159833,82,price,Baseload / FixedEscalated
Baseload,IndexedWithFloorCap,-132070.9130985608,132070.9130985608,443211.70184176316,67.15735850056288,0.7404794283952687,-35439.50924783888,-96631.40385072191,82,price,Baseload / IndexedWithFloorCap
Baseload,Floating,0.0,-0.0,443211.70184176316,67.26438955502199,0.7404794283952687,0.0,0.0,82,price,Baseload / Floating
PayAsProduced,FixedFlat,4679189.946145077,-4679189.946145077,443211.7018417634,65.00000000000001,0.7401657240707357,5055729.587760214,-376539.6416151365,83,price,PayAsProduced / FixedFlat
PayAsProduced,FixedEscalated,6509834.047934264,-6509834.047934264,443211.7018417634,71.101113138445,0.7401657240707357,7075895.198430056,-566061.1504957918,83,price,PayAsProduced / FixedEscalated
PayAsProduced,IndexedWithFloorCap,2853209.2238350795,-2853209.2238350795,443211.7018417634,59.05123693967443,0.7401657240707357,3086009.261682838,-232800.03784775874,83,price,PayAsProduced / IndexedWithFloorCap
PayAsProduced,Floating,0.0,-0.0,443211.7018417634,49.73116359896792,0.7401657240707357,0.0,0.0,83,price,PayAsProduced / Floating
PayAsNominated,FixedFlat,1655499.2798100272,-1655499.2798100272,443211.70184176345,65.0,0.7401657240707357,1972983.519746256,-317484.23993622884,83,price,PayAsNominated / FixedFlat
PayAsNominated,FixedEscalated,3486167.0885587092,-3486167.0885587092,443211.70184176345,71.101113138445,0.7401657240707357,3993149.1304161022,-506982.041857393,83,price,PayAsNominated / FixedEscalated
PayAsNominated,IndexedWithFloorCap,569549.8502030561,-569549.8502030561,443211.70184176345,61.15295136517821,0.7401657240707357,699170.8271624018,-129620.97695934563,83,price,PayAsNominated / IndexedWithFloorCap
PayAsNominated,Floating,0.0,-0.0,443211.70184176345,59.04138175074271,0.7401657240707357,0.0,0.0,83,price,PayAsNominated / Floating
Baseload,FixedFlat,-1050265.684400113,1050265.684400113,443211.70184176316,65.0,0.7401657240707357,-724884.6296006565,-325381.0547994566,83,price,Baseload / FixedFlat
Baseload,FixedEscalated,797170.4204989163,-797170.4204989163,443211.70184176316,71.1737960547356,0.7401657240707357,1319347.331691051,-522176.9111921346,83,price,Baseload / FixedEscalated
Baseload,IndexedWithFloorCap,-127488.43508895705,127488.43508895705,443211.70184176316,67.09304626997177,0.7401657240707357,-31847.14608081738,-95641.28900813966,83,price,Baseload / IndexedWithFloorCap
Baseload,Floating,0.0,-0.0,443211.70184176316,67.18922800890911,0.7401657240707357,0.0,0.0,83,price,Baseload / Floating
PayAsProduced,FixedFlat,4610568.88822582,-4610568.88822582,443211.7018417634,65.00000000000001,0.7419258255969684,4992440.697747433,-381871.8095216127,84,price,PayAsProduced / FixedFlat
PayAsProduced,FixedEscalated,6441212.990015006,-6441212.990015006,443211.7018417634,71.101113138445,0.7419258255969684,7012606.308417273,-571393.3184022671,84,price,PayAsProduced / FixedEscalated
PayAsProduced,IndexedWithFloorCap,2805888.6422421974,-2805888.6422421974,443211.7018417634,59.09995760099144,0.7419258255969684,3038852.4777773027,-232963.83553510532,84,price,PayAsProduced / IndexedWithFloorCap
PayAsProduced,Floating,0.0,-0.0,443211.7018417634,49.92230271960989,0.7419258255969684,0.0,0.0,84,price,PayAsProduced / Floating
PayAsNominated,FixedFlat,1638340.1467084193,-1638340.1467084193,443211.70184176345,65.0,0.7419258255969684,1955538.3985791286,-317198.25187070924,84,price,PayAsNominated / FixedFlat
PayAsNominated,FixedEscalated,3469007.9554571016,-3469007.9554571016,443211.70184176345,71.101113138445,0.7419258255969684,3975704.0092489747,-506696.05379187316,84,price,PayAsNominated / FixedEscalated
PayAsNominated,IndexedWithFloorCap,551452.4716502656,-551452.4716502656,443211.70184176345,61.151878697973174,0.7419258255969684,681370.5305788979,-129918.0589286323,84,price,PayAsNominated / IndexedWithFloorCap
PayAsNominated,Floating,0.0,-0.0,443211.70184176345,59.09406785597704,0.7419258255969684,0.0,0.0,84,price,PayAsNominated / Floating
Baseload,FixedFlat,-1084833.257466585,1084833.257466585,443211.70184176316,65.0,0.7419258255969684,-757409.9323869874,-327423.32507959753,84,price,Baseload / FixedFlat
Baseload,FixedEscalated,762602.8474324448,-762602.8474324448,443211.70184176316,71.1737960547356,0.7419258255969684,1286822.0289047197,-524219.18147227494,84,price,Baseload / FixedEscalated
Baseload,IndexedWithFloorCap,-140308.68131495808,140308.68131495808,443211.70184176316,67.15386180087611,0.7419258255969684,-44235.55887023389,-96073.1224447242,84,price,Baseload / IndexedWithFloorCap
Baseload,Floating,0.0,-0.0,443211.70184176316,67.28745785259791,0.7419258255969684,0.0,0.0,84,price,Baseload / Floating
PayAsProduced,FixedFlat,4581320.480091839,-4581320.480091839,443211.7018417634,65.00000000000001,0.7434548833182418,4958879.885244071,-377559.40515223145,85,price,PayAsProduced / FixedFlat
PayAsProduced,FixedEscalated,6411964.581881026,-6411964.581881026,443211.7018417634,71.101113138445,0.7434548833182418,6979045.495913912,-567080.9140328858,85,price,PayAsProduced / FixedEscalated
PayAsProduced,IndexedWithFloorCap,2821885.0298281047,-2821885.0298281047,443211.7018417634,59.24485288486539,0.7434548833182418,3053268.5611269167,-231383.531298812,85,price,PayAsProduced / IndexedWithFloorCap
PayAsProduced,Floating,0.0,-0.0,443211.7018417634,50.023659911822094,0.7434548833182418,0.0,0.0,85,price,PayAsProduced / Floating
PayAsNominated,FixedFlat,1633023.4574019795,-1633023.4574019795,443211.70184176345,65.0,0.7434548833182418,1946768.1704238132,-313744.7130218337,85,price,PayAsNominated / FixedFlat
PayAsNominated,FixedEscalated,3463691.2661506617,-3463691.2661506617,443211.70184176345,71.101113138445,0.7434548833182418,3966933.7810936584,-503242.51494299667,85,price,PayAsNominated / FixedEscalated
PayAsNominated,IndexedWithFloorCap,558049.5226841511,-558049.5226841511,443211.70184176345,61.19809194576022,0.7434548833182418,687902.1681353439,-129852.64545119286,85,price,PayAsNominated / IndexedWithFloorCap
PayAsNominated,Floating,0.0,-0.0,443211.70184176345,59.12055486968668,0.7434548833182418,0.0,0.0,85,price,PayAsNominated / Floating
Baseload,FixedFlat,-1082319.9786549704,1082319.9786549704,443211.70184176316,65.0,0.7434548833182418,-756728.8623746464,-325591.11628032406,85,price,Baseload / FixedFlat
Baseload,FixedEscalated,765116.1262440594,-765116.1262440594,443211.70184176316,71.1737960547356,0.7434548833182418,1287503.0989170608,-522386.97267300135,85,price,Baseload / FixedEscalated
Baseload,IndexedWithFloorCap,-137624.71718471608,137624.71718471608,443211.70184176316,67.16008722476626,0.7434548833182418,-41493.162183673056,-96131.55500104302,85,price,Baseload / IndexedWithFloorCap
Baseload,Floating,0.0,-0.0,443211.70184176316,67.28540094935268,0.7434548833182418,0.0,0.0,85,price,Baseload / Floating
PayAsProduced,FixedFlat,4640682.165847823,-4640682.165847823,443211.7018417634,65.00000000000001,0.7420445958451339,5021974.979326514,-381292.8134786906,86,price,PayAsProduced / FixedFlat
PayAsProduced,FixedEscalated,6471326.267637011,-6471326.267637011,443211.7018417634,71.101113138445,0.7420445958451339,7042140.589996355,-570814.322359344,86,price,PayAsProduced / FixedEscalated
PayAsProduced,IndexedWithFloorCap,2824183.6049609766,-2824183.6049609766,443211.7018417634,59.070955460256656,0.7420445958451339,3058783.736757274,-234600.13179629715,86,price,PayAsProduced / IndexedWithFloorCap
PayAsProduced,Floating,0.0,-0.0,443211.7018417634,49.83310607532243,0.7420445958451339,0.0,0.0,86,price,PayAsProduced / Floating
PayAsNominated,FixedFlat,1677881.5858019881,-1677881.5858019881,443211.70184176345,65.0,0.7420445958451339,1999625.2222904766,-321743.6364884884,86,price,PayAsNominated / FixedFlat
PayAsNominated,FixedEscalated,3508549.39455067,-3508549.39455067,443211.70184176345,71.101113138445,0.7420445958451339,4019790.8329603225,-511241.43840965256,86,price,PayAsNominated / FixedEscalated
PayAsNominated,IndexedWithFloorCap,570679.2209161266,-570679.2209161266,443211.70184176345,61.083927791972684,0.7420445958451339,702957.8397916446,-132278.61887551798,86,price,PayAsNominated / IndexedWithFloorCap
PayAsNominated,Floating,0.0,-0.0,443211.70184176345,58.96092100011683,0.7420445958451339,0.0,0.0,86,price,PayAsNominated / Floating
Baseload,FixedFlat,-1043629.7815190481,1043629.7815190481,443211.70184176316,65.0,0.7420445958451339,-714042.6421048258,-329587.1394142223,86,price,Baseload / FixedFlat
Baseload,FixedEscalated,803806.3233799811,-803806.3233799811,443211.70184176316,71.1737960547356,0.7420445958451339,1330189.3191868814,-526382.9958069003,86,price,Baseload / FixedEscalated
Baseload,IndexedWithFloorCap,-129272.23624838408,129272.23624838408,443211.70184176316,67.05984554957516,0.7420445958451339,-31998.39081535732,-97273.84543302676,86,price,Baseload / IndexedWithFloorCap
Baseload,Floating,0.0,-0.0,443211.70184176316,67.15648406355716,0.7420445958451339,0.0,0.0,86,price,Baseload / Floating
PayAsProduced,FixedFlat,4615802.1368244225,-4615802.1368244225,443211.7018417634,65.00000000000001,0.7417805931131681,4990487.992639824,-374685.8558154013,87,price,PayAsProduced / FixedFlat
PayAsProduced,FixedEscalated,6446446.23861361,-6446446.23861361,443211.7018417634,71.101113138445,0.7417805931131681,7010653.603309664,-564207.3646960538,87,price,PayAsProduced / FixedEscalated
PayAsProduced,IndexedWithFloorCap,2846590.400827806,-2846590.400827806,443211.7018417634,59.211093085948804,0.7417805931131681,3073698.3174174163,-227107.91658961028,87,price,PayAsProduced / IndexedWithFloorCap
PayAsProduced,Floating,0.0,-0.0,443211.7018417634,49.928200094916455,0.7417805931131681,0.0,0.0,87,price,PayAsProduced / Floating
PayAsNominated,FixedFlat,1616519.6160048896,-1616519.6160048896,443211.70184176345,65.0,0.7417805931131681,1934663.4598395762,-318143.84383468656,87,price,PayAsNominated / FixedFlat
PayAsNominated,FixedEscalated,3447187.424753572,-3447187.424753572,443211.70184176345,71.101113138445,0.7417805931131681,3954829.070509422,-507641.64575585024,87,price,PayAsNominated / FixedEscalated
PayAsNominated,IndexedWithFloorCap,568824.5078510481,-568824.5078510481,443211.70184176345,61.26383280964105,0.7417805931131681,697565.195571064,-128740.68772001588,87,price,PayAsNominated / IndexedWithFloorCap
PayAsNominated,Floating,0.0,-0.0,443211.70184176345,59.157112371899615,0.7417805931131681,0.0,0.0,87,price,PayAsNominated / Floating
Baseload,FixedFlat,-1090629.1324009039,1090629.1324009039,443211.70184176316,65.0,0.7417805931131681,-764404.5360108794,-326224.5963900244,87,price,Baseload / FixedFlat
Baseload,FixedEscalated,756806.9724981256,-756806.9724981256,443211.70184176316,71.1737960547356,0.7417805931131681,1279827.4252808278,-523020.45278270217,87,price,Baseload / FixedEscalated
Baseload,IndexedWithFloorCap,-130598.79516126601,130598.79516126601,443211.70184176316,67.20184032551802,0.7417805931131681,-35343.78842879322,-95255.0067324728,87,price,Baseload / IndexedWithFloorCap
Baseload,Floating,0.0,-0.0,443211.70184176316,67.30858229301138,0.7417805931131681,0.0,0.0,87,price,Baseload / Floating
PayAsProduced,FixedFlat,4700771.916308889,-4700771.916308889,443211.7018417634,65.00000000000001,0.7400806674256868,5078029.936639812,-377258.0203309227,88,price,PayAsProduced / FixedFlat
PayAsProduced,FixedEscalated,6531416.018098075,-6531416.018098075,443211.7018417634,71.101113138445,0.7400806674256868,7098195.547309653,-566779.529211578,88,price,PayAsProduced / FixedEscalated
PayAsProduced,IndexedWithFloorCap,2845267.6381172678,-2845267.6381172678,443211.7018417634,58.97137332311703,0.7400806674256868,3081865.6276281825,-236597.98951091478,88,price,PayAsProduced / IndexedWithFloorCap
PayAsProduced,Floating,0.0,-0.0,443211.7018417634,49.663814194135654,0.7400806674256868,0.0,0.0,88,price,PayAsProduced / Floating
PayAsNominated,FixedFlat,1701982.1843716025,-1701982.1843716025,443211.70184176345,65.0,0.7400806674256868,2016714.3420061413,-314732.15763453883,88,price,PayAsNominated / FixedFlat
PayAsNominated,FixedEscalated,3532649.9931202843,-3532649.9931202843,443211.70184176345,71.101113138445,0.7400806674256868,4036879.952675987,-504229.95955570275,88,price,PayAsNominated / FixedEscalated
PayAsNominated,IndexedWithFloorCap,575548.09098524,-575548.09098524,443211.70184176345,61.04770219066464,0.7400806674256868,708052.1460482354,-132504.0550629954,88,price,PayAsNominated / IndexedWithFloorCap
PayAsNominated,Floating,0.0,-0.0,443211.70184176345,58.909310056800585,0.7400806674256868,0.0,0.0,88,price,PayAsNominated / Floating
Baseload,FixedFlat,-1018379.7443012809,1018379.7443012809,443211.70184176316,65.0,0.7400806674256868,-697309.1664738577,-321070.5778274232,88,price,Baseload / FixedFlat
Baseload,FixedEscalated,829056.3605977483,-829056.3605977483,443211.70184176316,71.1737960547356,0.7400806674256868,1346922.7948178495,-517866.4342201012,88,price,Baseload / FixedEscalated
Baseload,IndexedWithFloorCap,-123632.50434568834,123632.50434568834,443211.70184176316,67.02713054433589,0.7400806674256868,-26097.32019599295,-97535.18414969539,88,price,Baseload / IndexedWithFloorCap
Baseload,Floating,0.0,-0.0,443211.70184176316,67.1059472028737,0.7400806674256868,0.0,0.0,88,price,Baseload / Floating
PayAsProduced,FixedFlat,4700488.2905462375,-4700488.2905462375,443211.7018417634,65.00000000000001,0.740253781384337,5061865.551896488,-361377.2613502508,89,price,PayAsProduced / FixedFlat
PayAsProduced,FixedEscalated,6531132.392335424,-6531132.392335424,443211.7018417634,71.101113138445,0.740253781384337,7082031.162566328,-550898.7702309042,89,price,PayAsProduced / FixedEscalated
PayAsProduced,IndexedWithFloorCap,2866206.8995815227,-2866206.8995815227,443211.7018417634,59.04795748201398,0.740253781384337,3091059.3505965155,-224852.45101499278,89,price,PayAsProduced / IndexedWithFloorCap
PayAsProduced,Floating,0.0,-0.0,443211.7018417634,49.71263234033688,0.740253781384337,0.0,0.0,89,price,PayAsProduced / Floating
PayAsNominated,FixedFlat,1686097.1971074822,-1686097.1971074822,443211.70184176345,65.0,0.740253781384337,1992612.3221754807,-306515.1250679984,89,price,PayAsNominated / FixedFlat
PayAsNominated,FixedEscalated,3516765.005856165,-3516765.005856165,443211.70184176345,71.101113138445,0.740253781384337,4012777.9328453266,-496012.9269891614,89,price,PayAsNominated / FixedEscalated
PayAsNominated,IndexedWithFloorCap,582298.3110050485,-582298.3110050485,443211.70184176345,61.12173454152866,0.740253781384337,708463.2938803958,-126164.98287534737,89,price,PayAsNominated / IndexedWithFloorCap
PayAsNominated,Floating,0.0,-0.0,443211.70184176345,58.982100697862506,0.740253781384337,0.0,0.0,89,price,PayAsNominated / Floating
Baseload,FixedFlat,-1033166.9044354719,1033166.9044354719,443211.70184176316,65.0,0.740253781384337,-713949.1870893787,-319217.71734609315,89,price,Baseload / FixedFlat
Baseload,FixedEscalated,814269.2004635574,-814269.2004635574,443211.70184176316,71.1737960547356,0.740253781384337,1330282.7742023284,-516013.573738771,89,price,Baseload / FixedEscalated
Baseload,IndexedWithFloorCap,-121644.98371277921,121644.98371277921,443211.70184176316,67.07228502273882,0.740253781384337,-27786.048749325895,-93858.93496345331,89,price,Baseload / IndexedWithFloorCap
Baseload,Floating,0.0,-0.0,443211.70184176316,67.15620181955717,0.740253781384337,0.0,0.0,89,price,Baseload / Floating
PayAsProduced,FixedFlat,4624021.950216818,-4624021.950216818,443211.7018417634,65.00000000000001,0.7417244444179546,5005829.443861675,-381807.4936448578,90,price,PayAsProduced / FixedFlat
PayAsProduced,FixedEscalated,6454666.052006004,-6454666.052006004,443211.7018417634,71.101113138445,0.7417244444179546,7025995.054531517,-571329.0025255131,90,price,PayAsProduced / FixedEscalated
PayAsProduced,IndexedWithFloorCap,2828078.840658307,-2828078.840658307,443211.7018417634,59.128665946396936,0.7417244444179546,3061746.9666652656,-233668.12600695854,90,price,PayAsProduced / IndexedWithFloorCap
PayAsProduced,Floating,0.0,-0.0,443211.7018417634,49.88186729471528,0.7417244444179546,0.0,0.0,90,price,PayAsProduced / Floating
PayAsNominated,FixedFlat,1631387.3366099154,-1631387.3366099154,443211.70184176345,65.0,0.7417244444179546,1949079.2586757613,-317691.9220658459,90,price,PayAsNominated / FixedFlat
PayAsNominated,FixedEscalated,3462055.145358598,-3462055.145358598,443211.70184176345,71.101113138445,0.7417244444179546,3969244.8693456072,-507189.7239870094,90,price,PayAsNominated / FixedEscalated
PayAsNominated,IndexedWithFloorCap,562465.634614297,-562465.634614297,443211.70184176345,61.20526569315142,0.7417244444179546,692588.5865033681,-130122.95188907115,90,price,PayAsNominated / IndexedWithFloorCap
PayAsNominated,Floating,0.0,-0.0,443211.70184176345,59.11357513949842,0.7417244444179546,0.0,0.0,90,price,PayAsNominated / Floating
Baseload,FixedFlat,-1069049.560886995,1069049.560886995,443211.70184176316,65.0,0.7417244444179546,-745408.1623667293,-323641.3985202656,90,price,Baseload / FixedFlat
Baseload,FixedEscalated,778386.5440120345,-778386.5440120345,443211.70184176316,71.1737960547356,0.7417244444179546,1298823.798924978,-520437.25491294335,90,price,Baseload / FixedEscalated
Baseload,IndexedWithFloorCap,-134339.3959897202,134339.3959897202,443211.70184176316,67.13494310639501,0.7417244444179546,-38498.03852413136,-95841.35746558882,90,price,Baseload / IndexedWithFloorCap
Baseload,Floating,0.0,-0.0,443211.70184176316,67.25121124174163,0.7417244444179546,0.0,0.0,90,price,Baseload / Floating
PayAsProduced,FixedFlat,4593866.355682323,-4593866.355682323,443211.7018417634,65.00000000000001,0.7421864014413472,4986476.629133783,-392610.2734514605,91,price,PayAsProduced / FixedFlat
PayAsProduced,FixedEscalated,6424510.457471511,-6424510.457471511,443211.7018417634,71.101113138445,0.7421864014413472,7006642.239803623,-582131.7823321121,91,price,PayAsProduced / FixedEscalated
PayAsProduced,IndexedWithFloorCap,2818142.3126642345,-2818142.3126642345,443211.7018417634,59.16110938799173,0.7421864014413472,3053136.638351628,-234994.32568739355,91,price,PayAsProduced / IndexedWithFloorCap
PayAsProduced,Floating,0.0,-0.0,443211.7018417634,49.94031483563896,0.7421864014413472,0.0,0.0,91,price,PayAsProduced / Floating
PayAsNominated,FixedFlat,1609358.3336632745,-1609358.3336632745,443211.70184176345,65.0,0.7421864014413472,1933037.1754550836,-323678.84179180907,91,price,PayAsNominated / FixedFlat
PayAsNominated,FixedEscalated,3440026.1424119575,-3440026.1424119575,443211.70184176345,71.101113138445,0.7421864014413472,3953202.7861249293,-513176.6437129718,91,price,PayAsNominated / FixedEscalated
PayAsNominated,IndexedWithFloorCap,555443.6528179966,-555443.6528179966,443211.70184176345,61.2309025950303,0.7421864014413472,685035.2472814679,-129591.59446347132,91,price,PayAsNominated / IndexedWithFloorCap
PayAsNominated,Floating,0.0,-0.0,443211.70184176345,59.162023922206515,0.7421864014413472,0.0,0.0,91,price,PayAsNominated / Floating
Baseload,FixedFlat,-1088943.752001803,1088943.752001803,443211.70184176316,65.0,0.7421864014413472,-757623.4652448295,-331320.28675697336,91,price,Baseload / FixedFlat
Baseload,FixedEscalated,758492.352897227,-758492.352897227,443211.70184176316,71.1737960547356,0.7421864014413472,1286608.4960468777,-528116.1431496507,91,price,Baseload / FixedEscalated
Baseload,IndexedWithFloorCap,-138215.5337304745,138215.5337304745,443211.70184176316,67.16140907800055,0.7421864014413472,-41950.080587814475,-96265.45314266003,91,price,Baseload / IndexedWithFloorCap
Baseload,Floating,0.0,-0.0,443211.70184176316,67.28810274434223,0.7421864014413472,0.0,0.0,91,price,Baseload / Floating
PayAsProduced,FixedFlat,4691678.0724597,-4691678.0724597,443211.7018417634,65.00000000000001,0.739948344460057,5074175.233398189,-382497.16093848925,92,price,PayAsProduced / FixedFlat
PayAsProduced,FixedEscalated,6522322.174248887,-6522322.174248887,443211.7018417634,71.101113138445,0.739948344460057,7094340.844068029,-572018.6698191417,92,price,PayAsProduced / FixedEscalated
PayAsProduced,IndexedWithFloorCap,2854885.8944553453,-2854885.8944553453,443211.7018417634,59.00368667866161,0.739948344460057,3088710.3374535246,-233824.44299817923,92,price,PayAsProduced / IndexedWithFloorCap
PayAsProduced,Floating,0.0,-0.0,443211.7018417634,49.67545580434229,0.739948344460057,0.0,0.0,92,price,PayAsProduced / Floating
PayAsNominated,FixedFlat,1684300.9938951214,-1684300.9938951214,443211.70184176345,65.0,0.739948344460057,2004366.9911276165,-320065.9972324951,92,price,PayAsNominated / FixedFlat
PayAsNominated,FixedEscalated,3514968.8026438034,-3514968.8026438034,443211.70184176345,71.101113138445,0.739948344460057,4024532.601797462,-509563.79915365856,92,price,PayAsNominated / FixedEscalated
PayAsNominated,IndexedWithFloorCap,577548.6482422999,-577548.6482422999,443211.70184176345,61.08718527935264,0.739948344460057,708778.2091780362,-131229.56093573628,92,price,PayAsNominated / IndexedWithFloorCap
PayAsNominated,Floating,0.0,-0.0,443211.70184176345,58.94660035828482,0.739948344460057,0.0,0.0,92,price,PayAsNominated / Floating
Baseload,FixedFlat,-1037614.7967791492,1037614.7967791492,443211.70184176316,65.0,0.739948344460057,-706492.0840828015,-331122.71269634773,92,price,Baseload / FixedFlat
Baseload,FixedEscalated,809821.3081198799,-809821.3081198799,443211.70184176316,71.1737960547356,0.739948344460057,1337739.877208906,-527918.5690890261,92,price,Baseload / FixedEscalated
Baseload,IndexedWithFloorCap,-125070.70269528456,125070.70269528456,443211.70184176316,67.04939603844626,0.739948344460057,-27907.815021475828,-97162.88767380873,92,price,Baseload / IndexedWithFloorCap
Baseload,Floating,0.0,-0.0,443211.70184176316,67.1336805822448,0.739948344460057,0.0,0.0,92,price,Baseload / Floating
PayAsProduced,FixedFlat,4656278.783819587,-4656278.783819587,443211.7018417634,65.00000000000001,0.7417466161411568,5027372.03671104,-371093.252891453,93,price,PayAsProduced / FixedFlat
PayAsProduced,FixedEscalated,6486922.885608774,-6486922.885608774,443211.7018417634,71.101113138445,0.7417466161411568,7047537.64738088,-560614.7617721064,93,price,PayAsProduced / FixedEscalated
PayAsProduced,IndexedWithFloorCap,2823121.767442926,-2823121.767442926,443211.7018417634,59.03209589766076,0.7417466161411568,3051313.8385190247,-228192.07107609883,93,price,PayAsProduced / IndexedWithFloorCap
PayAsProduced,Floating,0.0,-0.0,443211.7018417634,49.8168063929876,0.7417466161411568,0.0,0.0,93,price,PayAsProduced / Floating
PayAsNominated,FixedFlat,1654216.046005686,-1654216.046005686,443211.70184176345,65.0,0.7417466161411568,1970051.7728450124,-315835.7268393263,93,price,PayAsNominated / FixedFlat
PayAsNominated,FixedEscalated,3484883.854754368,-3484883.854754368,443211.70184176345,71.101113138445,0.7417466161411568,3990217.383514858,-505333.52876049,93,price,PayAsNominated / FixedEscalated
PayAsNominated,IndexedWithFloorCap,565821.9438618869,-565821.9438618869,443211.70184176345,61.14647809605803,0.7417466161411568,694095.6884950241,-128273.74463313725,93,price,PayAsNominated / IndexedWithFloorCap
PayAsNominated,Floating,0.0,-0.0,443211.70184176345,59.050235935490385,0.7417466161411568,0.0,0.0,93,price,PayAsNominated / Floating
Baseload,FixedFlat,-1039868.063896555,1039868.063896555,443211.70184176316,65.0,0.7417466161411568,-715699.4873870965,-324168.5765094585,93,price,Baseload / FixedFlat
Baseload,FixedEscalated,807568.041002475,-807568.041002475,443211.70184176316,71.1737960547356,0.7417466161411568,1328532.4739046108,-520964.4329021359,93,price,Baseload / FixedEscalated
Baseload,IndexedWithFloorCap,-129640.4762772535,129640.4762772535,443211.70184176316,67.0566772048856,0.7417466161411568,-34704.32023020315,-94936.15604705035,93,price,Baseload / IndexedWithFloorCap
Baseload,Floating,0.0,-0.0,443211.70184176316,67.16148791099751,0.7417466161411568,0.0,0.0,93,price,Baseload / Floating
PayAsProduced,FixedFlat,4713322.00643544,-4713322.00643544,443211.7018417634,65.00000000000001,0.739527650479907,5081271.419732527,-367949.41329708695,94,price,PayAsProduced / FixedFlat
PayAsProduced,FixedEscalated,6543966.108224627,-6543966.108224627,443211.7018417634,71.101113138445,0.739527650479907,7101437.030402367,-557470.9221777404,94,price,PayAsProduced / FixedEscalated
PayAsProduced,IndexedWithFloorCap,2864393.8772068997,-2864393.8772068997,443211.7018417634,58.983649536442684,0.739527650479907,3089171.940109728,-224778.0629028282,94,price,PayAsProduced / IndexedWithFloorCap
PayAsProduced,Floating,0.0,-0.0,443211.7018417634,49.654024573433,0.739527650479907,0.0,0.0,94,price,PayAsProduced / Floating
PayAsNominated,FixedFlat,1674181.962007917,-1674181.962007917,443211.70184176345,65.0,0.739527650479907,1986536.5369914847,-312354.5749835677,94,price,PayAsNominated / FixedFlat
PayAsNominated,FixedEscalated,3504849.770756599,-3504849.770756599,443211.70184176345,71.101113138445,0.739527650479907,4006702.1476613306,-501852.3769047316,94,price,PayAsNominated / FixedEscalated
PayAsNominated,IndexedWithFloorCap,572494.1718856691,-572494.1718856691,443211.70184176345,61.11079563904505,0.739527650479907,698765.4820080881,-126271.31012241903,94,price,PayAsNominated / IndexedWithFloorCap
PayAsNominated,Floating,0.0,-0.0,443211.70184176345,59.00045020971275,0.739527650479907,0.0,0.0,94,price,PayAsNominated / Floating
Baseload,FixedFlat,-1032659.4259290254,1032659.4259290254,443211.70184176316,65.0,0.739527650479907,-709541.8500842918,-323117.5758447336,94,price,Baseload / FixedFlat
Baseload,FixedEscalated,814776.678970004,-814776.678970004,443211.70184176316,71.1737960547356,0.739527650479907,1334690.1112074156,-519913.4322374116,94,price,Baseload / FixedEscalated
Baseload,IndexedWithFloorCap,-125930.36535827772,125930.36535827772,443211.70184176316,67.0459831827493,0.739527650479907,-32087.62623877156,-93842.73911950615,94,price,Baseload / IndexedWithFloorCap
Baseload,Floating,0.0,-0.0,443211.70184176316,67.14289119711846,0.739527650479907,0.0,0.0,94,price,Baseload / Floating
PayAsProduced,FixedFlat,4648588.381954966,-4648588.381954966,443211.7018417634,65.00000000000001,0.7413161936658335,5020621.9123199405,-372033.5303649744,95,price,PayAsProduced / FixedFlat
PayAsProduced,FixedEscalated,6479232.483744153,-6479232.483744153,443211.7018417634,71.101113138445,0.7413161936658335,7040787.522989781,-561555.0392456278,95,price,PayAsProduced / FixedEscalated
PayAsProduced,IndexedWithFloorCap,2815481.3724150956,-2815481.3724150956,443211.7018417634,59.03743504348705,0.7413161936658335,3046331.5814898107,-230850.20907471515,95,price,PayAsProduced / IndexedWithFloorCap
PayAsProduced,Floating,0.0,-0.0,443211.7018417634,49.837192480341606,0.7413161936658335,0.0,0.0,95,price,PayAsProduced / Floating
PayAsNominated,FixedFlat,1654164.6091214782,-1654164.6091214782,443211.70184176345,65.0,0.7413161936658335,1968361.034673153,-314196.4255516748,95,price,PayAsNominated / FixedFlat
PayAsNominated,FixedEscalated,3484832.41787016,-3484832.41787016,443211.70184176345,71.101113138445,0.7413161936658335,3988526.6453429987,-503694.2274728385,95,price,PayAsNominated / FixedEscalated
PayAsNominated,IndexedWithFloorCap,558567.9907412947,-558567.9907412947,443211.70184176345,61.13486647893799,0.7413161936658335,688560.1782204526,-129992.18747915793,95,price,PayAsNominated / IndexedWithFloorCap
PayAsNominated,Floating,0.0,-0.0,443211.70184176345,59.05534214303076,0.7413161936658335,0.0,0.0,95,price,PayAsNominated / Floating
Baseload,FixedFlat,-1061191.2864591698,1061191.2864591698,443211.70184176316,65.0,0.7413161936658335,-737716.9667837385,-323474.31967543135,95,price,Baseload / FixedFlat
Baseload,FixedEscalated,786244.8184398598,-786244.8184398598,443211.70184176316,71.1737960547356,0.7413161936658335,1306514.994507969,-520270.1760681091,95,price,Baseload / FixedEscalated
Baseload,IndexedWithFloorCap,-134453.41480485885,134453.41480485885,443211.70184176316,67.1103148169601,0.7413161936658335,-38961.62096886275,-95491.7938359961,95,price,Baseload / IndexedWithFloorCap
Baseload,Floating,0.0,-0.0,443211.70184176316,67.22798302016717,0.7413161936658335,0.0,0.0,95,price,Baseload / Floating
PayAsProduced,FixedFlat,4692729.229838066,-4692729.229838066,443211.7018417634,65.00000000000001,0.7406939076479961,5068623.589686264,-375894.3598481985,96,price,PayAsProduced / FixedFlat
PayAsProduced,FixedEscalated,6523373.3316272525,-6523373.3316272525,443211.7018417634,71.101113138445,0.7406939076479961,7088789.200356105,-565415.8687288528,96,price,PayAsProduced / FixedEscalated
PayAsProduced,IndexedWithFloorCap,2832997.0959500675,-2832997.0959500675,443211.7018417634,58.94047746756053,0.7406939076479961,3062229.2220785785,-229232.12612851104,96,price,PayAsProduced / IndexedWithFloorCap
PayAsProduced,Floating,0.0,-0.0,443211.7018417634,49.69222235368453,0.7406939076479961,0.0,0.0,96,price,PayAsProduced / Floating
PayAsNominated,FixedFlat,1683115.0714940904,-1683115.0714940904,443211.70184176345,65.0,0.7406939076479961,2003232.590583522,-320117.51908943173,96,price,PayAsNominated / FixedFlat
PayAsNominated,FixedEscalated,3513782.8802427724,-3513782.8802427724,443211.70184176345,71.101113138445,0.7406939076479961,4023398.2012533676,-509615.3210105952,96,price,PayAsNominated / FixedEscalated
PayAsNominated,IndexedWithFloorCap,565404.9847624933,-565404.9847624933,443211.70184176345,61.047427284414255,0.7406939076479961,694479.3692437587,-129074.38448126544,96,price,PayAsNominated / IndexedWithFloorCap
PayAsNominated,Floating,0.0,-0.0,443211.70184176345,58.950026367532416,0.7406939076479961,0.0,0.0,96,price,PayAsNominated / Floating
Baseload,FixedFlat,-1021709.5703592321,1021709.5703592321,443211.70184176316,65.0,0.7406939076479961,-691612.2257999355,-330097.3445592966,96,price,Baseload / FixedFlat
Baseload,FixedEscalated,825726.5345397976,-825726.5345397976,443211.70184176316,71.1737960547356,0.7406939076479961,1352619.7354917717,-526893.2009519741,96,price,Baseload / FixedEscalated
Baseload,IndexedWithFloorCap,-130497.64156322659,130497.64156322659,443211.70184176316,66.98449422566237,0.7406939076479961,-34517.8729688076,-95979.76859441899,96,price,Baseload / IndexedWithFloorCap
Baseload,Floating,0.0,-0.0,443211.70184176316,67.08874184138698,0.7406939076479961,0.0,0.0,96,price,Baseload / Floating
PayAsProduced,FixedFlat,4636435.327538799,-4636435.327538799,443211.7018417634,65.00000000000001,0.7421735349299508,5015080.396014994,-378645.06847619545,97,price,PayAsProduced / FixedFlat
PayAsProduced,FixedEscalated,6467079.429327985,-6467079.429327985,443211.7018417634,71.101113138445,0.7421735349299508,7035246.006684835,-568166.5773568498,97,price,PayAsProduced / FixedEscalated
PayAsProduced,IndexedWithFloorCap,2825360.94132603,-2825360.94132603,443211.7018417634,59.087475785792094,0.7421735349299508,3057359.2689421326,-231998.32761610253,97,price,PayAsProduced / IndexedWithFloorCap
PayAsProduced,Floating,0.0,-0.0,443211.7018417634,49.853928443846996,0.7421735349299508,0.0,0.0,97,price,PayAsProduced / Floating
PayAsNominated,FixedFlat,1652181.868516428,-1652181.868516428,443211.70184176345,65.0,0.7421735349299508,1971065.8128029879,-318883.94428655994,97,price,PayAsNominated / FixedFlat
PayAsNominated,FixedEscalated,3482849.67726511,-3482849.67726511,443211.70184176345,71.101113138445,0.7421735349299508,3991231.423472834,-508381.74620772386,97,price,PayAsNominated / FixedEscalated
PayAsNominated,IndexedWithFloorCap,556483.8149872934,-556483.8149872934,443211.70184176345,61.118354593336726,0.7421735349299508,685797.6354365365,-129313.82044924307,97,price,PayAsNominated / IndexedWithFloorCap
PayAsNominated,Floating,0.0,-0.0,443211.70184176345,59.04717342790297,0.7421735349299508,0.0,0.0,97,price,PayAsNominated / Floating
Baseload,FixedFlat,-1046754.9278601459,1046754.9278601459,443211.70184176316,65.0,0.7421735349299508,-719469.180539316,-327285.7473208299,97,price,Baseload / FixedFlat
Baseload,FixedEscalated,800681.1770388836,-800681.1770388836,443211.70184176316,71.1737960547356,0.7421735349299508,1324762.780752391,-524081.60371350753,97,price,Baseload / FixedEscalated
Baseload,IndexedWithFloorCap,-135789.32109832086,135789.32109832086,443211.70184176316,67.05100830538761,0.7421735349299508,-40351.06688992465,-95438.2542083962,97,price,Baseload / IndexedWithFloorCap
Baseload,Floating,0.0,-0.0,443211.70184176316,67.17287278177119,0.7421735349299508,0.0,0.0,97,price,Baseload / Floating
PayAsProduced,FixedFlat,4682956.346677095,-4682956.346677095,443211.7018417634,65.00000000000001,0.7410380193943457,5060807.63294507,-377851.28626797535,98,price,PayAsProduced / FixedFlat
PayAsProduced,FixedEscalated,6513600.448466282,-6513600.448466282,443211.7018417634,71.101113138445,0.7410380193943457,7080973.243614911,-567372.7951486288,98,price,PayAsProduced / FixedEscalated
PayAsProduced,IndexedWithFloorCap,2851351.8097240226,-2851351.8097240226,443211.7018417634,59.036889731775275,0.7410380193943457,3086336.7416266776,-234984.93190265493,98,price,PayAsProduced / IndexedWithFloorCap
PayAsProduced,Floating,0.0,-0.0,443211.7018417634,49.71582736711083,0.7410380193943457,0.0,0.0,98,price,PayAsProduced / Floating
PayAsNominated,FixedFlat,1694207.6474749863,-1694207.6474749863,443211.70184176345,65.0,0.7410380193943457,2011776.4213573823,-317568.77388239605,98,price,PayAsNominated / FixedFlat
PayAsNominated,FixedEscalated,3524875.4562236676,-3524875.4562236676,443211.70184176345,71.101113138445,0.7410380193943457,4031942.0320272283,-507066.57580356067,98,price,PayAsNominated / FixedEscalated
PayAsNominated,IndexedWithFloorCap,574039.3810188972,-574039.3810188972,443211.70184176345,61.056019361023274,0.7410380193943457,705868.1591744012,-131828.77815550403,98,price,PayAsNominated / IndexedWithFloorCap
PayAsNominated,Floating,0.0,-0.0,443211.70184176345,58.92422309778476,0.7410380193943457,0.0,0.0,98,price,PayAsNominated / Floating
Baseload,FixedFlat,-1016477.8349948025,1016477.8349948025,443211.70184176316,65.0,0.7410380193943457,-691844.1231672288,-324633.7118275737,98,price,Baseload / FixedFlat
Baseload,FixedEscalated,830958.2699042265,-830958.2699042265,443211.70184176316,71.1737960547356,0.7410380193943457,1352387.8381244785,-521429.56822025194,98,price,Baseload / FixedEscalated
Baseload,IndexedWithFloorCap,-123242.44081550243,123242.44081550243,443211.70184176316,67.011323036651,0.7410380193943457,-25866.36822495588,-97376.07259054655,98,price,Baseload / IndexedWithFloorCap
Baseload,Floating,0.0,-0.0,443211.70184176316,67.08944219588608,0.7410380193943457,0.0,0.0,98,price,Baseload / Floating
PayAsProduced,FixedFlat,4719653.437165517,-4719653.437165517,443211.7018417634,65.00000000000001,0.7392121973263155,5087878.007704321,-368224.57053880394,99,price,PayAsProduced / FixedFlat
PayAsProduced,FixedEscalated,6550297.538954704,-6550297.538954704,443211.7018417634,71.101113138445,0.7392121973263155,7108043.618374162,-557746.0794194583,99,price,PayAsProduced / FixedEscalated
PayAsProduced,IndexedWithFloorCap,2850973.534893429,-2850973.534893429,443211.7018417634,58.93369363310734,0.7392121973263155,3079237.415717603,-228263.88082417427,99,price,PayAsProduced / IndexedWithFloorCap
PayAsProduced,Floating,0.0,-0.0,443211.7018417634,49.634071981198915,0.7392121973263155,0.0,0.0,99,price,PayAsProduced / Floating
PayAsNominated,FixedFlat,1688030.2052717574,-1688030.2052717574,443211.70184176345,65.0,0.7392121973263155,2001792.0393718223,-313761.8341000648,99,price,PayAsNominated / FixedFlat
PayAsNominated,FixedEscalated,3518698.0140204397,-3518698.0140204397,443211.70184176345,71.101113138445,0.7392121973263155,4021957.650041668,-503259.6360212285,99,price,PayAsNominated / FixedEscalated
PayAsNominated,IndexedWithFloorCap,568877.4836173111,-568877.4836173111,443211.70184176345,61.05754177873256,0.7392121973263155,696387.8714142047,-127510.3877968936,99,price,PayAsNominated / IndexedWithFloorCap
PayAsNominated,Floating,0.0,-0.0,443211.70184176345,58.954376984074884,0.7392121973263155,0.0,0.0,99,price,PayAsNominated / Floating
Baseload,FixedFlat,-1033856.5560702236,1033856.5560702236,443211.70184176316,65.0,0.7392121973263155,-710091.8367402961,-323764.71932992747,99,price,Baseload / FixedFlat
Baseload,FixedEscalated,813579.5488288061,-813579.5488288061,443211.70184176316,71.1737960547356,0.7392121973263155,1334140.124551411,-520560.5757226049,99,price,Baseload / FixedEscalated
Baseload,IndexedWithFloorCap,-131296.9819807189,131296.9819807189,443211.70184176316,67.03436078279253,0.7392121973263155,-36485.95534857429,-94811.02663214461,99,price,Baseload / IndexedWithFloorCap
Baseload,Floating,0.0,-0.0,443211.70184176316,67.14455221480691,0.7392121973263155,0.0,0.0,99,price,Baseload / Floating
PayAsProduced,FixedFlat,4640938.542441122,-4640938.542441122,443211.7018417634,65.00000000000001,0.7414140294338942,5021458.719182655,-380520.176741533,100,price,PayAsProduced / FixedFlat
PayAsProduced,FixedEscalated,6471582.644230308,-6471582.644230308,443211.7018417634,71.101113138445,0.7414140294338942,7041624.329852496,-570041.6856221883,100,price,PayAsProduced / FixedEscalated
PayAsProduced,IndexedWithFloorCap,2844997.359998559,-2844997.359998559,443211.7018417634,59.13120352315561,0.7414140294338942,3078216.469857125,-233219.10985856596,100,price,PayAsProduced / IndexedWithFloorCap
PayAsProduced,Floating,0.0,-0.0,443211.7018417634,49.83466523538828,0.7414140294338942,0.0,0.0,100,price,PayAsProduced / Floating
PayAsNominated,FixedFlat,1650535.3361935276,-1650535.3361935276,443211.70184176345,65.0,0.7414140294338942,1968793.2566974252,-318257.9205038976,100,price,PayAsNominated / FixedFlat
PayAsNominated,FixedEscalated,3481203.1449422096,-3481203.1449422096,443211.70184176345,71.101113138445,0.7414140294338942,3988958.867367271,-507755.7224250613,100,price,PayAsNominated / FixedEscalated
PayAsNominated,IndexedWithFloorCap,571673.0372345637,-571673.0372345637,443211.70184176345,61.17456347059562,0.7414140294338942,702136.6405782589,-130463.60334369517,100,price,PayAsNominated / IndexedWithFloorCap
PayAsNominated,Floating,0.0,-0.0,443211.70184176345,59.05403678694654,0.7414140294338942,0.0,0.0,100,price,PayAsNominated / Floating
Baseload,FixedFlat,-1062096.1245164366,1062096.1245164366,443211.70184176316,65.0,0.7414140294338942,-733650.8916002408,-328445.23291619576,100,price,Baseload / FixedFlat
Baseload,FixedEscalated,785339.9803825931,-785339.9803825931,443211.70184176316,71.1737960547356,0.7414140294338942,1310581.0696914664,-525241.0893088733,100,price,Baseload / FixedEscalated
Baseload,IndexedWithFloorCap,-125624.59953261071,125624.59953261071,443211.70184176316,67.12956804894768,0.7414140294338942,-28520.525969642724,-97104.07356296798,100,price,Baseload / IndexedWithFloorCap
Baseload,Floating,0.0,-0.0,443211.70184176316,67.21570304441028,0.7414140294338942,0.0,0.0,100,price,Baseload / Floating
PayAsProduced,FixedFlat,4677460.308763386,-4677460.308763386,443211.7018417634,65.00000000000001,0.7403003484783799,5056580.786950916,-379120.4781875303,101,price,PayAsProduced / FixedFlat
PayAsProduced,FixedEscalated,6508104.410552572,-6508104.410552572,443211.7018417634,71.101113138445,0.7403003484783799,7076746.397620757,-568641.9870681847,101,price,PayAsProduced / FixedEscalated
PayAsProduced,IndexedWithFloorCap,2863568.1409621174,-2863568.1409621174,443211.7018417634,59.0759406971835,0.7403003484783799,3095040.22745739,-231472.08649527282,101,price,PayAsProduced / IndexedWithFloorCap
PayAsProduced,Floating,0.0,-0.0,443211.7018417634,49.72859288766663,0.7403003484783799,0.0,0.0,101,price,PayAsProduced / Floating
PayAsNominated,FixedFlat,1660893.8047768404,-1660893.8047768404,443211.70184176345,65.0,0.7403003484783799,1982173.6140457292,-321279.8092688888,101,price,PayAsNominated / FixedFlat
PayAsNominated,FixedEscalated,3491561.613525523,-3491561.613525523,443211.70184176345,71.101113138445,0.7403003484783799,4002339.224715575,-510777.61119005224,101,price,PayAsNominated / FixedEscalated
PayAsNominated,IndexedWithFloorCap,577418.510394867,-577418.510394867,443211.70184176345,61.15068928281458,0.7403003484783799,707611.9137159425,-130193.40332107549,101,price,PayAsNominated / IndexedWithFloorCap
PayAsNominated,Floating,0.0,-0.0,443211.70184176345,59.01362669700953,0.7403003484783799,0.0,0.0,101,price,PayAsNominated / Floating
Baseload,FixedFlat,-1049018.2996895262,1049018.2996895262,443211.70184176316,65.0,0.7403003484783799,-719689.1296866676,-329329.1700028586,101,price,Baseload / FixedFlat
Baseload,FixedEscalated,798417.8052095035,-798417.8052095035,443211.70184176316,71.1737960547356,0.7403003484783799,1324542.8316050398,-526125.0263955363,101,price,Baseload / FixedEscalated
Baseload,IndexedWithFloorCap,-123601.84730782284,123601.84730782284,443211.70184176316,67.09084024935856,0.7403003484783799,-27382.0910673067,-96219.75624051614,101,price,Baseload / IndexedWithFloorCap
Baseload,Floating,0.0,-0.0,443211.70184176316,67.17353705138632,0.7403003484783799,0.0,0.0,101,price,Baseload / Floating
PayAsProduced,FixedFlat,4664029.39872377,-4664029.39872377,443211.7018417634,65.00000000000001,0.7413305733732415,5038330.5625315085,-374301.1638077386,102,price,PayAsProduced / FixedFlat
PayAsProduced,FixedEscalated,6494673.500512957,-6494673.500512957,443211.7018417634,71.101113138445,0.7413305733732415,7058496.173201349,-563822.672688392,102,price,PayAsProduced / FixedEscalated
PayAsProduced,IndexedWithFloorCap,2842284.116707145,-2842284.116707145,443211.7018417634,59.05363578141392,0.7413305733732415,3069404.5271806903,-227120.41047354555,102,price,PayAsProduced / IndexedWithFloorCap
PayAsProduced,Floating,0.0,-0.0,443211.7018417634,49.78371048960813,0.7413305733732415,0.0,0.0,102,price,PayAsProduced / Floating
PayAsNominated,FixedFlat,1675725.2883104896,-1675725.2883104896,443211.70184176345,65.0,0.7413305733732415,1987420.2642842857,-311694.9759737961,102,price,PayAsNominated / FixedFlat
PayAsNominated,FixedEscalated,3506393.0970591716,-3506393.0970591716,443211.70184176345,71.101113138445,0.7413305733732415,4007585.874954132,-501192.77789496025,102,price,PayAsNominated / FixedEscalated
PayAsNominated,IndexedWithFloorCap,572749.8234649611,-572749.8234649611,443211.70184176345,61.110990478445416,0.7413305733732415,699713.7234063135,-126963.89994135231,102,price,PayAsNominated / IndexedWithFloorCap
PayAsNominated,Floating,0.0,-0.0,443211.70184176345,58.997781260113555,0.7413305733732415,0.0,0.0,102,price,PayAsNominated / Floating
Baseload,FixedFlat,-1035328.1711475928,1035328.1711475928,443211.70184176316,65.0,0.7413305733732415,-713397.5265471779,-321930.6446004149,102,price,Baseload / FixedFlat
Baseload,FixedEscalated,812107.9337514366,-812107.9337514366,443211.70184176316,71.1737960547356,0.7413305733732415,1330834.4347445294,-518726.5009930928,102,price,Baseload / FixedEscalated
Baseload,IndexedWithFloorCap,-126099.26359271022,126099.26359271022,443211.70184176316,67.05731945977658,0.7413305733732415,-32189.699632205306,-93909.56396050492,102,price,Baseload / IndexedWithFloorCap
Baseload,Floating,0.0,-0.0,443211.70184176316,67.15453574655592,0.7413305733732415,0.0,0.0,102,price,Baseload / Floating
PayAsProduced,FixedFlat,4625809.415411186,-4625809.415411186,443211.7018417634,65.00000000000001,0.7422235841240468,5005535.183927416,-379725.76851622947,103,price,PayAsProduced / FixedFlat
PayAsProduced,FixedEscalated,6456453.517200374,-6456453.517200374,443211.7018417634,71.101113138445,0.7422235841240468,7025700.794597257,-569247.2773968829,103,price,PayAsProduced / FixedEscalated
PayAsProduced,IndexedWithFloorCap,2839641.0800960083,-2839641.0800960083,443211.7018417634,59.1692905619193,0.7422235841240468,3074904.0965614645,-235263.01646545622,103,price,PayAsProduced / IndexedWithFloorCap
PayAsProduced,Floating,0.0,-0.0,443211.7018417634,49.88275599074176,0.7422235841240468,0.0,0.0,103,price,PayAsProduced / Floating
PayAsNominated,FixedFlat,1654438.3569429582,-1654438.3569429582,443211.70184176345,65.0,0.7422235841240468,1970042.078769011,-315603.72182605276,103,price,PayAsNominated / FixedFlat
PayAsNominated,FixedEscalated,3485106.1656916407,-3485106.1656916407,443211.70184176345,71.101113138445,0.7422235841240468,3990207.689438856,-505101.5237472155,103,price,PayAsNominated / FixedEscalated
PayAsNominated,IndexedWithFloorCap,571207.7312146442,-571207.7312146442,443211.70184176345,61.17196818927284,0.7422235841240468,702526.1279744618,-131318.3967598176,103,price,PayAsNominated / IndexedWithFloorCap
PayAsNominated,Floating,0.0,-0.0,443211.70184176345,59.050265212621994,0.7422235841240468,0.0,0.0,103,price,PayAsNominated / Floating
Baseload,FixedFlat,-1051566.3612473926,1051566.3612473926,443211.70184176316,65.0,0.7422235841240468,-730829.6698419923,-320736.6914054003,103,price,Baseload / FixedFlat
Baseload,FixedEscalated,795869.7436516371,-795869.7436516371,443211.70184176316,71.1737960547356,0.7422235841240468,1313402.291449715,-517532.5477980778,103,price,Baseload / FixedEscalated
Baseload,IndexedWithFloorCap,-124568.47930401657,124568.47930401657,443211.70184176316,67.12245208802544,0.7422235841240468,-28055.50040309984,-96512.97890091673,103,price,Baseload / IndexedWithFloorCap
Baseload,Floating,0.0,-0.0,443211.70184176316,67.20718265724756,0.7422235841240468,0.0,0.0,103,price,Baseload / Floating
PayAsProduced,FixedFlat,4651987.611707693,-4651987.611707693,443211.7018417634,65.00000000000001,0.741564626499536,5032654.730584316,-380667.118876623,104,price,PayAsProduced / FixedFlat
PayAsProduced,FixedEscalated,6482631.71349688,-6482631.71349688,443211.7018417634,71.101113138445,0.741564626499536,7052820.341254158,-570188.6277572783,104,price,PayAsProduced / FixedEscalated
PayAsProduced,IndexedWithFloorCap,2859381.1406526444,-2859381.1406526444,443211.7018417634,59.13859263889909,0.741564626499536,3091859.122909172,-232477.98225652752,104,price,PayAsProduced / IndexedWithFloorCap
PayAsProduced,Floating,0.0,-0.0,443211.7018417634,49.80085210051455,0.741564626499536,0.0,0.0,104,price,PayAsProduced / Floating
PayAsNominated,FixedFlat,1674472.6774402356,-1674472.6774402356,443211.70184176345,65.0,0.741564626499536,1994503.934453881,-320031.2570136455,104,price,PayAsNominated / FixedFlat
PayAsNominated,FixedEscalated,3505140.486188918,-3505140.486188918,443211.70184176345,71.101113138445,0.741564626499536,4014669.545123727,-509529.0589348092,104,price,PayAsNominated / FixedEscalated
PayAsNominated,IndexedWithFloorCap,586325.0296387947,-586325.0296387947,443211.70184176345,61.14180837518098,0.741564626499536,717001.6388940389,-130676.60925524414,104,price,PayAsNominated / IndexedWithFloorCap
PayAsNominated,Floating,0.0,-0.0,443211.70184176345,58.97638782934141,0.741564626499536,0.0,0.0,104,price,PayAsNominated / Floating
Baseload,FixedFlat,-1041262.5171064286,1041262.5171064286,443211.70184176316,65.0,0.741564626499536,-714033.3006742764,-327229.2164321522,104,price,Baseload / FixedFlat
Baseload,FixedEscalated,806173.5877926014,-806173.5877926014,443211.70184176316,71.1737960547356,0.741564626499536,1330198.6606174307,-524025.07282482926,104,price,Baseload / FixedEscalated
Baseload,IndexedWithFloorCap,-114894.02997387212,114894.02997387212,443211.70184176316,67.10179629329697,0.741564626499536,-18098.55958634628,-96795.47038752584,104,price,Baseload / IndexedWithFloorCap
Baseload,Floating,0.0,-0.0,443211.70184176316,67.156455851452,0.741564626499536,0.0,0.0,104,price,Baseload / Floating
PayAsProduced,FixedFlat,4654616.959817051,-4654616.959817051,443211.7018417634,65.00000000000001,0.7404522553734446,5038531.292868648,-383914.33305159677,105,price,PayAsProduced / FixedFlat
PayAsProduced,FixedEscalated,6485261.061606238,-6485261.061606238,443211.7018417634,71.101113138445,0.7404522553734446,7058696.903538488,-573435.8419322502,105,price,PayAsProduced / FixedEscalated
PayAsProduced,IndexedWithFloorCap,2828294.2131858035,-2828294.2131858035,443211.7018417634,59.03291307909113,0.7404522553734446,3062743.6751077524,-234449.46192194894,105,price,PayAsProduced / IndexedWithFloorCap
PayAsProduced,Floating,0.0,-0.0,443211.7018417634,49.783104262826164,0.7404522553734446,0.0,0.0,105,price,PayAsProduced / Floating
PayAsNominated,FixedFlat,1654214.3488717456,-1654214.3488717456,443211.70184176345,65.0,0.7404522553734446,1973071.5046819483,-318857.1558102027,105,price,PayAsNominated / FixedFlat
PayAsNominated,FixedEscalated,3484882.157620428,-3484882.157620428,443211.70184176345,71.101113138445,0.7404522553734446,3993237.115351794,-508354.9577313657,105,price,PayAsNominated / FixedEscalated
PayAsNominated,IndexedWithFloorCap,566871.7314425757,-566871.7314425757,443211.70184176345,61.14879390706285,0.7404522553734446,697882.2183975899,-131010.48695501417,105,price,PayAsNominated / IndexedWithFloorCap
PayAsNominated,Floating,0.0,-0.0,443211.70184176345,59.04111602696031,0.7404522553734446,0.0,0.0,105,price,PayAsNominated / Floating
Baseload,FixedFlat,-1066443.8361454464,1066443.8361454464,443211.70184176316,65.0,0.7404522553734446,-739502.3764035344,-326941.45974191197,105,price,Baseload / FixedFlat
Baseload,FixedEscalated,780992.2687535832,-780992.2687535832,443211.70184176316,71.1737960547356,0.7404522553734446,1304729.5848881728,-523737.3161345896,105,price,Baseload / FixedEscalated
Baseload,IndexedWithFloorCap,-131337.74595166926,131337.74595166926,443211.70184176316,67.13067490471899,0.7404522553734446,-34005.515034464406,-97332.23091720486,105,price,Baseload / IndexedWithFloorCap
Baseload,Floating,0.0,-0.0,443211.70184176316,67.2333751454619,0.7404522553734446,0.0,0.0,105,price,Baseload / Floating
PayAsProduced,FixedFlat,4677092.689629806,-4677092.689629806,443211.7018417634,65.00000000000001,0.7414876786990431,5050825.73403375,-373733.04440394416,106,price,PayAsProduced / FixedFlat
PayAsProduced,FixedEscalated,6507736.791418994,-6507736.791418994,443211.7018417634,71.101113138445,0.7414876786990431,7070991.344703591,-563254.5532845976,106,price,PayAsProduced / FixedEscalated
PayAsProduced,IndexedWithFloorCap,2834083.5115641514,-2834083.5115641514,443211.7018417634,59.00624495382667,0.7414876786990431,3066207.919497646,-232124.40793349454,106,price,PayAsProduced / IndexedWithFloorCap
PayAsProduced,Floating,0.0,-0.0,443211.7018417634,49.74597375425495,0.7414876786990431,0.0,0.0,106,price,PayAsProduced / Floating
PayAsNominated,FixedFlat,1687746.5959781809,-1687746.5959781809,443211.70184176345,65.0,0.7414876786990431,2001687.178149491,-313940.5821713102,106,price,PayAsNominated / FixedFlat
PayAsNominated,FixedEscalated,3518414.404726863,-3518414.404726863,443211.70184176345,71.101113138445,0.7414876786990431,4021852.7888193373,-503438.38409247436,106,price,PayAsNominated / FixedEscalated
PayAsNominated,IndexedWithFloorCap,563655.3447075749,-563655.3447075749,443211.70184176345,61.04849922468913,0.7414876786990431,693288.8915291565,-129633.54682158155,106,price,PayAsNominated / IndexedWithFloorCap
PayAsNominated,Floating,0.0,-0.0,443211.70184176345,58.954693676022266,0.7414876786990431,0.0,0.0,106,price,PayAsNominated / Floating
Baseload,FixedFlat,-1016999.5567428372,1016999.5567428372,443211.70184176316,65.0,0.7414876786990431,-691834.7433965061,-325164.8133463311,106,price,Baseload / FixedFlat
Baseload,FixedEscalated,830436.5481561922,-830436.5481561922,443211.70184176316,71.1737960547356,0.7414876786990431,1352397.2178952012,-521960.669739009,106,price,Baseload / FixedEscalated
Baseload,IndexedWithFloorCap,-131194.80725057476,131194.80725057476,443211.70184176316,66.98243136562715,0.7414876786990431,-35423.43295587657,-95771.37429469818,106,price,Baseload / IndexedWithFloorCap
Baseload,Floating,0.0,-0.0,443211.70184176316,67.08941386798955,0.7414876786990431,0.0,0.0,106,price,Baseload / Floating
PayAsProduced,FixedFlat,4595683.2135256305,-4595683.2135256305,443211.7018417634,65.00000000000001,0.7430819068187807,4974747.005457573,-379063.7919319421,107,price,PayAsProduced / FixedFlat
PayAsProduced,FixedEscalated,6426327.315314818,-6426327.315314818,443211.7018417634,71.101113138445,0.7430819068187807,6994912.616127414,-568585.3008125955,107,price,PayAsProduced / FixedEscalated
PayAsProduced,IndexedWithFloorCap,2815814.7793429685,-2815814.7793429685,443211.7018417634,59.18104743247268,0.7430819068187807,3048008.785678584,-232194.00633561565,107,price,PayAsProduced / IndexedWithFloorCap
PayAsProduced,Floating,0.0,-0.0,443211.7018417634,49.97573953584273,0.7430819068187807,0.0,0.0,107,price,PayAsProduced / Floating
PayAsNominated,FixedFlat,1638843.0378284324,-1638843.0378284324,443211.70184176345,65.0,0.7430819068187807,1950498.0429042864,-311655.005075854,107,price,PayAsNominated / FixedFlat
PayAsNominated,FixedEscalated,3469510.8465771154,-3469510.8465771154,443211.70184176345,71.101113138445,0.7430819068187807,3970663.6535741324,-501152.806997017,107,price,PayAsNominated / FixedEscalated
PayAsNominated,IndexedWithFloorCap,554646.4511248972,-554646.4511248972,443211.70184176345,61.16663589642794,0.7430819068187807,681216.4938677697,-126570.0427428725,107,price,PayAsNominated / IndexedWithFloorCap
PayAsNominated,Floating,0.0,-0.0,443211.70184176345,59.109290261540124,0.7430819068187807,0.0,0.0,107,price,PayAsNominated / Floating
Baseload,FixedFlat,-1066789.2953771828,1066789.2953771828,443211.70184176316,65.0,0.7430819068187807,-746558.3570459452,-320230.9383312375,107,price,Baseload / FixedFlat
Baseload,FixedEscalated,780646.8095218467,-780646.8095218467,443211.70184176316,71.1737960547356,0.7430819068187807,1297673.604245762,-517026.7947239154,107,price,Baseload / FixedEscalated
Baseload,IndexedWithFloorCap,-137169.0469695467,137169.0469695467,443211.70184176316,67.12352180509252,0.7430819068187807,-43429.98902344521,-93739.0579461015,107,price,Baseload / IndexedWithFloorCap
Baseload,Floating,0.0,-0.0,443211.70184176316,67.25468495094253,0.7430819068187807,0.0,0.0,107,price,Baseload / Floating
PayAsProduced,FixedFlat,4626477.834696026,-4626477.834696026,443211.7018417634,65.00000000000001,0.741079840079744,5007720.538241014,-381242.7035449883,108,price,PayAsProduced / FixedFlat
PayAsProduced,FixedEscalated,6457121.936485212,-6457121.936485212,443211.7018417634,71.101113138445,0.741079840079744,7027886.148910855,-570764.2124256426,108,price,PayAsProduced / FixedEscalated
PayAsProduced,IndexedWithFloorCap,2828210.4053491126,-2828210.4053491126,443211.7018417634,59.12205465906737,0.741079840079744,3061448.969480102,-233238.56413098937,108,price,PayAsProduced / IndexedWithFloorCap
PayAsProduced,Floating,0.0,-0.0,443211.7018417634,49.87615599030396,0.741079840079744,0.0,0.0,108,price,PayAsProduced / Floating
PayAsNominated,FixedFlat,1625876.1336542517,-1625876.1336542517,443211.70184176345,65.0,0.741079840079744,1941346.6029734134,-315470.4693191617,108,price,PayAsNominated / FixedFlat
PayAsNominated,FixedEscalated,3456543.9424029337,-3456543.9424029337,443211.70184176345,71.101113138445,0.741079840079744,3961512.213643259,-504968.2712403252,108,price,PayAsNominated / FixedEscalated
PayAsNominated,IndexedWithFloorCap,561453.4953608096,-561453.4953608096,443211.70184176345,61.22271853813551,0.741079840079744,690634.8167920114,-129181.32143120177,108,price,PayAsNominated / IndexedWithFloorCap
PayAsNominated,Floating,0.0,-0.0,443211.70184176345,59.136928575004646,0.741079840079744,0.0,0.0,108,price,PayAsNominated / Floating
Baseload,FixedFlat,-1088403.4285752834,1088403.4285752834,443211.70184176316,65.0,0.741079840079744,-762225.309945909,-326178.1186293744,108,price,Baseload / FixedFlat
Baseload,FixedEscalated,759032.6763237466,-759032.6763237466,443211.70184176316,71.1737960547356,0.741079840079744,1282006.6513457985,-522973.97502205195,108,price,Baseload / FixedEscalated
Baseload,IndexedWithFloorCap,-134038.58996175195,134038.58996175195,443211.70184176316,67.1867722946702,0.741079840079744,-38153.80236782387,-95884.78759392808,108,price,Baseload / IndexedWithFloorCap
Baseload,Floating,0.0,-0.0,443211.70184176316,67.30200080053056,0.741079840079744,0.0,0.0,108,price,Baseload / Floating
PayAsProduced,FixedFlat,4687196.608935714,-4687196.608935714,443211.7018417634,65.00000000000001,0.7399064089497561,5062497.0492529245,-375300.44031721074,109,price,PayAsProduced / FixedFlat
PayAsProduced,FixedEscalated,6517840.7107249005,-6517840.7107249005,443211.7018417634,71.101113138445,0.7399064089497561,7082662.659922766,-564821.9491978651,109,price,PayAsProduced / FixedEscalated
PayAsProduced,IndexedWithFloorCap,2837696.6593318037,-2837696.6593318037,443211.7018417634,58.97086136533981,0.7399064089497561,3066163.223716656,-228466.56438485254,109,price,PayAsProduced / IndexedWithFloorCap
PayAsProduced,Floating,0.0,-0.0,443211.7018417634,49.710725151739126,0.7399064089497561,0.0,0.0,109,price,PayAsProduced / Floating
PayAsNominated,FixedFlat,1672642.4763355842,-1672642.4763355842,443211.70184176345,65.0,0.7399064089497561,1990988.0890207435,-318345.6126851593,109,price,PayAsNominated / FixedFlat
PayAsNominated,FixedEscalated,3503310.285084266,-3503310.285084266,443211.70184176345,71.101113138445,0.7399064089497561,4011153.6996905887,-507843.41460632253,109,price,PayAsNominated / FixedEscalated
PayAsNominated,IndexedWithFloorCap,568999.6834648831,-568999.6834648831,443211.70184176345,61.09559870541916,0.7399064089497561,698185.1124843414,-129185.42901945824,109,price,PayAsNominated / IndexedWithFloorCap
PayAsNominated,Floating,0.0,-0.0,443211.70184176345,58.98700605323928,0.7399064089497561,0.0,0.0,109,price,PayAsNominated / Floating
Baseload,FixedFlat,-1051927.5947340678,1051927.5947340678,443211.70184176316,65.0,0.7399064089497561,-723535.2737017924,-328392.32103227545,109,price,Baseload / FixedFlat
Baseload,FixedEscalated,795508.5101649619,-795508.5101649619,443211.70184176316,71.1737960547356,0.7399064089497561,1320696.6875899148,-525188.1774249529,109,price,Baseload / FixedEscalated
Baseload,IndexedWithFloorCap,-131546.1232496467,131546.1232496467,443211.70184176316,67.07702169898403,0.7399064089497561,-35803.75427417434,-95742.36897547237,109,price,Baseload / IndexedWithFloorCap
Baseload,Floating,0.0,-0.0,443211.70184176316,67.1851528118265,0.7399064089497561,0.0,0.0,109,price,Baseload / Floating
PayAsProduced,FixedFlat,4590637.9426249815,-4590637.9426249815,443211.7018417634,65.00000000000001,0.7428733765418828,4986480.207611908,-395842.2649869267,110,price,PayAsProduced / FixedFlat
PayAsProduced,FixedEscalated,6421282.044414168,-6421282.044414168,443211.7018417634,71.101113138445,0.7428733765418828,7006645.818281749,-585363.773867581,110,price,PayAsProduced / FixedEscalated
PayAsProduced,IndexedWithFloorCap,2811635.9279849436,-2811635.9279849436,443211.7018417634,59.15220165609557,0.7428733765418828,3050190.739703637,-238554.81171869347,110,price,PayAsProduced / IndexedWithFloorCap
PayAsProduced,Floating,0.0,-0.0,443211.7018417634,49.94030402825773,0.7428733765418828,0.0,0.0,110,price,PayAsProduced / Floating
PayAsNominated,FixedFlat,1647900.7825404399,-1647900.7825404399,443211.70184176345,65.0,0.7428733765418828,1972849.54561015,-324948.7630697102,110,price,PayAsNominated / FixedFlat
PayAsNominated,FixedEscalated,3478568.591289122,-3478568.591289122,443211.70184176345,71.101113138445,0.7428733765418828,3993015.1562799956,-514446.56499087345,110,price,PayAsNominated / FixedEscalated
PayAsNominated,IndexedWithFloorCap,561171.1135275292,-561171.1135275292,443211.70184176345,61.137194805825764,0.7428733765418828,693819.6314105031,-132648.5178829739,110,price,PayAsNominated / IndexedWithFloorCap
PayAsNominated,Floating,0.0,-0.0,443211.70184176345,59.04178636675918,0.7428733765418828,0.0,0.0,110,price,PayAsNominated / Floating
Baseload,FixedFlat,-1069605.1590267783,1069605.1590267783,443211.70184176316,65.0,0.7428733765418828,-737015.0827703917,-332590.0762563866,110,price,Baseload / FixedFlat
Baseload,FixedEscalated,777830.9458722508,-777830.9458722508,443211.70184176316,71.1737960547356,0.7428733765418828,1307216.8785213155,-529385.9326490647,110,price,Baseload / FixedEscalated
Baseload,IndexedWithFloorCap,-132772.31513182534,132772.31513182534,443211.70184176316,67.12022326298361,0.7428733765418828,-34978.9091036681,-97793.40602815725,110,price,Baseload / IndexedWithFloorCap
Baseload,Floating,0.0,-0.0,443211.70184176316,67.2258632564444,0.7428733765418828,0.0,0.0,110,price,Baseload / Floating
PayAsProduced,FixedFlat,4658720.832303621,-4658720.832303621,443211.7018417634,65.00000000000001,0.7407332982694579,5039022.288200786,-380301.45589716546,111,price,PayAsProduced / FixedFlat
PayAsProduced,FixedEscalated,6489364.9340928085,-6489364.9340928085,443211.7018417634,71.101113138445,0.7407332982694579,7059187.898870627,-569822.9647778189,111,price,PayAsProduced / FixedEscalated
PayAsProduced,IndexedWithFloorCap,2858692.809251099,-2858692.809251099,443211.7018417634,59.11317894373394,0.7407332982694579,3089811.843454489,-231119.03420339013,111,price,PayAsProduced / IndexedWithFloorCap
PayAsProduced,Floating,0.0,-0.0,443211.7018417634,49.781621405155484,0.7407332982694579,0.0,0.0,111,price,PayAsProduced / Floating
PayAsNominated,FixedFlat,1660272.241894763,-1660272.241894763,443211.70184176345,65.0,0.7407332982694579,1981189.0724017841,-320916.83050702116,111,price,PayAsNominated / FixedFlat
PayAsNominated,FixedEscalated,3490940.0506434455,-3490940.0506434455,443211.70184176345,71.101113138445,0.7407332982694579,4001354.68307163,-510414.6324281846,111,price,PayAsNominated / FixedEscalated
PayAsNominated,IndexedWithFloorCap,577079.9928643124,-577079.9928643124,443211.70184176345,61.149359584820715,0.7407332982694579,706187.0900941301,-129107.09722981777,111,price,PayAsNominated / IndexedWithFloorCap
PayAsNominated,Floating,0.0,-0.0,443211.70184176345,59.016600116578445,0.7407332982694579,0.0,0.0,111,price,PayAsNominated / Floating
Baseload,FixedFlat,-1062421.3495568028,1062421.3495568028,443211.70184176316,65.0,0.7407332982694579,-730393.0889335781,-332028.26062322466,111,price,Baseload / FixedFlat
Baseload,FixedEscalated,785014.7553422269,-785014.7553422269,443211.70184176316,71.1737960547356,0.7407332982694579,1313838.8723581291,-528824.1170159022,111,price,Baseload / FixedEscalated
Baseload,IndexedWithFloorCap,-122272.83279421309,122272.83279421309,443211.70184176316,67.12668420699711,0.7407332982694579,-26217.604519396802,-96055.22827481628,111,price,Baseload / IndexedWithFloorCap
Baseload,Floating,0.0,-0.0,443211.70184176316,67.20586413687366,0.7407332982694579,0.0,0.0,111,price,Baseload / Floating
PayAsProduced,FixedFlat,4626596.977845151,-4626596.977845151,443211.7018417634,65.00000000000001,0.7411609567438401,5019771.4457854275,-393174.4679402765,112,price,PayAsProduced / FixedFlat
PayAsProduced,FixedEscalated,6457241.079634337,-6457241.079634337,443211.7018417634,71.101113138445,0.7411609567438401,7039937.0564552685,-582695.9768209318,112,price,PayAsProduced / FixedEscalated
PayAsProduced,IndexedWithFloorCap,2845771.4817965264,-2845771.4817965264,443211.7018417634,59.154972972133194,0.7411609567438401,3084399.6001582826,-238628.1183617562,112,price,PayAsProduced / IndexedWithFloorCap
PayAsProduced,Floating,0.0,-0.0,443211.7018417634,49.83976097894396,0.7411609567438401,0.0,0.0,112,price,PayAsProduced / Floating
PayAsNominated,FixedFlat,1627492.714464176,-1627492.714464176,443211.70184176345,65.0,0.7411609567438401,1955514.2954316752,-328021.5809674992,112,price,PayAsNominated / FixedFlat
PayAsNominated,FixedEscalated,3458160.5232128575,-3458160.5232128575,443211.70184176345,71.101113138445,0.7411609567438401,3975679.906101521,-517519.38288866356,112,price,PayAsNominated / FixedEscalated
PayAsNominated,IndexedWithFloorCap,573256.8338083175,-573256.8338083175,443211.70184176345,61.22749023525795,0.7411609567438401,706382.4862499703,-133125.65244165272,112,price,PayAsNominated / IndexedWithFloorCap
PayAsNominated,Floating,0.0,-0.0,443211.70184176345,59.09414065002364,0.7411609567438401,0.0,0.0,112,price,PayAsNominated / Floating
Baseload,FixedFlat,-1078434.867071197,1078434.867071197,443211.70184176316,65.0,0.7411609567438401,-743526.8557057389,-334908.011365458,112,price,Baseload / FixedFlat
Baseload,FixedEscalated,769001.2378278326,-769001.2378278326,443211.70184176316,71.1737960547356,0.7411609567438401,1300705.1055859686,-531703.867758136,112,price,Baseload / FixedEscalated
Baseload,IndexedWithFloorCap,-125307.24193478619,125307.24193478619,443211.70184176316,67.16330677782486,0.7411609567438401,-27225.115560560174,-98082.126374226,112,price,Baseload / IndexedWithFloorCap
Baseload,Floating,0.0,-0.0,443211.70184176316,67.24552949727168,0.7411609567438401,0.0,0.0,112,price,Baseload / Floating
PayAsProduced,FixedFlat,4622411.237213142,-4622411.237213142,443211.7018417634,65.00000000000001,0.7418001786846142,5007587.407890294,-385176.17067715153,113,price,PayAsProduced / FixedFlat
PayAsProduced,FixedEscalated,6453055.33900233,-6453055.33900233,443211.7018417634,71.101113138445,0.7418001786846142,7027753.018560134,-574697.679557804,113,price,PayAsProduced / FixedEscalated
PayAsProduced,IndexedWithFloorCap,2825518.7566161123,-2825518.7566161123,443211.7018417634,59.10816743316585,0.7418001786846142,3056717.580490794,-231198.82387468172,113,price,PayAsProduced / IndexedWithFloorCap
PayAsProduced,Floating,0.0,-0.0,443211.7018417634,49.8765580579996,0.7418001786846142,0.0,0.0,113,price,PayAsProduced / Floating
PayAsNominated,FixedFlat,1627977.937404381,-1627977.937404381,443211.70184176345,65.0,0.7418001786846142,1952555.1951261598,-324577.2577217787,113,price,PayAsNominated / FixedFlat
PayAsNominated,FixedEscalated,3458645.746153063,-3458645.746153063,443211.70184176345,71.101113138445,0.7418001786846142,3972720.8057960053,-514075.05964294216,113,price,PayAsNominated / FixedEscalated
PayAsNominated,IndexedWithFloorCap,561448.6227572107,-561448.6227572107,443211.70184176345,61.19227083832085,0.7418001786846142,691761.7411090997,-130313.11835188896,113,price,PayAsNominated / IndexedWithFloorCap
PayAsNominated,Floating,0.0,-0.0,443211.70184176345,59.1030774449362,0.7418001786846142,0.0,0.0,113,price,PayAsNominated / Floating
Baseload,FixedFlat,-1072316.5295830993,1072316.5295830993,443211.70184176316,65.0,0.7418001786846142,-740764.8604029323,-331551.669180167,113,price,Baseload / FixedFlat
Baseload,FixedEscalated,775119.5753159305,-775119.5753159305,443211.70184176316,71.1737960547356,0.7418001786846142,1303467.100888775,-528347.5255728444,113,price,Baseload / FixedEscalated
Baseload,IndexedWithFloorCap,-134532.8589948299,134532.8589948299,443211.70184176316,67.1225488547839,0.7418001786846142,-37958.65010964788,-96574.20888518202,113,price,Baseload / IndexedWithFloorCap
Baseload,Floating,0.0,-0.0,443211.70184176316,67.23718798024888,0.7418001786846142,0.0,0.0,113,price,Baseload / Floating
PayAsProduced,FixedFlat,4624548.619152012,-4624548.619152012,443211.7018417634,65.00000000000001,0.7426169985291182,5011368.880687909,-386820.2615358969,114,price,PayAsProduced / FixedFlat
PayAsProduced,FixedEscalated,6455192.7209412,-6455192.7209412,443211.7018417634,71.101113138445,0.7426169985291182,7031534.49135775,-576341.7704165503,114,price,PayAsProduced / FixedEscalated
PayAsProduced,IndexedWithFloorCap,2831497.9007544075,-2831497.9007544075,443211.7018417634,59.12224146478349,0.7426169985291182,3065159.165964944,-233661.2652105363,114,price,PayAsProduced / IndexedWithFloorCap
PayAsProduced,Floating,0.0,-0.0,443211.7018417634,49.86513761145485,0.7426169985291182,0.0,0.0,114,price,PayAsProduced / Floating
PayAsNominated,FixedFlat,1674833.4018161376,-1674833.4018161376,443211.70184176345,65.0,0.7426169985291182,1998044.2679530792,-323210.8661369416,114,price,PayAsNominated / FixedFlat
PayAsNominated,FixedEscalated,3505501.21056482,-3505501.21056482,443211.70184176345,71.101113138445,0.7426169985291182,4018209.878622925,-512708.6680581048,114,price,PayAsNominated / FixedEscalated
PayAsNominated,IndexedWithFloorCap,576633.3338790428,-576633.3338790428,443211.70184176345,61.10460252901327,0.7426169985291182,708222.5858750199,-131589.25199597713,114,price,PayAsNominated / IndexedWithFloorCap
PayAsNominated,Floating,0.0,-0.0,443211.70184176345,58.96569564890217,0.7426169985291182,0.0,0.0,114,price,PayAsNominated / Floating
Baseload,FixedFlat,-1044732.4167957411,1044732.4167957411,443211.70184176316,65.0,0.7426169985291182,-711185.0230218329,-333547.39377390814,114,price,Baseload / FixedFlat
Baseload,FixedEscalated,802703.6881032884,-802703.6881032884,443211.70184176316,71.1737960547356,0.7426169985291182,1333046.9382698743,-530343.2501665859,114,price,Baseload / FixedEscalated
Baseload,IndexedWithFloorCap,-122545.30880413888,122545.30880413888,443211.70184176316,67.0725585571935,0.7426169985291182,-24931.313521053504,-97613.99528308539,114,price,Baseload / IndexedWithFloorCap
Baseload,Floating,0.0,-0.0,443211.70184176316,67.1478537526362,0.7426169985291182,0.0,0.0,114,price,Baseload / Floating
PayAsProduced,FixedFlat,4651189.561981238,-4651189.561981238,443211.7018417634,65.00000000000001,0.7421694744923087,5024469.227401954,-373279.6654207157,115,price,PayAsProduced / FixedFlat
PayAsProduced,FixedEscalated,6481833.663770425,-6481833.663770425,443211.7018417634,71.101113138445,0.7421694744923087,7044634.838071794,-562801.1743013691,115,price,PayAsProduced / FixedEscalated
PayAsProduced,IndexedWithFloorCap,2820197.3065269636,-2820197.3065269636,443211.7018417634,59.028197270789036,0.7421694744923087,3047120.1382272,-226922.83170023654,115,price,PayAsProduced / IndexedWithFloorCap
PayAsProduced,Floating,0.0,-0.0,443211.7018417634,49.82557318315595,0.7421694744923087,0.0,0.0,115,price,PayAsProduced / Floating
PayAsNominated,FixedFlat,1671195.0364731625,-1671195.0364731625,443211.70184176345,65.0,0.7421694744923087,1984760.7129082538,-313565.6764350913,115,price,PayAsNominated / FixedFlat
PayAsNominated,FixedEscalated,3501862.8452218445,-3501862.8452218445,443211.70184176345,71.101113138445,0.7421694744923087,4004926.3235780997,-503063.4783562552,115,price,PayAsNominated / FixedEscalated
PayAsNominated,IndexedWithFloorCap,560413.4765880525,-560413.4765880525,443211.70184176345,61.0839905531764,0.7421694744923087,688114.1115394469,-127700.6349513944,115,price,PayAsNominated / IndexedWithFloorCap
PayAsNominated,Floating,0.0,-0.0,443211.70184176345,59.00581338567642,0.7421694744923087,0.0,0.0,115,price,PayAsNominated / Floating
Baseload,FixedFlat,-1030413.4979260906,1030413.4979260906,443211.70184176316,65.0,0.7421694744923087,-706940.3446435248,-323473.15328256576,115,price,Baseload / FixedFlat
Baseload,FixedEscalated,817022.606972939,-817022.606972939,443211.70184176316,71.1737960547356,0.7421694744923087,1337291.6166481825,-520269.0096752435,115,price,Baseload / FixedEscalated
Baseload,IndexedWithFloorCap,-133040.94038687623,133040.94038687623,443211.70184176316,67.01946376791065,0.7421694744923087,-38267.077429432364,-94773.86295744387,115,price,Baseload / IndexedWithFloorCap
Baseload,Floating,0.0,-0.0,443211.70184176316,67.13503437640011,0.7421694744923087,0.0,0.0,115,price,Baseload / Floating
PayAsProduced,FixedFlat,4607051.726453994,-4607051.726453994,443211.7018417634,65.00000000000001,0.742299907007825,4981280.879680138,-374229.1532261437,116,price,PayAsProduced / FixedFlat
PayAsProduced,FixedEscalated,6437695.828243182,-6437695.828243182,443211.7018417634,71.101113138445,0.742299907007825,7001446.490349979,-563750.6621067971,116,price,PayAsProduced / FixedEscalated
PayAsProduced,IndexedWithFloorCap,2832474.7977677197,-2832474.7977677197,443211.7018417634,59.198030720342935,0.742299907007825,3060166.0688321195,-227691.27106439974,116,price,PayAsProduced / IndexedWithFloorCap
PayAsProduced,Floating,0.0,-0.0,443211.7018417634,49.95600654679782,0.742299907007825,0.0,0.0,116,price,PayAsProduced / Floating
PayAsNominated,FixedFlat,1632853.0810030687,-1632853.0810030687,443211.70184176345,65.0,0.742299907007825,1946327.375488754,-313474.2944856852,116,price,PayAsNominated / FixedFlat
PayAsNominated,FixedEscalated,3463520.88975175,-3463520.88975175,443211.70184176345,71.101113138445,0.742299907007825,3966492.9861586,-502972.09640685003,116,price,PayAsNominated / FixedEscalated
PayAsNominated,IndexedWithFloorCap,564833.876915535,-564833.876915535,443211.70184176345,61.21432355118291,0.742299907007825,692835.8893478803,-128002.0124323453,116,price,PayAsNominated / IndexedWithFloorCap
PayAsNominated,Floating,0.0,-0.0,443211.70184176345,59.12188611686535,0.742299907007825,0.0,0.0,116,price,PayAsNominated / Floating
Baseload,FixedFlat,-1085123.3141408493,1085123.3141408493,443211.70184176316,65.0,0.742299907007825,-761216.1366593878,-323907.17748146143,116,price,Baseload / FixedFlat
Baseload,FixedEscalated,762312.7907581803,-762312.7907581803,443211.70184176316,71.1737960547356,0.742299907007825,1283015.8246323194,-520703.0338741391,116,price,Baseload / FixedEscalated
Baseload,IndexedWithFloorCap,-133418.23231781082,133418.23231781082,443211.70184176316,67.18193704511835,0.742299907007825,-38745.64919714417,-94672.58312066665,116,price,Baseload / IndexedWithFloorCap
Baseload,Floating,0.0,-0.0,443211.70184176316,67.29895299080405,0.742299907007825,0.0,0.0,116,price,Baseload / Floating
PayAsProduced,FixedFlat,4650132.071689687,-4650132.071689687,443211.7018417634,65.00000000000001,0.7409999789570422,5036025.740684051,-385893.6689943643,117,price,PayAsProduced / FixedFlat
PayAsProduced,FixedEscalated,6480776.173478873,-6480776.173478873,443211.7018417634,71.101113138445,0.7409999789570422,7056191.351353892,-575415.1778750187,117,price,PayAsProduced / FixedEscalated
PayAsProduced,IndexedWithFloorCap,2841745.240754075,-2841745.240754075,443211.7018417634,59.084424274045176,0.7409999789570422,3077294.214532891,-235548.97377881594,117,price,PayAsProduced / IndexedWithFloorCap
PayAsProduced,Floating,0.0,-0.0,443211.7018417634,49.790671294594134,0.7409999789570422,0.0,0.0,117,price,PayAsProduced / Floating
PayAsNominated,FixedFlat,1671375.415257842,-1671375.415257842,443211.70184176345,65.0,0.7409999789570422,1995118.1635108606,-323742.7482530186,117,price,PayAsNominated / FixedFlat
PayAsNominated,FixedEscalated,3502043.224006524,-3502043.224006524,443211.70184176345,71.101113138445,0.7409999789570422,4015283.7741807066,-513240.55017418275,117,price,PayAsNominated / FixedEscalated
PayAsNominated,IndexedWithFloorCap,577030.7739258965,-577030.7739258965,443211.70184176345,61.11522796573613,0.7409999789570422,708814.715135208,-131783.94120931148,117,price,PayAsNominated / IndexedWithFloorCap
PayAsNominated,Floating,0.0,-0.0,443211.70184176345,58.97453279282868,0.7409999789570422,0.0,0.0,117,price,PayAsNominated / Floating
Baseload,FixedFlat,-1055597.802426619,1055597.802426619,443211.70184176316,65.0,0.7409999789570422,-726428.3790276663,-329169.4233989527,117,price,Baseload / FixedFlat
Baseload,FixedEscalated,791838.3024724108,-791838.3024724108,443211.70184176316,71.1737960547356,0.7409999789570422,1317803.5822640408,-525965.27979163,117,price,Baseload / FixedEscalated
Baseload,IndexedWithFloorCap,-124955.62312834515,124955.62312834515,443211.70184176316,67.10924322862996,0.7409999789570422,-28027.851398293762,-96927.77173005139,117,price,Baseload / IndexedWithFloorCap
Baseload,Floating,0.0,-0.0,443211.70184176316,67.19389029494242,0.7409999789570422,0.0,0.0,117,price,Baseload / Floating
PayAsProduced,FixedFlat,4639728.801441133,-4639728.801441133,443211.7018417634,65.00000000000001,0.741417175075851,5019873.772776752,-380144.97133561876,118,price,PayAsProduced / FixedFlat
PayAsProduced,FixedEscalated,6470372.90323032,-6470372.90323032,443211.7018417634,71.101113138445,0.741417175075851,7040039.383446592,-569666.4802162722,118,price,PayAsProduced / FixedEscalated
PayAsProduced,IndexedWithFloorCap,2858862.808134835,-2858862.808134835,443211.7018417634,59.168849058590084,0.741417175075851,3089096.4973591394,-230233.68922430417,118,price,PayAsProduced / IndexedWithFloorCap
PayAsProduced,Floating,0.0,-0.0,443211.7018417634,49.83945194064141,0.741417175075851,0.0,0.0,118,price,PayAsProduced / Floating
PayAsNominated,FixedFlat,1641438.8165355106,-1641438.8165355106,443211.70184176345,65.0,0.741417175075851,1962557.7170784832,-321118.9005429726,118,price,PayAsNominated / FixedFlat
PayAsNominated,FixedEscalated,3472106.6252841926,-3472106.6252841926,443211.70184176345,71.101113138445,0.741417175075851,3982723.327748329,-510616.7024641363,118,price,PayAsNominated / FixedEscalated
PayAsNominated,IndexedWithFloorCap,575952.0761069154,-575952.0761069154,443211.70184176345,61.20437238757939,0.741417175075851,705771.2586855298,-129819.18257861445,118,price,PayAsNominated / IndexedWithFloorCap
PayAsNominated,Floating,0.0,-0.0,443211.70184176345,59.07286877403388,0.741417175075851,0.0,0.0,118,price,PayAsNominated / Floating
Baseload,FixedFlat,-1065818.866505924,1065818.866505924,443211.70184176316,65.0,0.741417175075851,-735694.1903031963,-330124.6762027276,118,price,Baseload / FixedFlat
Baseload,FixedEscalated,781617.2383931058,-781617.2383931058,443211.70184176316,71.1737960547356,0.741417175075851,1308537.770988511,-526920.5325954051,118,price,Baseload / FixedEscalated
Baseload,IndexedWithFloorCap,-123689.4802620135,123689.4802620135,443211.70184176316,67.1386566454068,0.741417175075851,-27554.460709114344,-96135.01955289916,118,price,Baseload / IndexedWithFloorCap
Baseload,Floating,0.0,-0.0,443211.70184176316,67.22187402192644,0.741417175075851,0.0,0.0,118,price,Baseload / Floating
PayAsProduced,FixedFlat,4664495.311627202,-4664495.311627202,443211.7018417634,65.00000000000001,0.7402384215447938,5041314.136728618,-376818.82510141656,119,price,PayAsProduced / FixedFlat
PayAsProduced,FixedEscalated,6495139.413416389,-6495139.413416389,443211.7018417634,71.101113138445,0.7402384215447938,7061479.747398459,-566340.33398207,119,price,PayAsProduced / FixedEscalated
PayAsProduced,IndexedWithFloorCap,2847663.9817981217,-2847663.9817981217,443211.7018417634,59.0840010200874,0.7402384215447938,3082442.465153062,-234778.48335494008,119,price,PayAsProduced / IndexedWithFloorCap
PayAsProduced,Floating,0.0,-0.0,443211.7018417634,49.77469978096258,0.7402384215447938,0.0,0.0,119,price,PayAsProduced / Floating
PayAsNominated,FixedFlat,1661394.9966556516,-1661394.9966556516,443211.70184176345,65.0,0.7402384215447938,1974495.0099093628,-313100.01325371116,119,price,PayAsNominated / FixedFlat
PayAsNominated,FixedEscalated,3492062.8054043334,-3492062.8054043334,443211.70184176345,71.101113138445,0.7402384215447938,3994660.6205792087,-502597.8151748753,119,price,PayAsNominated / FixedEscalated
PayAsNominated,IndexedWithFloorCap,570782.1133947058,-570782.1133947058,443211.70184176345,61.156964647580935,0.7402384215447938,702011.1723904642,-131229.05899575842,119,price,PayAsNominated / IndexedWithFloorCap
PayAsNominated,Floating,0.0,-0.0,443211.70184176345,59.03681689108761,0.7402384215447938,0.0,0.0,119,price,PayAsNominated / Floating
Baseload,FixedFlat,-1063795.247453908,1063795.247453908,443211.70184176316,65.0,0.7402384215447938,-742173.8262549057,-321621.4211990023,119,price,Baseload / FixedFlat
Baseload,FixedEscalated,783640.8574451215,-783640.8574451215,443211.70184176316,71.1737960547356,0.7402384215447938,1302058.1350368015,-518417.27759167994,119,price,Baseload / FixedEscalated
Baseload,IndexedWithFloorCap,-129559.5695672855,129559.5695672855,443211.70184176316,67.1417552153927,0.7402384215447938,-33008.11592816977,-96551.45363911573,119,price,Baseload / IndexedWithFloorCap
Baseload,Floating,0.0,-0.0,443211.70184176316,67.2414432056748,0.7402384215447938,0.0,0.0,119,price,Baseload / Floating
PayAsProduced,FixedFlat,4643624.864601645,-4643624.864601645,443211.7018417634,65.00000000000001,0.7413717288207894,5032297.52224598,-388672.6576443352,120,price,PayAsProduced / FixedFlat
PayAsProduced,FixedEscalated,6474268.966390833,-6474268.966390833,443211.7018417634,71.101113138445,0.7413717288207894,7052463.132915822,-578194.1665249886,120,price,PayAsProduced / FixedEscalated
PayAsProduced,IndexedWithFloorCap,2837424.0899368813,-2837424.0899368813,443211.7018417634,59.09921018341355,0.7413717288207894,3078461.8216516753,-241037.73171479395,120,price,PayAsProduced / IndexedWithFloorCap
PayAsProduced,Floating,0.0,-0.0,443211.7018417634,49.80193090735824,0.7413717288207894,0.0,0.0,120,price,PayAsProduced / Floating
PayAsNominated,FixedFlat,1671765.5615150619,-1671765.5615150619,443211.70184176345,65.0,0.7413717288207894,1994586.2677546963,-322820.7062396344,120,price,PayAsNominated / FixedFlat
PayAsNominated,FixedEscalated,3502433.370263744,-3502433.370263744,443211.70184176345,71.101113138445,0.7413717288207894,4014751.8784245425,-512318.50816079834,120,price,PayAsNominated / FixedEscalated
PayAsNominated,IndexedWithFloorCap,572371.1212578387,-572371.1212578387,443211.70184176345,61.111417766601505,0.7413717288207894,707021.208081742,-134650.08682390337,120,price,PayAsNominated / IndexedWithFloorCap
PayAsNominated,Floating,0.0,-0.0,443211.70184176345,58.97613917409222,0.7413717288207894,0.0,0.0,120,price,PayAsNominated / Floating
Baseload,FixedFlat,-1049688.3262141054,1049688.3262141054,443211.70184176316,65.0,0.7413717288207894,-720300.831271877,-329387.4949422283,120,price,Baseload / FixedFlat
Baseload,FixedEscalated,797747.7786849241,-797747.7786849241,443211.70184176316,71.1737960547356,0.7413717288207894,1323931.13001983,-526183.351334906,120,price,Baseload / FixedEscalated
Baseload,IndexedWithFloorCap,-129042.50075503538,129042.50075503538,443211.70184176316,67.08444296399112,0.7413717288207894,-30112.025113984757,-98930.47564105062,120,price,Baseload / IndexedWithFloorCap
Baseload,Floating,0.0,-0.0,443211.70184176316,67.17538445466782,0.7413717288207894,0.0,0.0,120,price,Baseload / Floating
PayAsProduced,FixedFlat,4668663.973309262,-4668663.973309262,443211.7018417634,65.00000000000001,0.7420082767987745,5037618.84960463,-368954.8762953682,121,price,PayAsProduced / FixedFlat
PayAsProduced,FixedEscalated,6499308.0750984475,-6499308.0750984475,443211.7018417634,71.101113138445,0.7420082767987745,7057784.46027447,-558476.3851760225,121,price,PayAsProduced / FixedEscalated
PayAsProduced,IndexedWithFloorCap,2850383.556537259,-2850383.556537259,443211.7018417634,59.07230072920976,0.7420082767987745,3074873.044780026,-224489.4882427673,121,price,PayAsProduced / IndexedWithFloorCap
PayAsProduced,Floating,0.0,-0.0,443211.7018417634,49.78585993768608,0.7420082767987745,0.0,0.0,121,price,PayAsProduced / Floating
PayAsNominated,FixedFlat,1700786.8598959972,-1700786.8598959972,443211.70184176345,65.0,0.7420082767987745,2008966.0656512517,-308179.2057552545,121,price,PayAsNominated / FixedFlat
PayAsNominated,FixedEscalated,3531454.6686446797,-3531454.6686446797,443211.70184176345,71.101113138445,0.7420082767987745,4029131.6763210976,-497677.00767641794,121,price,PayAsNominated / FixedEscalated
PayAsNominated,IndexedWithFloorCap,579107.930563464,-579107.930563464,443211.70184176345,61.06136972853529,0.7420082767987745,704829.3864904095,-125721.45592694555,121,price,PayAsNominated / IndexedWithFloorCap
PayAsNominated,Floating,0.0,-0.0,443211.70184176345,58.93271066832443,0.7420082767987745,0.0,0.0,121,price,PayAsNominated / Floating
Baseload,FixedFlat,-1015758.2307590734,1015758.2307590734,443211.70184176316,65.0,0.7420082767987745,-694047.9016753368,-321710.32908373664,121,price,Baseload / FixedFlat
Baseload,FixedEscalated,831677.874139956,-831677.874139956,443211.70184176316,71.1737960547356,0.7420082767987745,1350184.0596163704,-518506.1854764144,121,price,Baseload / FixedEscalated
Baseload,IndexedWithFloorCap,-123532.82281045454,123532.82281045454,443211.70184176316,67.00589631014076,0.7420082767987745,-29867.013309006958,-93665.80950144758,121,price,Baseload / IndexedWithFloorCap
Baseload,Floating,0.0,-0.0,443211.70184176316,67.09609783933384,0.7420082767987745,0.0,0.0,121,price,Baseload / Floating
PayAsProduced,FixedFlat,4639043.029711899,-4639043.029711899,443211.7018417634,65.00000000000001,0.7414904435632309,5026421.254783752,-387378.225071853,122,price,PayAsProduced / FixedFlat
PayAsProduced,FixedEscalated,6469687.131501086,-6469687.131501086,443211.7018417634,71.101113138445,0.7414904435632309,7046586.8654535925,-576899.7339525064,122,price,PayAsProduced / FixedEscalated
PayAsProduced,IndexedWithFloorCap,2838065.2468476426,-2838065.2468476426,443211.7018417634,59.102006829940834,0.7414904435632309,3073511.563757115,-235446.31690947246,122,price,PayAsProduced / IndexedWithFloorCap
PayAsProduced,Floating,0.0,-0.0,443211.7018417634,49.81967785465279,0.7414904435632309,0.0,0.0,122,price,PayAsProduced / Floating
PayAsNominated,FixedFlat,1629721.0742452024,-1629721.0742452024,443211.70184176345,65.0,0.7414904435632309,1956862.5813834306,-327141.5071382283,122,price,PayAsNominated / FixedFlat
PayAsNominated,FixedEscalated,3460388.882993885,-3460388.882993885,443211.70184176345,71.101113138445,0.7414904435632309,3977028.1920532766,-516639.30905939173,122,price,PayAsNominated / FixedEscalated
PayAsNominated,IndexedWithFloorCap,565761.9274579033,-565761.9274579033,443211.70184176345,61.19637703510781,0.7414904435632309,697428.747709646,-131666.82025174273,122,price,PayAsNominated / IndexedWithFloorCap
PayAsNominated,Floating,0.0,-0.0,443211.70184176345,59.0900686842941,0.7414904435632309,0.0,0.0,122,price,PayAsNominated / Floating
Baseload,FixedFlat,-1057991.3056253057,1057991.3056253057,443211.70184176316,65.0,0.7414904435632309,-724664.64706339,-333326.65856191574,122,price,Baseload / FixedFlat
Baseload,FixedEscalated,789444.7992737242,-789444.7992737242,443211.70184176316,71.1737960547356,0.7414904435632309,1319567.3142283172,-530122.514954593,122,price,Baseload / FixedEscalated
Baseload,IndexedWithFloorCap,-130199.85290239903,130199.85290239903,443211.70184176316,67.08924804727971,0.7414904435632309,-32884.80926983727,-97315.04363256175,122,price,Baseload / IndexedWithFloorCap
Baseload,Floating,0.0,-0.0,443211.70184176316,67.18856363845292,0.7414904435632309,0.0,0.0,122,price,Baseload / Floating
PayAsProduced,FixedFlat,4634483.782530901,-4634483.782530901,443211.7018417634,65.00000000000001,0.7419120938154498,5009077.926008666,-374594.1434777649,123,price,PayAsProduced / FixedFlat
PayAsProduced,FixedEscalated,6465127.884320087,-6465127.884320087,443211.7018417634,71.101113138445,0.7419120938154498,7029243.536678507,-564115.6523584202,123,price,PayAsProduced / FixedEscalated
PayAsProduced,IndexedWithFloorCap,2818724.145016098,-2818724.145016098,443211.7018417634,59.08657949902369,0.7419120938154498,3051060.0255985893,-232335.8805824914,123,price,PayAsProduced / IndexedWithFloorCap
PayAsProduced,Floating,0.0,-0.0,443211.7018417634,49.87205653613077,0.7419120938154498,0.0,0.0,123,price,PayAsProduced / Floating
PayAsNominated,FixedFlat,1644477.5408045333,-1644477.5408045333,443211.70184176345,65.0,0.7419120938154498,1954536.7349397538,-310059.1941352205,123,price,PayAsNominated / FixedFlat
PayAsNominated,FixedEscalated,3475145.349553216,-3475145.349553216,443211.70184176345,71.101113138445,0.7419120938154498,3974702.3456095997,-499556.99605638394,123,price,PayAsNominated / FixedEscalated
PayAsNominated,IndexedWithFloorCap,558871.6201261702,-558871.6201261702,443211.70184176345,61.17800635180306,0.7419120938154498,689020.105911315,-130148.48578514473,123,price,PayAsNominated / IndexedWithFloorCap
PayAsNominated,Floating,0.0,-0.0,443211.70184176345,59.097092985777394,0.7419120938154498,0.0,0.0,123,price,PayAsNominated / Floating
Baseload,FixedFlat,-1055099.4001747859,1055099.4001747859,443211.70184176316,65.0,0.7419120938154498,-735397.5045823868,-319701.89559239906,123,price,Baseload / FixedFlat
Baseload,FixedEscalated,792336.7047242436,-792336.7047242436,443211.70184176316,71.1737960547356,0.7419120938154498,1308834.4567093204,-516497.7519850768,123,price,Baseload / FixedEscalated
Baseload,IndexedWithFloorCap,-134276.47022491362,134276.47022491362,443211.70184176316,67.10541769538284,0.7419120938154498,-38263.66559375034,-96012.80463116328,123,price,Baseload / IndexedWithFloorCap
Baseload,Floating,0.0,-0.0,443211.70184176316,67.22097799976882,0.7419120938154498,0.0,0.0,123,price,Baseload / Floating
PayAsProduced,FixedFlat,4702556.531618033,-4702556.531618033,443211.7018417634,65.00000000000001,0.7392772601864852,5071358.539768306,-368802.008150273,124,price,PayAsProduced / FixedFlat
PayAsProduced,FixedEscalated,6533200.633407221,-6533200.633407221,443211.7018417634,71.101113138445,0.7392772601864852,7091524.150438146,-558323.5170309246,124,price,PayAsProduced / FixedEscalated
PayAsProduced,IndexedWithFloorCap,2880763.1742387456,-2880763.1742387456,443211.7018417634,59.06330676823044,0.7392772601864852,3105634.7061378374,-224871.5318990918,124,price,PayAsProduced / IndexedWithFloorCap
PayAsProduced,Floating,0.0,-0.0,443211.7018417634,49.68396251607993,0.7392772601864852,0.0,0.0,124,price,PayAsProduced / Floating
PayAsNominated,FixedFlat,1655633.889523269,-1655633.889523269,443211.70184176345,65.0,0.7392772601864852,1975525.0602285468,-319891.17070527794,124,price,PayAsNominated / FixedFlat
PayAsNominated,FixedEscalated,3486301.698271951,-3486301.698271951,443211.70184176345,71.101113138445,0.7392772601864852,3995690.670898393,-509388.9726264416,124,price,PayAsNominated / FixedEscalated
PayAsNominated,IndexedWithFloorCap,586673.8652701628,-586673.8652701628,443211.70184176345,61.19192874105291,0.7392772601864852,714618.332925037,-127944.4676548742,124,price,PayAsNominated / IndexedWithFloorCap
PayAsNominated,Floating,0.0,-0.0,443211.70184176345,59.03370603052131,0.7392772601864852,0.0,0.0,124,price,PayAsNominated / Floating
Baseload,FixedFlat,-1058836.7116055607,1058836.7116055607,443211.70184176316,65.0,0.7392772601864852,-730480.6102847394,-328356.1013208213,124,price,Baseload / FixedFlat
Baseload,FixedEscalated,788599.3932934692,-788599.3932934692,443211.70184176316,71.1737960547356,0.7392772601864852,1313751.3510069677,-525151.9577134985,124,price,Baseload / FixedEscalated
Baseload,IndexedWithFloorCap,-118214.09362464369,118214.09362464369,443211.70184176316,67.13543056546916,0.7392772601864852,-23409.081787636107,-94805.01183700758,124,price,Baseload / IndexedWithFloorCap
Baseload,Floating,0.0,-0.0,443211.70184176316,67.2061284605819,0.7392772601864852,0.0,0.0,124,price,Baseload / Floating
PayAsProduced,FixedFlat,4640258.458133371,-4640258.458133371,443211.7018417634,65.00000000000001,0.7416874074782607,5014217.239866922,-373958.78173355106,125,price,PayAsProduced / FixedFlat
PayAsProduced,FixedEscalated,6470902.559922557,-6470902.559922557,443211.7018417634,71.101113138445,0.7416874074782607,7034382.850536763,-563480.2906142054,125,price,PayAsProduced / FixedEscalated
PayAsProduced,IndexedWithFloorCap,2825754.5866802763,-2825754.5866802763,443211.7018417634,59.096169379111785,0.7416874074782607,3059374.685582183,-233620.09890190652,125,price,PayAsProduced / IndexedWithFloorCap
PayAsProduced,Floating,0.0,-0.0,443211.7018417634,49.85653526642022,0.7416874074782607,0.0,0.0,125,price,PayAsProduced / Floating
PayAsNominated,FixedFlat,1646499.1009486194,-1646499.1009486194,443211.70184176345,65.0,0.7416874074782607,1960517.800850767,-314018.6999021475,125,price,PayAsNominated / FixedFlat
PayAsNominated,FixedEscalated,3477166.909697301,-3477166.909697301,443211.70184176345,71.101113138445,0.7416874074782607,3980683.4115206124,-503516.5018233112,125,price,PayAsNominated / FixedEscalated
PayAsNominated,IndexedWithFloorCap,558306.4773478777,-558306.4773478777,443211.70184176345,61.1556867219363,0.7416874074782607,687610.8239175177,-129304.34656963998,125,price,PayAsNominated / IndexedWithFloorCap
PayAsNominated,Floating,0.0,-0.0,443211.70184176345,59.07902953611819,0.7416874074782607,0.0,0.0,125,price,PayAsNominated / Floating
Baseload,FixedFlat,-1057748.6675939474,1057748.6675939474,443211.70184176316,65.0,0.7416874074782607,-735211.0585121063,-322537.6090818411,125,price,Baseload / FixedFlat
Baseload,FixedEscalated,789687.4373050821,-789687.4373050821,443211.70184176316,71.1737960547356,0.7416874074782607,1309020.9027796008,-519333.4654745187,125,price,Baseload / FixedEscalated
Baseload,IndexedWithFloorCap,-136168.10699717904,136168.10699717904,443211.70184176316,67.09681941433757,0.7416874074782607,-40924.233057617894,-95243.87393956115,125,price,Baseload / IndexedWithFloorCap
Baseload,Floating,0.0,-0.0,443211.70184176316,67.22041491297881,0.7416874074782607,0.0,0.0,125,price,Baseload / Floating
PayAsProduced,FixedFlat,4701684.427587284,-4701684.427587284,443211.7018417634,65.00000000000001,0.7397144487248267,5075564.122646945,-373879.6950596608,126,price,PayAsProduced / FixedFlat
PayAsProduced,FixedEscalated,6532328.529376471,-6532328.529376471,443211.7018417634,71.101113138445,0.7397144487248267,7095729.733316787,-563401.2039403152,126,price,PayAsProduced / FixedEscalated
PayAsProduced,IndexedWithFloorCap,2873169.5578927607,-2873169.5578927607,443211.7018417634,59.03826708760693,0.7397144487248267,3101549.293496493,-228379.73560373206,126,price,PayAsProduced / IndexedWithFloorCap
PayAsProduced,Floating,0.0,-0.0,443211.7018417634,49.671261212374844,0.7397144487248267,0.0,0.0,126,price,PayAsProduced / Floating
PayAsNominated,FixedFlat,1685342.6765265595,-1685342.6765265595,443211.70184176345,65.0,0.7397144487248267,2006096.87490401,-320754.19837745046,126,price,PayAsNominated / FixedFlat
PayAsNominated,FixedEscalated,3516010.4852752415,-3516010.4852752415,443211.70184176345,71.101113138445,0.7397144487248267,4026262.485573856,-510252.0002986146,126,price,PayAsNominated / FixedEscalated
PayAsNominated,IndexedWithFloorCap,587861.3473838042,-587861.3473838042,443211.70184176345,61.11106474961876,0.7397144487248267,718414.9262712321,-130553.57888742792,126,price,PayAsNominated / IndexedWithFloorCap
PayAsNominated,Floating,0.0,-0.0,443211.70184176345,58.941375926891475,0.7397144487248267,0.0,0.0,126,price,PayAsNominated / Floating
Baseload,FixedFlat,-1040408.6067047585,1040408.6067047585,443211.70184176316,65.0,0.7397144487248267,-711643.2072333874,-328765.3994713711,126,price,Baseload / FixedFlat
Baseload,FixedEscalated,807027.4981942713,-807027.4981942713,443211.70184176316,71.1737960547356,0.7397144487248267,1332588.7540583198,-525561.2558640485,126,price,Baseload / FixedEscalated
Baseload,IndexedWithFloorCap,-117390.36739488857,117390.36739488857,443211.70184176316,67.08597310265823,0.7397144487248267,-20947.75033083549,-96442.61706405308,126,price,Baseload / IndexedWithFloorCap
Baseload,Floating,0.0,-0.0,443211.70184176316,67.1492375172633,0.7397144487248267,0.0,0.0,126,price,Baseload / Floating
PayAsProduced,FixedFlat,4622626.1988323275,-4622626.1988323275,443211.7018417634,65.00000000000001,0.7419887705239451,5001602.531437012,-378976.33260468487,127,price,PayAsProduced / FixedFlat
PayAsProduced,FixedEscalated,6453270.300621513,-6453270.300621513,443211.7018417634,71.101113138445,0.7419887705239451,7021768.142106853,-568497.8414853401,127,price,PayAsProduced / FixedEscalated
PayAsProduced,IndexedWithFloorCap,2805992.6003795913,-2805992.6003795913,443211.7018417634,59.07008647426745,0.7419887705239451,3038123.555208076,-232130.95482848445,127,price,PayAsProduced / IndexedWithFloorCap
PayAsProduced,Floating,0.0,-0.0,443211.7018417634,49.894633015898215,0.7419887705239451,0.0,0.0,127,price,PayAsProduced / Floating
PayAsNominated,FixedFlat,1641107.141273147,-1641107.141273147,443211.70184176345,65.0,0.7419887705239451,1962498.512204106,-321391.370930959,127,price,PayAsNominated / FixedFlat
PayAsNominated,FixedEscalated,3471774.950021829,-3471774.950021829,443211.70184176345,71.101113138445,0.7419887705239451,3982664.1228739517,-510889.1728521227,127,price,PayAsNominated / FixedEscalated
PayAsNominated,IndexedWithFloorCap,551569.303968336,-551569.303968336,443211.70184176345,61.13261852479126,0.7419887705239451,681953.3260596714,-130384.02209133538,127,price,PayAsNominated / IndexedWithFloorCap
PayAsNominated,Floating,0.0,-0.0,443211.70184176345,59.07304757899671,0.7419887705239451,0.0,0.0,127,price,PayAsNominated / Floating
Baseload,FixedFlat,-1070989.8724071155,1070989.8724071155,443211.70184176316,65.0,0.7419887705239451,-743172.2015151003,-327817.6708920152,127,price,Baseload / FixedFlat
Baseload,FixedEscalated,776446.2324919138,-776446.2324919138,443211.70184176316,71.1737960547356,0.7419887705239451,1301059.759776607,-524613.5272846931,127,price,Baseload / FixedEscalated
Baseload,IndexedWithFloorCap,-138836.62889878382,138836.62889878382,443211.70184176316,67.11570033450052,0.7419887705239451,-42633.63400216164,-96202.99489662217,127,price,Baseload / IndexedWithFloorCap
Baseload,Floating,0.0,-0.0,443211.70184176316,67.24445840422332,0.7419887705239451,0.0,0.0,127,price,Baseload / Floating
PayAsProduced,FixedFlat,4662995.841106385,-4662995.841106385,443211.7018417634,65.00000000000001,0.7404380721595007,5046976.7191758305,-383980.8780694455,128,price,PayAsProduced / FixedFlat
PayAsProduced,FixedEscalated,6493639.942895572,-6493639.942895572,443211.7018417634,71.101113138445,0.7404380721595007,7067142.329845671,-573502.3869500989,128,price,PayAsProduced / FixedEscalated
PayAsProduced,IndexedWithFloorCap,2870157.134130576,-2870157.134130576,443211.7018417634,59.13120133299243,0.7404380721595007,3103733.7446560217,-233576.61052544555,128,price,PayAsProduced / IndexedWithFloorCap
PayAsProduced,Floating,0.0,-0.0,443211.7018417634,49.757598184943056,0.7404380721595007,0.0,0.0,128,price,PayAsProduced / Floating
PayAsNominated,FixedFlat,1667068.3549464366,-1667068.3549464366,443211.70184176345,65.0,0.7404380721595007,1986472.4484705774,-319404.0935241408,128,price,PayAsNominated / FixedFlat
PayAsNominated,FixedEscalated,3497736.1636951184,-3497736.1636951184,443211.70184176345,71.101113138445,0.7404380721595007,4006638.0591404233,-508901.8954453049,128,price,PayAsNominated / FixedEscalated
PayAsNominated,IndexedWithFloorCap,577775.2437613346,-577775.2437613346,443211.70184176345,61.14054199038283,0.7404380721595007,708550.8348353208,-130775.59107398626,128,price,PayAsNominated / IndexedWithFloorCap
PayAsNominated,Floating,0.0,-0.0,443211.70184176345,59.000643763803005,0.7404380721595007,0.0,0.0,128,price,PayAsNominated / Floating
Baseload,FixedFlat,-1055401.436243753,1055401.436243753,443211.70184176316,65.0,0.7404380721595007,-728522.8213269329,-326878.6149168201,128,price,Baseload / FixedFlat
Baseload,FixedEscalated,792034.6686552765,-792034.6686552765,443211.70184176316,71.1737960547356,0.7404380721595007,1315709.1399647745,-523674.47130949795,128,price,Baseload / FixedEscalated
Baseload,IndexedWithFloorCap,-124526.51565567384,124526.51565567384,443211.70184176316,67.11613331253635,0.7404380721595007,-27840.88860861043,-96685.6270470634,128,price,Baseload / IndexedWithFloorCap
Baseload,Floating,0.0,-0.0,443211.70184176316,67.20021573151172,0.7404380721595007,0.0,0.0,128,price,Baseload / Floating
PayAsProduced,FixedFlat,4720455.008167727,-4720455.008167727,443211.7018417634,65.00000000000001,0.738164672689769,5088081.614094323,-367626.6059265956,129,price,PayAsProduced / FixedFlat
PayAsProduced,FixedEscalated,6551099.109956913,-6551099.109956913,443211.7018417634,71.101113138445,0.738164672689769,7108247.224764164,-557148.1148072509,129,price,PayAsProduced / FixedEscalated
PayAsProduced,IndexedWithFloorCap,2877309.166547526,-2877309.166547526,443211.7018417634,59.012308792832364,0.738164672689769,3105471.6231717058,-228162.4566241796,129,price,PayAsProduced / IndexedWithFloorCap
PayAsProduced,Floating,0.0,-0.0,443211.7018417634,49.63345706843407,0.738164672689769,0.0,0.0,129,price,PayAsProduced / Floating
PayAsNominated,FixedFlat,1661050.1708138296,-1661050.1708138296,443211.70184176345,65.0,0.738164672689769,1976482.107637682,-315431.93682385236,129,price,PayAsNominated / FixedFlat
PayAsNominated,FixedEscalated,3491717.9795625117,-3491717.9795625117,443211.70184176345,71.101113138445,0.738164672689769,3996647.718307528,-504929.7387450165,129,price,PayAsNominated / FixedEscalated
PayAsNominated,IndexedWithFloorCap,582866.4925799081,-582866.4925799081,443211.70184176345,61.17854915417929,0.738164672689769,711145.2082207015,-128278.71564079344,129,price,PayAsNominated / IndexedWithFloorCap
PayAsNominated,Floating,0.0,-0.0,443211.70184176345,59.030815646440345,0.738164672689769,0.0,0.0,129,price,PayAsNominated / Floating
Baseload,FixedFlat,-1065516.5619097056,1065516.5619097056,443211.70184176316,65.0,0.738164672689769,-741366.0308548935,-324150.53105481213,129,price,Baseload / FixedFlat
Baseload,FixedEscalated,781919.5429893242,-781919.5429893242,443211.70184176316,71.1737960547356,0.738164672689769,1302865.9304368137,-520946.38744748954,129,price,Baseload / FixedEscalated
Baseload,IndexedWithFloorCap,-121586.03726697789,121586.03726697789,443211.70184176316,67.15867795339703,0.738164672689769,-26596.960521719935,-94989.07674525795,129,price,Baseload / IndexedWithFloorCap
Baseload,Floating,0.0,-0.0,443211.70184176316,67.23900357839763,0.738164672689769,0.0,0.0,129,price,Baseload / Floating
PayAsProduced,FixedFlat,4614383.259641352,-4614383.259641352,443211.7018417634,65.00000000000001,0.7428744288658825,4993644.143383513,-379260.8837421611,130,price,PayAsProduced / FixedFlat
PayAsProduced,FixedEscalated,6445027.361430541,-6445027.361430541,443211.7018417634,71.101113138445,0.7428744288658825,7013809.754053354,-568782.3926228136,130,price,PayAsProduced / FixedEscalated
PayAsProduced,IndexedWithFloorCap,2807544.0047133546,-2807544.0047133546,443211.7018417634,59.09183571986344,0.7428744288658825,3037366.652689105,-229822.64797575027,130,price,PayAsProduced / IndexedWithFloorCap
PayAsProduced,Floating,0.0,-0.0,443211.7018417634,49.91866818690479,0.7428744288658825,0.0,0.0,130,price,PayAsProduced / Floating
PayAsNominated,FixedFlat,1651011.639336433,-1651011.639336433,443211.70184176345,65.0,0.7428744288658825,1973771.0875130277,-322759.4481765947,130,price,PayAsNominated / FixedFlat
PayAsNominated,FixedEscalated,3481679.448085115,-3481679.448085115,443211.70184176345,71.101113138445,0.7428744288658825,3993936.698182874,-512257.25009775907,130,price,PayAsNominated / FixedEscalated
PayAsNominated,IndexedWithFloorCap,561395.9977572046,-561395.9977572046,443211.70184176345,61.128379318078544,0.7428744288658825,691822.2395411162,-130426.2417839116,130,price,PayAsNominated / IndexedWithFloorCap
PayAsNominated,Floating,0.0,-0.0,443211.70184176345,59.039003213050606,0.7428744288658825,0.0,0.0,130,price,PayAsNominated / Floating
Baseload,FixedFlat,-1058264.1857860982,1058264.1857860982,443211.70184176316,65.0,0.7428744288658825,-727340.015709405,-330924.1700766933,130,price,Baseload / FixedFlat
Baseload,FixedEscalated,789171.9191129312,-789171.9191129312,443211.70184176316,71.1737960547356,0.7428744288658825,1316891.9455823025,-527720.0264693713,130,price,Baseload / FixedEscalated
Baseload,IndexedWithFloorCap,-132638.16573918174,132638.16573918174,443211.70184176316,67.08766819426869,0.7428744288658825,-36083.289789105474,-96554.87595007627,130,price,Baseload / IndexedWithFloorCap
Baseload,Floating,0.0,-0.0,443211.70184176316,67.19664353383881,0.7428744288658825,0.0,0.0,130,price,Baseload / Floating
PayAsProduced,FixedFlat,4608265.493173033,-4608265.493173033,443211.7018417634,65.00000000000001,0.742130976090501,4982252.382398356,-373986.88922532275,131,price,PayAsProduced / FixedFlat
PayAsProduced,FixedEscalated,6438909.594962221,-6438909.594962221,443211.7018417634,71.101113138445,0.742130976090501,7002417.993068196,-563508.3981059752,131,price,PayAsProduced / FixedEscalated
PayAsProduced,IndexedWithFloorCap,2811738.3451017886,-2811738.3451017886,443211.7018417634,59.13620764019731,0.742130976090501,3040667.067623949,-228928.7225221605,131,price,PayAsProduced / IndexedWithFloorCap
PayAsProduced,Floating,0.0,-0.0,443211.7018417634,49.95307250615935,0.742130976090501,0.0,0.0,131,price,PayAsProduced / Floating
PayAsNominated,FixedFlat,1623227.2713687918,-1623227.2713687918,443211.70184176345,65.0,0.742130976090501,1935922.7025280022,-312695.4311592104,131,price,PayAsNominated / FixedFlat
PayAsNominated,FixedEscalated,3453895.080117474,-3453895.080117474,443211.70184176345,71.101113138445,0.742130976090501,3956088.313197848,-502193.2330803741,131,price,PayAsNominated / FixedEscalated
PayAsNominated,IndexedWithFloorCap,554109.8024214951,-554109.8024214951,443211.70184176345,61.213566700862955,0.742130976090501,682180.6124474709,-128070.8100259758,131,price,PayAsNominated / IndexedWithFloorCap
PayAsNominated,Floating,0.0,-0.0,443211.70184176345,59.153309326213524,0.742130976090501,0.0,0.0,131,price,PayAsNominated / Floating
Baseload,FixedFlat,-1087331.593751273,1087331.593751273,443211.70184176316,65.0,0.742130976090501,-764979.4799489651,-322352.11380230775,131,price,Baseload / FixedFlat
Baseload,FixedEscalated,760104.5111477568,-760104.5111477568,443211.70184176316,71.1737960547356,0.742130976090501,1279252.4813427422,-519147.9701949854,131,price,Baseload / FixedEscalated
Baseload,IndexedWithFloorCap,-139266.78929325586,139266.78929325586,443211.70184176316,67.17615154281386,0.742130976090501,-44424.6548471415,-94842.13444611436,131,price,Baseload / IndexedWithFloorCap
Baseload,Floating,0.0,-0.0,443211.70184176316,67.31031868432306,0.742130976090501,0.0,0.0,131,price,Baseload / Floating
PayAsProduced,FixedFlat,4638731.102665728,-4638731.102665728,443211.7018417634,65.00000000000001,0.7411274224076533,5011976.99079753,-373245.88813180197,132,price,PayAsProduced / FixedFlat
PayAsProduced,FixedEscalated,6469375.204454914,-6469375.204454914,443211.7018417634,71.101113138445,0.7411274224076533,7032142.601467371,-562767.3970124573,132,price,PayAsProduced / FixedEscalated
PayAsProduced,IndexedWithFloorCap,2826109.371172443,-2826109.371172443,443211.7018417634,59.10050653780478,0.7411274224076533,3058570.531638515,-232461.16046607215,132,price,PayAsProduced / IndexedWithFloorCap
PayAsProduced,Floating,0.0,-0.0,443211.7018417634,49.86330105480829,0.7411274224076533,0.0,0.0,132,price,PayAsProduced / Floating
PayAsNominated,FixedFlat,1639932.0456781914,-1639932.0456781914,443211.70184176345,65.0,0.7411274224076533,1949532.4802390076,-309600.43456081627,132,price,PayAsNominated / FixedFlat
PayAsNominated,FixedEscalated,3470599.854426874,-3470599.854426874,443211.70184176345,71.101113138445,0.7411274224076533,3969698.0909088533,-499098.2364819795,132,price,PayAsNominated / FixedEscalated
PayAsNominated,IndexedWithFloorCap,559660.896014012,-559660.896014012,443211.70184176345,61.193614751071564,0.7411274224076533,689184.0149086226,-129523.11889461055,132,price,PayAsNominated / IndexedWithFloorCap
PayAsNominated,Floating,0.0,-0.0,443211.70184176345,59.11220636259244,0.7411274224076533,0.0,0.0,132,price,PayAsNominated / Floating
Baseload,FixedFlat,-1075660.5157860424,1075660.5157860424,443211.70184176316,65.0,0.7411274224076533,-755051.3638075991,-320609.1519784434,132,price,Baseload / FixedFlat
Baseload,FixedEscalated,771775.5891129872,-771775.5891129872,443211.70184176316,71.1737960547356,0.7411274224076533,1289180.597484108,-517405.0083711209,132,price,Baseload / FixedEscalated
Baseload,IndexedWithFloorCap,-137023.7747600503,137023.7747600503,443211.70184176316,67.15616087081433,0.7411274224076533,-41115.73543122891,-95908.03932882138,132,price,Baseload / IndexedWithFloorCap
Baseload,Floating,0.0,-0.0,443211.70184176316,67.28033472681474,0.7411274224076533,0.0,0.0,132,price,Baseload / Floating
PayAsProduced,FixedFlat,4676772.387614746,-4676772.387614746,443211.7018417634,65.00000000000001,0.7415241933059208,5042188.196076759,-365415.8084620135,133,price,PayAsProduced / FixedFlat
PayAsProduced,FixedEscalated,6507416.489403932,-6507416.489403932,443211.7018417634,71.101113138445,0.7415241933059208,7062353.8067466,-554937.3173426678,133,price,PayAsProduced / FixedEscalated
PayAsProduced,IndexedWithFloorCap,2834611.5445869034,-2834611.5445869034,443211.7018417634,59.01226161191504,0.7415241933059208,3059562.5828792397,-224951.03829233628,133,price,PayAsProduced / IndexedWithFloorCap
PayAsProduced,Floating,0.0,-0.0,443211.7018417634,49.772060029575584,0.7415241933059208,0.0,0.0,133,price,PayAsProduced / Floating
PayAsNominated,FixedFlat,1669167.6961006515,-1669167.6961006515,443211.70184176345,65.0,0.7415241933059208,1983710.7837729119,-314543.08767226036,133,price,PayAsNominated / FixedFlat
PayAsNominated,FixedEscalated,3499835.5048493333,-3499835.5048493333,443211.70184176345,71.101113138445,0.7415241933059208,4003876.394442758,-504040.88959342474,133,price,PayAsNominated / FixedEscalated
PayAsNominated,IndexedWithFloorCap,562135.0370812367,-562135.0370812367,443211.70184176345,61.094253627391105,0.7415241933059208,690462.4327098822,-128327.39562864543,133,price,PayAsNominated / IndexedWithFloorCap
PayAsNominated,Floating,0.0,-0.0,443211.70184176345,59.00898428236342,0.7415241933059208,0.0,0.0,133,price,PayAsNominated / Floating
Baseload,FixedFlat,-1025788.0064459178,1025788.0064459178,443211.70184176316,65.0,0.7415241933059208,-702389.2107729336,-323398.7956729842,133,price,Baseload / FixedFlat
Baseload,FixedEscalated,821648.098453112,-821648.098453112,443211.70184176316,71.1737960547356,0.7415241933059208,1341842.7505187737,-520194.65206566174,133,price,Baseload / FixedEscalated
Baseload,IndexedWithFloorCap,-133519.8319548097,133519.8319548097,443211.70184176316,67.00489143944577,0.7415241933059208,-38541.04943118325,-94978.78252362643,133,price,Baseload / IndexedWithFloorCap
Baseload,Floating,0.0,-0.0,443211.70184176316,67.1212894722665,0.7415241933059208,0.0,0.0,133,price,Baseload / Floating
PayAsProduced,FixedFlat,4667496.61124348,-4667496.61124348,443211.7018417634,65.00000000000001,0.7410632624715826,5040579.746410477,-373083.1351669971,134,price,PayAsProduced / FixedFlat
PayAsProduced,FixedEscalated,6498140.713032667,-6498140.713032667,443211.7018417634,71.101113138445,0.7410632624715826,7060745.357080319,-562604.6440476524,134,price,PayAsProduced / FixedEscalated
PayAsProduced,IndexedWithFloorCap,2855659.956137621,-2855659.956137621,443211.7018417634,59.09102173130071,0.7410632624715826,3084032.7324889796,-228372.77635135874,134,price,PayAsProduced / IndexedWithFloorCap
PayAsProduced,Floating,0.0,-0.0,443211.7018417634,49.776917717153104,0.7410632624715826,0.0,0.0,134,price,PayAsProduced / Floating
PayAsNominated,FixedFlat,1673886.9093253966,-1673886.9093253966,443211.70184176345,65.0,0.7410632624715826,1986722.9321041957,-312836.02277879906,134,price,PayAsNominated / FixedFlat
PayAsNominated,FixedEscalated,3504554.718074079,-3504554.718074079,443211.70184176345,71.101113138445,0.7410632624715826,4006888.5427740416,-502333.8246999625,134,price,PayAsNominated / FixedEscalated
PayAsNominated,IndexedWithFloorCap,569824.3539266707,-569824.3539266707,443211.70184176345,61.10834242665309,0.7410632624715826,698139.5834954467,-128315.22956877598,134,price,PayAsNominated / IndexedWithFloorCap
PayAsNominated,Floating,0.0,-0.0,443211.70184176345,58.999887276819976,0.7410632624715826,0.0,0.0,134,price,PayAsNominated / Floating
Baseload,FixedFlat,-1041198.2375217326,1041198.2375217326,443211.70184176316,65.0,0.7410632624715826,-718383.1933900672,-322815.0441316654,134,price,Baseload / FixedFlat
Baseload,FixedEscalated,806237.8673772973,-806237.8673772973,443211.70184176316,71.1737960547356,0.7410632624715826,1325848.7679016402,-519610.9005243429,134,price,Baseload / FixedEscalated
Baseload,IndexedWithFloorCap,-126478.76801304234,126478.76801304234,443211.70184176316,67.07349389307318,0.7410632624715826,-31819.7808341784,-94658.98717886394,134,price,Baseload / IndexedWithFloorCap
Baseload,Floating,0.0,-0.0,443211.70184176316,67.16959298608045,0.7410632624715826,0.0,0.0,134,price,Baseload / Floating
PayAsProduced,FixedFlat,4630540.567862206,-4630540.567862206,443211.7018417634,65.00000000000001,0.7411917553691774,5004100.216788743,-373559.64892653655,135,price,PayAsProduced / FixedFlat
PayAsProduced,FixedEscalated,6461184.669651393,-6461184.669651393,443211.7018417634,71.101113138445,0.7411917553691774,7024265.827458583,-563081.15780719,135,price,PayAsProduced / FixedEscalated
PayAsProduced,IndexedWithFloorCap,2819947.949693743,-2819947.949693743,443211.7018417634,59.09301539090469,0.7411917553691774,3048213.332007609,-228265.3823138657,135,price,PayAsProduced / IndexedWithFloorCap
PayAsProduced,Floating,0.0,-0.0,443211.7018417634,49.887089742794934,0.7411917553691774,0.0,0.0,135,price,PayAsProduced / Floating
PayAsNominated,FixedFlat,1632086.797908145,-1632086.797908145,443211.70184176345,65.0,0.7411917553691774,1948480.3648350046,-316393.56692685955,135,price,PayAsNominated / FixedFlat
PayAsNominated,FixedEscalated,3462754.606656827,-3462754.606656827,443211.70184176345,71.101113138445,0.7411917553691774,3968645.9755048505,-505891.36884802347,135,price,PayAsNominated / FixedEscalated
PayAsNominated,IndexedWithFloorCap,559970.8724273689,-559970.8724273689,443211.70184176345,61.19569299704921,0.7411917553691774,688820.036400179,-128849.16397281014,135,price,PayAsNominated / IndexedWithFloorCap
PayAsNominated,Floating,0.0,-0.0,443211.70184176345,59.115383862041305,0.7411917553691774,0.0,0.0,135,price,PayAsNominated / Floating
Baseload,FixedFlat,-1090386.0310289748,1090386.0310289748,443211.70184176316,65.0,0.7411917553691774,-763744.9276212131,-326641.10340776166,135,price,Baseload / FixedFlat
Baseload,FixedEscalated,757050.0738700546,-757050.0738700546,443211.70184176316,71.1737960547356,0.7411917553691774,1280487.033670494,-523436.95980043954,135,price,Baseload / FixedEscalated
Baseload,IndexedWithFloorCap,-136017.6485395849,136017.6485395849,443211.70184176316,67.18394112133662,0.7411917553691774,-40610.861928990475,-95406.78661059441,135,price,Baseload / IndexedWithFloorCap
Baseload,Floating,0.0,-0.0,443211.70184176316,67.30659020612941,0.7411917553691774,0.0,0.0,135,price,Baseload / Floating
PayAsProduced,FixedFlat,4671574.199970337,-4671574.199970337,443211.7018417634,65.00000000000001,0.7412287488231657,5037235.393299489,-365661.19332915265,136,price,PayAsProduced / FixedFlat
PayAsProduced,FixedEscalated,6502218.301759522,-6502218.301759522,443211.7018417634,71.101113138445,0.7412287488231657,7057401.00396933,-555182.7022098079,136,price,PayAsProduced / FixedEscalated
PayAsProduced,IndexedWithFloorCap,2833217.033518309,-2833217.033518309,443211.7018417634,59.02508638088195,0.7412287488231657,3058856.2440903997,-225639.21057209093,136,price,PayAsProduced / IndexedWithFloorCap
PayAsProduced,Floating,0.0,-0.0,443211.7018417634,49.78701801615695,0.7412287488231657,0.0,0.0,136,price,PayAsProduced / Floating
PayAsNominated,FixedFlat,1665666.4753739089,-1665666.4753739089,443211.70184176345,65.0,0.7412287488231657,1975232.8136187948,-309566.3382448859,136,price,PayAsNominated / FixedFlat
PayAsNominated,FixedEscalated,3496334.2841225914,-3496334.2841225914,443211.70184176345,71.101113138445,0.7412287488231657,3995398.4242886407,-499064.14016604936,136,price,PayAsNominated / FixedEscalated
PayAsNominated,IndexedWithFloorCap,558200.5926187964,-558200.5926187964,443211.70184176345,61.10059763263687,0.7412287488231657,684085.0532087472,-125884.46058995079,136,price,PayAsNominated / IndexedWithFloorCap
PayAsNominated,Floating,0.0,-0.0,443211.70184176345,59.0345886460955,0.7412287488231657,0.0,0.0,136,price,PayAsNominated / Floating
Baseload,FixedFlat,-1038532.432045341,1038532.432045341,443211.70184176316,65.0,0.7412287488231657,-717929.6255893984,-320602.80645594257,136,price,Baseload / FixedFlat
Baseload,FixedEscalated,808903.6728536885,-808903.6728536885,443211.70184176316,71.1737960547356,0.7412287488231657,1326302.335702309,-517398.66284862044,136,price,Baseload / FixedEscalated
Baseload,IndexedWithFloorCap,-134769.4891610125,134769.4891610125,443211.70184176316,67.04349822381006,0.7412287488231657,-41298.20710399115,-93471.28205702134,136,price,Baseload / IndexedWithFloorCap
Baseload,Floating,0.0,-0.0,443211.70184176316,67.16822316350094,0.7412287488231657,0.0,0.0,136,price,Baseload / Floating
PayAsProduced,FixedFlat,4638366.486845662,-4638366.486845662,443211.7018417634,65.00000000000001,0.7422777801839215,5007674.083033897,-369307.5961882351,137,price,PayAsProduced / FixedFlat
PayAsProduced,FixedEscalated,6469010.588634849,-6469010.588634849,443211.7018417634,71.101113138445,0.7422777801839215,7027839.693703737,-558829.1050688885,137,price,PayAsProduced / FixedEscalated
PayAsProduced,IndexedWithFloorCap,2821709.884767134,-2821709.884767134,443211.7018417634,59.07608564125065,0.7422777801839215,3046181.5165890637,-224471.63182192948,137,price,PayAsProduced / IndexedWithFloorCap
PayAsProduced,Floating,0.0,-0.0,443211.7018417634,49.87629628992741,0.7422777801839215,0.0,0.0,137,price,PayAsProduced / Floating
PayAsNominated,FixedFlat,1657309.87475609,-1657309.87475609,443211.70184176345,65.0,0.7422777801839215,1971880.562709686,-314570.687953596,137,price,PayAsNominated / FixedFlat
PayAsNominated,FixedEscalated,3487977.683504772,-3487977.683504772,443211.70184176345,71.101113138445,0.7422777801839215,3992046.173379532,-504068.48987476015,137,price,PayAsNominated / FixedEscalated
PayAsNominated,IndexedWithFloorCap,566805.3102018964,-566805.3102018964,443211.70184176345,61.14159754163153,0.7422777801839215,694308.4571534548,-127503.14695155842,137,price,PayAsNominated / IndexedWithFloorCap
PayAsNominated,Floating,0.0,-0.0,443211.70184176345,59.044712797282365,0.7422777801839215,0.0,0.0,137,price,PayAsNominated / Floating
Baseload,FixedFlat,-1048929.4893863583,1048929.4893863583,443211.70184176316,65.0,0.7422777801839215,-726323.3542155104,-322606.1351708479,137,price,Baseload / FixedFlat
Baseload,FixedEscalated,798506.6155126713,-798506.6155126713,443211.70184176316,71.1737960547356,0.7422777801839215,1317908.607076197,-519401.99156352563,137,price,Baseload / FixedEscalated
Baseload,IndexedWithFloorCap,-127987.51352347719,127987.51352347719,443211.70184176316,67.09093876584488,0.7422777801839215,-33983.69538189875,-94003.81814157843,137,price,Baseload / IndexedWithFloorCap
Baseload,Floating,0.0,-0.0,443211.70184176316,67.19357310893652,0.7422777801839215,0.0,0.0,137,price,Baseload / Floating
PayAsProduced,FixedFlat,4570947.725941874,-4570947.725941874,443211.7018417634,65.00000000000001,0.7426530118382798,4958561.69011651,-387613.9641746357,138,price,PayAsProduced / FixedFlat
PayAsProduced,FixedEscalated,6401591.82773106,-6401591.82773106,443211.7018417634,71.101113138445,0.7426530118382798,6978727.300786351,-577135.473055291,138,price,PayAsProduced / FixedEscalated
PayAsProduced,IndexedWithFloorCap,2816320.29937595,-2816320.29937595,443211.7018417634,59.24335180141427,0.7426530118382798,3052453.3358512693,-236133.03647531942,138,price,PayAsProduced / IndexedWithFloorCap
PayAsProduced,Floating,0.0,-0.0,443211.7018417634,50.024620894655925,0.7426530118382798,0.0,0.0,138,price,PayAsProduced / Floating
PayAsNominated,FixedFlat,1595688.448306236,-1595688.448306236,443211.70184176345,65.0,0.7426530118382798,1923392.1587299313,-327703.7104236954,138,price,PayAsNominated / FixedFlat
PayAsNominated,FixedEscalated,3426356.2570549184,-3426356.2570549184,443211.70184176345,71.101113138445,0.7426530118382798,3943557.7693997766,-517201.51234485814,138,price,PayAsNominated / FixedEscalated
PayAsNominated,IndexedWithFloorCap,561227.4280708624,-561227.4280708624,443211.70184176345,61.28483397042233,0.7426530118382798,693247.6784401416,-132020.25036927918,138,price,PayAsNominated / IndexedWithFloorCap
PayAsNominated,Floating,0.0,-0.0,443211.70184176345,59.19115288962956,0.7426530118382798,0.0,0.0,138,price,PayAsNominated / Floating
Baseload,FixedFlat,-1114001.1000397345,1114001.1000397345,443211.70184176316,65.0,0.7426530118382798,-781212.9954177596,-332788.10462197487,138,price,Baseload / FixedFlat
Baseload,FixedEscalated,733435.0048592957,-733435.0048592957,443211.70184176316,71.1737960547356,0.7426530118382798,1263018.9658739476,-529583.9610146519,138,price,Baseload / FixedEscalated
Baseload,IndexedWithFloorCap,-133459.47409557272,133459.47409557272,443211.70184176316,67.25078327929644,0.7426530118382798,-35946.53752278927,-97512.93657278345,138,price,Baseload / IndexedWithFloorCap
Baseload,Floating,0.0,-0.0,443211.70184176316,67.35934561260395,0.7426530118382798,0.0,0.0,138,price,Baseload / Floating
PayAsProduced,FixedFlat,4669071.340297901,-4669071.340297901,443211.7018417634,65.00000000000001,0.7416090757343108,5037418.171213074,-368346.8309151726,139,price,PayAsProduced / FixedFlat
PayAsProduced,FixedEscalated,6499715.442087088,-6499715.442087088,443211.7018417634,71.101113138445,0.7416090757343108,7057583.781882914,-557868.339795826,139,price,PayAsProduced / FixedEscalated
PayAsProduced,IndexedWithFloorCap,2837462.7831816445,-2837462.7831816445,443211.7018417634,59.03835342016348,0.7416090757343108,3063431.928003886,-225969.14482224127,139,price,PayAsProduced / IndexedWithFloorCap
PayAsProduced,Floating,0.0,-0.0,443211.7018417634,49.78646600758691,0.7416090757343108,0.0,0.0,139,price,PayAsProduced / Floating
PayAsNominated,FixedFlat,1682870.5892991154,-1682870.5892991154,443211.70184176345,65.0,0.7416090757343108,1997098.031224788,-314227.4419256726,139,price,PayAsNominated / FixedFlat
PayAsNominated,FixedEscalated,3513538.3980477974,-3513538.3980477974,443211.70184176345,71.101113138445,0.7416090757343108,4017263.641894634,-503725.2438468365,139,price,PayAsNominated / FixedEscalated
PayAsNominated,IndexedWithFloorCap,569732.0908321459,-569732.0908321459,443211.70184176345,61.077194320968644,0.7416090757343108,698201.1004035211,-128469.00957137521,139,price,PayAsNominated / IndexedWithFloorCap
PayAsNominated,Floating,0.0,-0.0,443211.70184176345,58.96855338358717,0.7416090757343108,0.0,0.0,139,price,PayAsNominated / Floating
Baseload,FixedFlat,-1031514.4237120405,1031514.4237120405,443211.70184176316,65.0,0.7416090757343108,-706277.4162332327,-325237.0074788078,139,price,Baseload / FixedFlat
Baseload,FixedEscalated,815921.6811869896,-815921.6811869896,443211.70184176316,71.1737960547356,0.7416090757343108,1337954.5450584746,-522032.863871485,139,price,Baseload / FixedEscalated
Baseload,IndexedWithFloorCap,-125860.9401007088,125860.9401007088,443211.70184176316,67.04149250813659,0.7416090757343108,-30310.118824814963,-95550.82127589383,139,price,Baseload / IndexedWithFloorCap
Baseload,Floating,0.0,-0.0,443211.70184176316,67.13303226270581,0.7416090757343108,0.0,0.0,139,price,Baseload / Floating
PayAsProduced,FixedFlat,4710395.332926108,-4710395.332926108,443211.7018417634,65.00000000000001,0.7386083205621755,5086063.939855709,-375668.60692960117,140,price,PayAsProduced / FixedFlat
PayAsProduced,FixedEscalated,6541039.434715294,-6541039.434715294,443211.7018417634,71.101113138445,0.7386083205621755,7106229.55052555,-565190.1158102555,140,price,PayAsProduced / FixedEscalated
PayAsProduced,IndexedWithFloorCap,2873009.697582482,-2873009.697582482,443211.7018417634,59.008260609721205,0.7386083205621755,3102113.537745611,-229103.84016312892,140,price,PayAsProduced / IndexedWithFloorCap
PayAsProduced,Floating,0.0,-0.0,443211.7018417634,49.63955065736623,0.7386083205621755,0.0,0.0,140,price,PayAsProduced / Floating
PayAsNominated,FixedFlat,1671085.6046870516,-1671085.6046870516,443211.70184176345,65.0,0.7386083205621755,1989458.9366458391,-318373.3319587875,140,price,PayAsNominated / FixedFlat
PayAsNominated,FixedEscalated,3501753.413435734,-3501753.413435734,443211.70184176345,71.101113138445,0.7386083205621755,4009624.547315685,-507871.1338799512,140,price,PayAsNominated / FixedEscalated
PayAsNominated,IndexedWithFloorCap,580729.235590376,-580729.235590376,443211.70184176345,61.13677130581916,0.7386083205621755,710288.7955515182,-129559.55996114225,140,price,PayAsNominated / IndexedWithFloorCap
PayAsNominated,Floating,0.0,-0.0,443211.70184176345,58.9916242546362,0.7386083205621755,0.0,0.0,140,price,PayAsNominated / Floating
Baseload,FixedFlat,-1060433.5172037873,1060433.5172037873,443211.70184176316,65.0,0.7386083205621755,-730724.9236021966,-329708.5936015907,140,price,Baseload / FixedFlat
Baseload,FixedEscalated,787002.5876952424,-787002.5876952424,443211.70184176316,71.1737960547356,0.7386083205621755,1313507.0376895107,-526504.4499942684,140,price,Baseload / FixedEscalated
Baseload,IndexedWithFloorCap,-121510.24791869213,121510.24791869213,443211.70184176316,67.12942700655294,0.7386083205621755,-25641.259120883147,-95868.98879780898,140,price,Baseload / IndexedWithFloorCap
Baseload,Floating,0.0,-0.0,443211.70184176316,67.20686631255955,0.7386083205621755,0.0,0.0,140,price,Baseload / Floating
PayAsProduced,FixedFlat,4732785.018715301,-4732785.018715301,443211.7018417634,65.00000000000001,0.7390469526668814,5115265.433552293,-382480.4148369925,141,price,PayAsProduced / FixedFlat
PayAsProduced,FixedEscalated,6563429.120504487,-6563429.120504487,443211.7018417634,71.101113138445,0.7390469526668814,7135431.044222135,-572001.9237176478,141,price,PayAsProduced / FixedEscalated
PayAsProduced,IndexedWithFloorCap,2861540.251230274,-2861540.251230274,443211.7018417634,58.90418588528785,0.7390469526668814,3096854.40524673,-235314.1540164561,141,price,PayAsProduced / IndexedWithFloorCap
PayAsProduced,Floating,0.0,-0.0,443211.7018417634,49.551359067571084,0.7390469526668814,0.0,0.0,141,price,PayAsProduced / Floating
PayAsNominated,FixedFlat,1718608.1784210233,-1718608.1784210233,443211.70184176345,65.0,0.7390469526668814,2038684.32555515,-320076.14713412663,141,price,PayAsNominated / FixedFlat
PayAsNominated,FixedEscalated,3549275.9871697053,-3549275.9871697053,443211.70184176345,71.101113138445,0.7390469526668814,4058849.9362249956,-509573.9490552903,141,price,PayAsNominated / FixedEscalated
PayAsNominated,IndexedWithFloorCap,582867.9638862079,-582867.9638862079,443211.70184176345,61.00096090083039,0.7390469526668814,714545.4216295631,-131677.4577433552,141,price,PayAsNominated / IndexedWithFloorCap
PayAsNominated,Floating,0.0,-0.0,443211.70184176345,58.84295839009845,0.7390469526668814,0.0,0.0,141,price,PayAsNominated / Floating
Baseload,FixedFlat,-1005240.7048709336,1005240.7048709336,443211.70184176316,65.0,0.7390469526668814,-678005.0786666275,-327235.626204306,141,price,Baseload / FixedFlat
Baseload,FixedEscalated,842195.400028096,-842195.400028096,443211.70184176316,71.1737960547356,0.7390469526668814,1366226.8826250797,-524031.48259698367,141,price,Baseload / FixedEscalated
Baseload,IndexedWithFloorCap,-118759.78573088121,118759.78573088121,443211.70184176316,66.98233442833254,0.7390469526668814,-21625.86554734375,-97133.92018353746,141,price,Baseload / IndexedWithFloorCap
Baseload,Floating,0.0,-0.0,443211.70184176316,67.04764682238789,0.7390469526668814,0.0,0.0,141,price,Baseload / Floating
PayAsProduced,FixedFlat,4670978.370630232,-4670978.370630232,443211.7018417634,65.00000000000001,0.7405124460722258,5046644.903001567,-375666.53237133566,142,price,PayAsProduced / FixedFlat
PayAsProduced,FixedEscalated,6501622.472419418,-6501622.472419418,443211.7018417634,71.101113138445,0.7405124460722258,7066810.5136714075,-565188.0412519891,142,price,PayAsProduced / FixedEscalated
PayAsProduced,IndexedWithFloorCap,2844788.451052719,-2844788.451052719,443211.7018417634,59.04661531567632,0.7405124460722258,3075394.2912772,-230605.8402244812,142,price,PayAsProduced / IndexedWithFloorCap
PayAsProduced,Floating,0.0,-0.0,443211.7018417634,49.75860030477405,0.7405124460722258,0.0,0.0,142,price,PayAsProduced / Floating
PayAsNominated,FixedFlat,1668009.6367497807,-1668009.6367497807,443211.70184176345,65.0,0.7405124460722258,1982917.6112588118,-314907.97450903105,142,price,PayAsNominated / FixedFlat
PayAsNominated,FixedEscalated,3498677.4454984628,-3498677.4454984628,443211.70184176345,71.101113138445,0.7405124460722258,4003083.221928657,-504405.77643019427,142,price,PayAsNominated / FixedEscalated
PayAsNominated,IndexedWithFloorCap,575776.8057120964,-575776.8057120964,443211.70184176345,61.1433939513475,0.7405124460722258,705940.3225906652,-130163.5168785688,142,price,PayAsNominated / IndexedWithFloorCap
PayAsNominated,Floating,0.0,-0.0,443211.70184176345,59.01137974698339,0.7405124460722258,0.0,0.0,142,price,PayAsNominated / Floating
Baseload,FixedFlat,-1050348.325030763,1050348.325030763,443211.70184176316,65.0,0.7405124460722258,-726736.1206928815,-323612.2043378814,142,price,Baseload / FixedFlat
Baseload,FixedEscalated,797087.7798682668,-797087.7798682668,443211.70184176316,71.1737960547356,0.7405124460722258,1317495.8405988258,-520408.06073055905,142,price,Baseload / FixedEscalated
Baseload,IndexedWithFloorCap,-126635.84719521267,126635.84719521267,443211.70184176316,67.10147431331885,0.7405124460722258,-30907.991769710854,-95727.85542550182,142,price,Baseload / IndexedWithFloorCap
Baseload,Floating,0.0,-0.0,443211.70184176316,67.19481970721782,0.7405124460722258,0.0,0.0,142,price,Baseload / Floating
PayAsProduced,FixedFlat,4638533.728810635,-4638533.728810635,443211.7018417634,65.00000000000001,0.7419475220920052,5017864.273653435,-379330.5448427992,143,price,PayAsProduced / FixedFlat
PayAsProduced,FixedEscalated,6469177.830599822,-6469177.830599822,443211.7018417634,71.101113138445,0.7419475220920052,7038029.884323275,-568852.0537234526,143,price,PayAsProduced / FixedEscalated
PayAsProduced,IndexedWithFloorCap,2834141.3157156664,-2834141.3157156664,443211.7018417634,59.099985959570155,0.7419475220920052,3064285.4436133374,-230144.12789767096,143,price,PayAsProduced / IndexedWithFloorCap
PayAsProduced,Floating,0.0,-0.0,443211.7018417634,49.84552083986344,0.7419475220920052,0.0,0.0,143,price,PayAsProduced / Floating
PayAsNominated,FixedFlat,1663841.746247163,-1663841.746247163,443211.70184176345,65.0,0.7419475220920052,1977192.0169407432,-313350.27069358015,143,price,PayAsNominated / FixedFlat
PayAsNominated,FixedEscalated,3494509.5549958455,-3494509.5549958455,443211.70184176345,71.101113138445,0.7419475220920052,3997357.627610589,-502848.0726147434,143,price,PayAsNominated / FixedEscalated
PayAsNominated,IndexedWithFloorCap,568723.9343170965,-568723.9343170965,443211.70184176345,61.137240118030824,0.7419475220920052,698177.1062587054,-129453.17194160889,143,price,PayAsNominated / IndexedWithFloorCap
PayAsNominated,Floating,0.0,-0.0,443211.70184176345,59.028671645496495,0.7419475220920052,0.0,0.0,143,price,PayAsNominated / Floating
Baseload,FixedFlat,-1041875.7820274581,1041875.7820274581,443211.70184176316,65.0,0.7419475220920052,-722492.4085526074,-319383.37347485067,143,price,Baseload / FixedFlat
Baseload,FixedEscalated,805560.3228715716,-805560.3228715716,443211.70184176316,71.1737960547356,0.7419475220920052,1321739.5527390998,-516179.2298675282,143,price,Baseload / FixedEscalated
Baseload,IndexedWithFloorCap,-126919.80281425265,126919.80281425265,443211.70184176316,67.08575743889428,0.7419475220920052,-31868.360999385608,-95051.44181486704,143,price,Baseload / IndexedWithFloorCap
Baseload,Floating,0.0,-0.0,443211.70184176316,67.18200324912247,0.7419475220920052,0.0,0.0,143,price,Baseload / Floating
PayAsProduced,FixedFlat,4630809.483024199,-4630809.483024199,443211.7018417634,65.00000000000001,0.7417490830824726,5008178.227724227,-377368.74470002856,144,price,PayAsProduced / FixedFlat
PayAsProduced,FixedEscalated,6461453.584813386,-6461453.584813386,443211.7018417634,71.101113138445,0.7417490830824726,7028343.838394068,-566890.253580682,144,price,PayAsProduced / FixedEscalated
PayAsProduced,IndexedWithFloorCap,2828820.3242975343,-2828820.3242975343,443211.7018417634,59.105839541636676,0.7417490830824726,3056537.602225119,-227717.27792758448,144,price,PayAsProduced / IndexedWithFloorCap
PayAsProduced,Floating,0.0,-0.0,443211.7018417634,49.8747737198086,0.7417490830824726,0.0,0.0,144,price,PayAsProduced / Floating
PayAsNominated,FixedFlat,1636131.4429116007,-1636131.4429116007,443211.70184176345,65.0,0.7417490830824726,1957668.8654490446,-321537.4225374439,144,price,PayAsNominated / FixedFlat
PayAsNominated,FixedEscalated,3466799.2516602827,-3466799.2516602827,443211.70184176345,71.101113138445,0.7417490830824726,3977834.4761188906,-511035.22445860785,144,price,PayAsNominated / FixedEscalated
PayAsNominated,IndexedWithFloorCap,567918.5672300735,-567918.5672300735,443211.70184176345,61.19225174889301,0.7417490830824726,696869.0906500579,-128950.52341998438,144,price,PayAsNominated / IndexedWithFloorCap
PayAsNominated,Floating,0.0,-0.0,443211.70184176345,59.08763362140616,0.7417490830824726,0.0,0.0,144,price,PayAsNominated / Floating
Baseload,FixedFlat,-1072910.592204229,1072910.592204229,443211.70184176316,65.0,0.7417490830824726,-741501.9444029342,-331408.6478012948,144,price,Baseload / FixedFlat
Baseload,FixedEscalated,774525.5126948007,-774525.5126948007,443211.70184176316,71.1737960547356,0.7417490830824726,1302730.016888773,-528204.5041939723,144,price,Baseload / FixedEscalated
Baseload,IndexedWithFloorCap,-130389.3440306781,130389.3440306781,443211.70184176316,67.13464051616572,0.7417490830824726,-34692.01250260607,-95697.33152807203,144,price,Baseload / IndexedWithFloorCap
Baseload,Floating,0.0,-0.0,443211.70184176316,67.23941405164263,0.7417490830824726,0.0,0.0,144,price,Baseload / Floating
PayAsProduced,FixedFlat,4634360.36585148,-4634360.36585148,443211.7018417634,65.00000000000001,0.7419348597256844,5017340.740598666,-382980.37474718597,145,price,PayAsProduced / FixedFlat
PayAsProduced,FixedEscalated,6465004.467640665,-6465004.467640665,443211.7018417634,71.101113138445,0.7419348597256844,7037506.351268508,-572501.8836278422,145,price,PayAsProduced / FixedEscalated
PayAsProduced,IndexedWithFloorCap,2848929.7416367573,-2848929.7416367573,443211.7018417634,59.16311173039433,0.7419348597256844,3084663.7539553824,-235734.01231862511,145,price,PayAsProduced / IndexedWithFloorCap
PayAsProduced,Floating,0.0,-0.0,443211.7018417634,49.847101964887045,0.7419348597256844,0.0,0.0,145,price,PayAsProduced / Floating
PayAsNominated,FixedFlat,1655637.6824816454,-1655637.6824816454,443211.70184176345,65.0,0.7419348597256844,1975429.6185642814,-319791.936082636,145,price,PayAsNominated / FixedFlat
PayAsNominated,FixedEscalated,3486305.4912303276,-3486305.4912303276,443211.70184176345,71.101113138445,0.7419348597256844,3995595.2292341273,-509289.7380037997,145,price,PayAsNominated / FixedEscalated
PayAsNominated,IndexedWithFloorCap,574942.6211015459,-574942.6211015459,443211.70184176345,61.16865646786681,0.7419348597256844,706817.1095606376,-131874.48845909175,145,price,PayAsNominated / IndexedWithFloorCap
PayAsNominated,Floating,0.0,-0.0,443211.70184176345,59.03399427441019,0.7419348597256844,0.0,0.0,145,price,PayAsNominated / Floating
Baseload,FixedFlat,-1051424.151119636,1051424.151119636,443211.70184176316,65.0,0.7419348597256844,-723577.6876277643,-327846.4634918716,145,price,Baseload / FixedFlat
Baseload,FixedEscalated,796011.9537793933,-796011.9537793933,443211.70184176316,71.1737960547356,0.7419348597256844,1320654.273663943,-524642.3198845496,145,price,Baseload / FixedEscalated
Baseload,IndexedWithFloorCap,-124722.46251676448,124722.46251676448,443211.70184176316,67.10304649337287,0.7419348597256844,-27228.98745687963,-97493.47505988486,145,price,Baseload / IndexedWithFloorCap
Baseload,Floating,0.0,-0.0,443211.70184176316,67.1852809063548,0.7419348597256844,0.0,0.0,145,price,Baseload / Floating
PayAsProduced,FixedFlat,4605740.982627982,-4605740.982627982,443211.7018417634,65.00000000000001,0.7422524714134074,4983570.64599115,-377829.663363168,146,price,PayAsProduced / FixedFlat
PayAsProduced,FixedEscalated,6436385.084417169,-6436385.084417169,443211.7018417634,71.101113138445,0.7422524714134074,7003736.25666099,-567351.1722438214,146,price,PayAsProduced / FixedEscalated
PayAsProduced,IndexedWithFloorCap,2832265.779529809,-2832265.779529809,443211.7018417634,59.19793808535414,0.7422524714134074,3062425.162376628,-230159.38284681877,146,price,PayAsProduced / IndexedWithFloorCap
PayAsProduced,Floating,0.0,-0.0,443211.7018417634,49.94909121111925,0.7422524714134074,0.0,0.0,146,price,PayAsProduced / Floating
PayAsNominated,FixedFlat,1629374.854712007,-1629374.854712007,443211.70184176345,65.0,0.7422524714134074,1943788.2730565215,-314413.41834451444,146,price,PayAsNominated / FixedFlat
PayAsNominated,FixedEscalated,3460042.6634606896,-3460042.6634606896,443211.70184176345,71.101113138445,0.7422524714134074,3963953.8837263677,-503911.22026567813,146,price,PayAsNominated / FixedEscalated
PayAsNominated,IndexedWithFloorCap,569556.510525241,-569556.510525241,443211.70184176345,61.2364710323747,0.7422524714134074,697630.1339379624,-128073.62341272132,146,price,PayAsNominated / IndexedWithFloorCap
PayAsNominated,Floating,0.0,-0.0,443211.70184176345,59.12955447391852,0.7422524714134074,0.0,0.0,146,price,PayAsNominated / Floating
Baseload,FixedFlat,-1083879.6078259863,1083879.6078259863,443211.70184176316,65.0,0.7422524714134074,-759555.3426833898,-324324.26514259656,146,price,Baseload / FixedFlat
Baseload,FixedEscalated,763556.4970730431,-763556.4970730431,443211.70184176316,71.1737960547356,0.7422524714134074,1284676.6186083176,-521120.12153527443,146,price,Baseload / FixedEscalated
Baseload,IndexedWithFloorCap,-127639.3483775453,127639.3483775453,443211.70184176316,67.19498274923357,0.7422524714134074,-32765.2364528117,-94874.1119247336,146,price,Baseload / IndexedWithFloorCap
Baseload,Floating,0.0,-0.0,443211.70184176316,67.29393721789232,0.7422524714134074,0.0,0.0,146,price,Baseload / Floating
PayAsProduced,FixedFlat,4614344.952980768,-4614344.952980768,443211.7018417634,65.00000000000001,0.7418363510612683,4999300.301349753,-384955.34836898465,147,price,PayAsProduced / FixedFlat
PayAsProduced,FixedEscalated,6444989.054769955,-6444989.054769955,443211.7018417634,71.101113138445,0.7418363510612683,7019465.912019593,-574476.8572496381,147,price,PayAsProduced / FixedEscalated
PayAsProduced,IndexedWithFloorCap,2825422.766425702,-2825422.766425702,443211.7018417634,59.145208841862846,0.7418363510612683,3060695.412875727,-235272.64645002503,147,price,PayAsProduced / IndexedWithFloorCap
PayAsProduced,Floating,0.0,-0.0,443211.7018417634,49.90158599349516,0.7418363510612683,0.0,0.0,147,price,PayAsProduced / Floating
PayAsNominated,FixedFlat,1651339.1659955261,-1651339.1659955261,443211.70184176345,65.0,0.7418363510612683,1973132.7592106012,-321793.5932150751,147,price,PayAsNominated / FixedFlat
PayAsNominated,FixedEscalated,3482006.974744208,-3482006.974744208,443211.70184176345,71.101113138445,0.7418363510612683,3993298.369880447,-511291.395136239,147,price,PayAsNominated / FixedEscalated
PayAsNominated,IndexedWithFloorCap,566241.6590610023,-566241.6590610023,443211.70184176345,61.145671489048034,0.7418363510612683,696909.5957709538,-130667.9367099515,147,price,PayAsNominated / IndexedWithFloorCap
PayAsNominated,Floating,0.0,-0.0,443211.70184176345,59.040931031825465,0.7418363510612683,0.0,0.0,147,price,PayAsNominated / Floating
Baseload,FixedFlat,-1081769.7675665687,1081769.7675665687,443211.70184176316,65.0,0.7418363510612683,-750850.3650471863,-330919.4025193824,147,price,Baseload / FixedFlat
Baseload,FixedEscalated,765666.337332461,-765666.337332461,443211.70184176316,71.1737960547356,0.7418363510612683,1293381.596244521,-527715.25891206,147,price,Baseload / FixedEscalated
Baseload,IndexedWithFloorCap,-135078.2832246751,135078.2832246751,443211.70184176316,67.15097698322138,0.7418363510612683,-38631.195816421015,-96447.0874082541,147,price,Baseload / IndexedWithFloorCap
Baseload,Floating,0.0,-0.0,443211.70184176316,67.26764726763002,0.7418363510612683,0.0,0.0,147,price,Baseload / Floating
PayAsProduced,FixedFlat,4657040.42787876,-4657040.42787876,443211.7018417634,65.00000000000001,0.7405867240124406,5031844.422853794,-374803.99497503415,148,price,PayAsProduced / FixedFlat
PayAsProduced,FixedEscalated,6487684.5296679465,-6487684.5296679465,443211.7018417634,71.101113138445,0.7405867240124406,7052010.033523634,-564325.5038556876,148,price,PayAsProduced / FixedEscalated
PayAsProduced,IndexedWithFloorCap,2847062.8282267507,-2847062.8282267507,443211.7018417634,59.09073717126089,0.7405867240124406,3075203.187043017,-228140.35881626606,148,price,PayAsProduced / IndexedWithFloorCap
PayAsProduced,Floating,0.0,-0.0,443211.7018417634,49.803299315294744,0.7405867240124406,0.0,0.0,148,price,PayAsProduced / Floating
PayAsNominated,FixedFlat,1653545.9472474197,-1653545.9472474197,443211.70184176345,65.0,0.7405867240124406,1971362.8543974145,-317816.90714999475,148,price,PayAsNominated / FixedFlat
PayAsNominated,FixedEscalated,3484213.755996102,-3484213.755996102,443211.70184176345,71.101113138445,0.7405867240124406,3991528.4650672604,-507314.70907115843,148,price,PayAsNominated / FixedEscalated
PayAsNominated,IndexedWithFloorCap,566045.751525702,-566045.751525702,443211.70184176345,61.14396160037123,0.7405867240124406,694573.5224202271,-128527.7708945251,148,price,PayAsNominated / IndexedWithFloorCap
PayAsNominated,Floating,0.0,-0.0,443211.70184176345,59.046276330969505,0.7405867240124406,0.0,0.0,148,price,PayAsNominated / Floating
Baseload,FixedFlat,-1072186.2439250853,1072186.2439250853,443211.70184176316,65.0,0.7405867240124406,-744489.4204514116,-327696.82347367366,148,price,Baseload / FixedFlat
Baseload,FixedEscalated,775249.8609739442,-775249.8609739442,443211.70184176316,71.1737960547356,0.7405867240124406,1299742.5408402956,-524492.6798663514,148,price,Baseload / FixedEscalated
Baseload,IndexedWithFloorCap,-133462.84817727664,133462.84817727664,443211.70184176316,67.13345547567941,0.7405867240124406,-38071.87236422747,-95390.97581304917,148,price,Baseload / IndexedWithFloorCap
Baseload,Floating,0.0,-0.0,443211.70184176316,67.2484365442907,0.7405867240124406,0.0,0.0,148,price,Baseload / Floating
PayAsProduced,FixedFlat,4662792.150870139,-4662792.150870139,443211.7018417634,65.00000000000001,0.7405855114998309,5036935.759988,-374143.6091178609,149,price,PayAsProduced / FixedFlat
PayAsProduced,FixedEscalated,6493436.252659326,-6493436.252659326,443211.7018417634,71.101113138445,0.7405855114998309,7057101.37065784,-563665.1179985134,149,price,PayAsProduced / FixedEscalated
PayAsProduced,IndexedWithFloorCap,2842367.2236451576,-2842367.2236451576,443211.7018417634,59.0567490736424,0.7405855114998309,3069040.580114409,-226673.35646925122,149,price,PayAsProduced / IndexedWithFloorCap
PayAsProduced,Floating,0.0,-0.0,443211.7018417634,49.7879229403492,0.7405855114998309,0.0,0.0,149,price,PayAsProduced / Floating
PayAsNominated,FixedFlat,1629833.0340995847,-1629833.0340995847,443211.70184176345,65.0,0.7405855114998309,1948985.678175178,-319152.6440755932,149,price,PayAsNominated / FixedFlat
PayAsNominated,FixedEscalated,3460500.842848267,-3460500.842848267,443211.70184176345,71.101113138445,0.7405855114998309,3969151.2888450236,-508650.44599675667,149,price,PayAsNominated / FixedEscalated
PayAsNominated,IndexedWithFloorCap,562155.872331789,-562155.872331789,443211.70184176345,61.19795578091052,0.7405855114998309,690074.5897621767,-127918.71743038774,149,price,PayAsNominated / IndexedWithFloorCap
PayAsNominated,Floating,0.0,-0.0,443211.70184176345,59.113857762476755,0.7405855114998309,0.0,0.0,149,price,PayAsNominated / Floating
Baseload,FixedFlat,-1069893.9061886503,1069893.9061886503,443211.70184176316,65.0,0.7405855114998309,-737651.1308304084,-332242.77535824187,149,price,Baseload / FixedFlat
Baseload,FixedEscalated,777542.198710379,-777542.198710379,443211.70184176316,71.1737960547356,0.7405855114998309,1306580.8304612988,-529038.6317509199,149,price,Baseload / FixedEscalated
Baseload,IndexedWithFloorCap,-133788.0676133789,133788.0676133789,443211.70184176316,67.1111425196449,0.7405855114998309,-38621.72084695339,-95166.3467664255,149,price,Baseload / IndexedWithFloorCap
Baseload,Floating,0.0,-0.0,443211.70184176316,67.22778418864677,0.7405855114998309,0.0,0.0,149,price,Baseload / Floating
PayAsProduced,FixedFlat,4683739.993578261,-4683739.993578261,447971.63640351425,64.99999999999999,0.7425248620753909,5065266.448419966,-381526.45484170504,0,volume,PayAsProduced / FixedFlat
PayAsProduced,FixedEscalated,6533240.049563417,-6533240.049563417,447971.63640351425,71.09641534809201,0.7425248620753909,7105555.701511612,-572315.651948195,0,volume,PayAsProduced / FixedEscalated
PayAsProduced,IndexedWithFloorCap,2863521.936538149,-2863521.936538149,447971.63640351425,59.102206491398476,0.7425248620753909,3091450.029182827,-227928.09264467796,0,volume,PayAsProduced / IndexedWithFloorCap
PayAsProduced,Floating,0.0,-0.0,447971.63640351425,49.864906742251996,0.7425248620753909,0.0,0.0,0,volume,PayAsProduced / Floating
PayAsNominated,FixedFlat,1639684.8943374106,-1639684.8943374106,447971.6364035142,65.0,0.7425248620753909,1963062.2223678988,-323377.3280304882,0,volume,PayAsNominated / FixedFlat
PayAsNominated,FixedEscalated,3489208.9140757993,-3489208.9140757993,447971.6364035142,71.09641534809202,0.7425248620753909,4003351.4754595445,-514142.56138374517,0,volume,PayAsNominated / FixedEscalated
PayAsNominated,IndexedWithFloorCap,567884.5922278417,-567884.5922278417,447971.6364035142,61.21692688481706,0.7425248620753909,696979.9461687657,-129095.35394092393,0,volume,PayAsNominated / IndexedWithFloorCap
PayAsNominated,Floating,0.0,-0.0,447971.6364035142,59.134340195357716,0.7425248620753909,0.0,0.0,0,volume,PayAsNominated / Floating
Baseload,FixedFlat,-1054263.7444832928,1054263.7444832928,447971.63640351425,65.0,0.7425248620753909,-721507.3323303548,-332756.41215293796,0,volume,Baseload / FixedFlat
Baseload,FixedEscalated,813013.1609401666,-813013.1609401666,447971.63640351425,71.1737960547356,0.7425248620753909,1344678.946332383,-531665.7853922164,0,volume,Baseload / FixedEscalated
Baseload,IndexedWithFloorCap,-127106.99705542144,127106.99705542144,447971.63640351425,67.06622337375094,0.7425248620753909,-30003.702206106937,-97103.2948493145,0,volume,Baseload / IndexedWithFloorCap
Baseload,Floating,0.0,-0.0,447971.63640351425,67.15587489269696,0.7425248620753909,0.0,0.0,0,volume,Baseload / Floating
PayAsProduced,FixedFlat,4715987.232075893,-4715987.232075893,446795.9440737858,64.99999999999999,0.7405926080335661,5095286.346356146,-379299.1142802527,1,volume,PayAsProduced / FixedFlat
PayAsProduced,FixedEscalated,6560860.912625882,-6560860.912625882,446795.9440737858,71.09453234961543,0.7405926080335661,7129592.372549497,-568731.4599236147,1,volume,PayAsProduced / FixedEscalated
PayAsProduced,IndexedWithFloorCap,2880143.313311301,-2880143.313311301,446795.9440737858,59.05859233390488,0.7405926080335661,3112092.1116137095,-231948.7983024083,1,volume,PayAsProduced / IndexedWithFloorCap
PayAsProduced,Floating,0.0,-0.0,446795.9440737858,49.7351445315583,0.7405926080335661,0.0,0.0,1,volume,PayAsProduced / Floating
PayAsNominated,FixedFlat,1675953.3416943774,-1675953.3416943774,446795.9440737857,65.0,0.7405926080335661,1998098.4350214647,-322145.09332708735,1,volume,PayAsNominated / FixedFlat
PayAsNominated,FixedEscalated,3520850.971740339,-3520850.971740339,446795.9440737857,71.09453234961546,0.7405926080335661,4032404.461214819,-511553.48947448004,1,volume,PayAsNominated / FixedEscalated
PayAsNominated,IndexedWithFloorCap,579596.682155221,-579596.682155221,446795.9440737857,61.14225048343251,0.7405926080335661,710412.5817183967,-130815.89956317574,1,volume,PayAsNominated / IndexedWithFloorCap
PayAsNominated,Floating,0.0,-0.0,446795.9440737857,59.01394117052234,0.7405926080335661,0.0,0.0,1,volume,PayAsNominated / Floating
Baseload,FixedFlat,-1051496.8510079577,1051496.8510079577,446795.94407378597,64.99999999999999,0.7405926080335661,-719613.7512025945,-331883.0998053632,1,volume,Baseload / FixedFlat
Baseload,FixedEscalated,810879.4246506114,-810879.4246506114,446795.94407378597,71.17379605473558,0.7405926080335661,1341149.864143514,-530270.4394929027,1,volume,Baseload / FixedEscalated
Baseload,IndexedWithFloorCap,-126773.40736056342,126773.40736056342,446795.94407378597,67.0662233737509,0.7405926080335661,-29924.958107868377,-96848.44925269505,1,volume,Baseload / IndexedWithFloorCap
Baseload,Floating,0.0,-0.0,446795.94407378597,67.15587489269693,0.7405926080335661,0.0,0.0,1,volume,Baseload / Floating
PayAsProduced,FixedFlat,4718992.301501707,-4718992.301501707,448831.0021127872,65.00000000000001,0.7411047853397638,5106960.956531693,-387968.65502998605,2,volume,PayAsProduced / FixedFlat
PayAsProduced,FixedEscalated,6569669.885041125,-6569669.885041125,448831.0021127872,71.08893124521872,0.7411047853397638,7148654.683440414,-578984.7983992891,2,volume,PayAsProduced / FixedEscalated
PayAsProduced,IndexedWithFloorCap,2888270.575971386,-2888270.575971386,448831.0021127872,59.077970694786664,0.7411047853397638,3121231.50811362,-232960.93214223394,2,volume,PayAsProduced / IndexedWithFloorCap
PayAsProduced,Floating,0.0,-0.0,448831.0021127872,49.7695402466562,0.7411047853397638,0.0,0.0,2,volume,PayAsProduced / Floating
PayAsNominated,FixedFlat,1668009.6324485024,-1668009.6324485024,448831.0021127873,64.99999999999999,0.7411047853397638,1995582.8165963395,-327573.1841478371,2,volume,PayAsNominated / FixedFlat
PayAsNominated,FixedEscalated,3518711.192981282,-3518711.192981282,448831.0021127873,71.08893124521872,0.7411047853397638,4037276.5435050707,-518565.35052378895,2,volume,PayAsNominated / FixedEscalated
PayAsNominated,IndexedWithFloorCap,578844.5262341261,-578844.5262341261,448831.0021127873,61.16492263747863,0.7411047853397638,709634.0880049309,-130789.56177080481,2,volume,PayAsNominated / IndexedWithFloorCap
PayAsNominated,Floating,0.0,-0.0,448831.0021127873,59.04858505257177,0.7411047853397638,0.0,0.0,2,volume,PayAsNominated / Floating
Baseload,FixedFlat,-1056286.18973856,1056286.18973856,448831.00211278733,64.99999999999999,0.7411047853397638,-722891.434827048,-333394.754911512,2,volume,Baseload / FixedFlat
Baseload,FixedEscalated,814572.8035043895,-814572.8035043895,448831.00211278733,71.1737960547356,0.7411047853397638,1347258.5091496608,-532685.7056452713,2,volume,Baseload / FixedEscalated
Baseload,IndexedWithFloorCap,-127350.83257044427,127350.83257044427,448831.00211278733,67.06622337375093,0.7411047853397638,-30061.259762728543,-97289.57280771573,2,volume,Baseload / IndexedWithFloorCap
Baseload,Floating,0.0,-0.0,448831.00211278733,67.15587489269694,0.7411047853397638,0.0,0.0,2,volume,Baseload / Floating
PayAsProduced,FixedFlat,4683428.490191145,-4683428.490191145,444830.6556240276,65.0,0.7409015493262401,5065979.290167637,-382550.7999764923,3,volume,PayAsProduced / FixedFlat
PayAsProduced,FixedEscalated,6521213.42776468,-6521213.42776468,444830.6556240276,71.10014598853817,0.7409015493262401,7093202.709666041,-571989.2819013605,3,volume,PayAsProduced / FixedEscalated
PayAsProduced,IndexedWithFloorCap,2860854.3331740485,-2860854.3331740485,444830.6556240276,59.06351699882684,0.7409015493262401,3093144.9691457003,-232290.63597165188,3,volume,PayAsProduced / IndexedWithFloorCap
PayAsProduced,Floating,0.0,-0.0,444830.6556240276,49.7558917543583,0.7409015493262401,0.0,0.0,3,volume,PayAsProduced / Floating
PayAsNominated,FixedFlat,1648574.2354249042,-1648574.2354249042,444830.6556240276,65.0,0.7409015493262401,1970090.5138498242,-321516.27842492005,3,volume,PayAsNominated / FixedFlat
PayAsNominated,FixedEscalated,3486382.960923327,-3486382.960923327,444830.6556240276,71.10014598853819,0.7409015493262401,3997313.9333482324,-510930.9724249053,3,volume,PayAsNominated / FixedEscalated
PayAsNominated,IndexedWithFloorCap,567616.941111142,-567616.941111142,444830.6556240276,61.169156744488255,0.7409015493262401,697010.2992791007,-129393.35816795868,3,volume,PayAsNominated / IndexedWithFloorCap
PayAsNominated,Floating,0.0,-0.0,444830.6556240276,59.071773426881734,0.7409015493262401,0.0,0.0,3,volume,PayAsNominated / Floating
Baseload,FixedFlat,-1046871.709164903,1046871.709164903,444830.6556240276,64.99999999999999,0.7409015493262401,-716448.4391350073,-330423.2700298957,3,volume,Baseload / FixedFlat
Baseload,FixedEscalated,807312.6689793709,-807312.6689793709,444830.6556240276,71.17379605473559,0.7409015493262401,1335250.646900488,-527937.9779211172,3,volume,Baseload / FixedEscalated
Baseload,IndexedWithFloorCap,-126215.77849994636,126215.77849994636,444830.6556240276,67.06622337375093,0.7409015493262401,-29793.329396119367,-96422.44910382699,3,volume,Baseload / IndexedWithFloorCap
Baseload,Floating,0.0,-0.0,444830.6556240276,67.15587489269693,0.7409015493262401,0.0,0.0,3,volume,Baseload / Floating
PayAsProduced,FixedFlat,4757618.14269238,-4757618.14269238,444573.7366314826,64.99999999999999,0.7375974374168727,5136750.256908455,-379132.1142160753,4,volume,PayAsProduced / FixedFlat
PayAsProduced,FixedEscalated,6596486.068492482,-6596486.068492482,444573.7366314826,71.10770225911301,0.7375974374168727,7165312.499271452,-568826.43077897,4,volume,PayAsProduced / FixedEscalated
PayAsProduced,IndexedWithFloorCap,2885588.661102008,-2885588.661102008,444573.7366314826,58.91654754944344,0.7375974374168727,3116242.1474968153,-230653.48639480723,4,volume,PayAsProduced / IndexedWithFloorCap
PayAsProduced,Floating,0.0,-0.0,444573.7366314826,49.53400122834137,0.7375974374168727,0.0,0.0,4,volume,PayAsProduced / Floating
PayAsNominated,FixedFlat,1703420.1524846025,-1703420.1524846025,444573.7366314826,65.00000000000001,0.7375974374168727,2020584.220452066,-317164.0679674635,4,volume,PayAsNominated / FixedFlat
PayAsNominated,FixedEscalated,3542311.8471089667,-3542311.8471089667,444573.7366314826,71.10770225911301,0.7375974374168727,4049146.462815055,-506834.6157060885,4,volume,PayAsNominated / FixedEscalated
PayAsNominated,IndexedWithFloorCap,583415.400587707,-583415.400587707,444573.7366314826,61.06036386330311,0.7375974374168727,712105.71634228,-128690.3157545731,4,volume,PayAsNominated / IndexedWithFloorCap
PayAsNominated,Floating,0.0,-0.0,444573.7366314826,58.9163183903061,0.7375974374168727,0.0,0.0,4,volume,PayAsNominated / Floating
Baseload,FixedFlat,-1046267.0718238335,1046267.0718238335,444573.7366314826,65.00000000000001,0.7375974374168727,-716034.6429883885,-330232.42883544497,4,volume,Baseload / FixedFlat
Baseload,FixedEscalated,806846.3927572609,-806846.3927572609,444573.7366314826,71.17379605473559,0.7375974374168727,1334479.4517351782,-527633.0589779173,4,volume,Baseload / FixedEscalated
Baseload,IndexedWithFloorCap,-126142.880577455,126142.880577455,444573.7366314826,67.06622337375094,0.7375974374168727,-29776.121786715117,-96366.75879073988,4,volume,Baseload / IndexedWithFloorCap
Baseload,Floating,0.0,-0.0,444573.7366314826,67.15587489269694,0.7375974374168727,0.0,0.0,4,volume,Baseload / Floating
PayAsProduced,FixedFlat,4718301.17177713,-4718301.17177713,443620.8068558426,65.0,0.7390476960840604,5093461.68719974,-375160.51542260963,5,volume,PayAsProduced / FixedFlat
PayAsProduced,FixedEscalated,6558661.486987586,-6558661.486987586,443620.8068558426,71.12981519865573,0.7390476960840604,7125004.43866164,-566342.9516740534,5,volume,PayAsProduced / FixedEscalated
PayAsProduced,IndexedWithFloorCap,2880376.734273063,-2880376.734273063,443620.8068558426,59.005758325285726,0.7390476960840604,3106850.699735198,-226473.96546213515,5,volume,PayAsProduced / IndexedWithFloorCap
PayAsProduced,Floating,0.0,-0.0,443620.8068558426,49.63139461795708,0.7390476960840604,0.0,0.0,5,volume,PayAsProduced / Floating
PayAsNominated,FixedFlat,1682845.016869768,-1682845.016869768,443620.80685584253,65.00000000000001,0.7390476960840604,1997783.1990398795,-314938.18217011145,5,volume,PayAsNominated / FixedFlat
PayAsNominated,FixedEscalated,3523229.061222878,-3523229.061222878,443620.80685584253,71.12981519865576,0.7390476960840604,4029325.950501784,-506096.8892789064,5,volume,PayAsNominated / FixedEscalated
PayAsNominated,IndexedWithFloorCap,579724.5749665749,-579724.5749665749,443620.80685584253,61.10140611916421,0.7390476960840604,705711.5977226682,-125987.0227560933,5,volume,PayAsNominated / IndexedWithFloorCap
PayAsNominated,Floating,0.0,-0.0,443620.80685584253,58.97204818442465,0.7390476960840604,0.0,0.0,5,volume,PayAsNominated / Floating
Baseload,FixedFlat,-1044024.4313710548,1044024.4313710548,443620.80685584265,65.0,0.7390476960840604,-714499.8453261127,-329524.58604494215,5,volume,Baseload / FixedFlat
Baseload,FixedEscalated,805116.9429749774,-805116.9429749774,443620.80685584265,71.17379605473559,0.7390476960840604,1331619.0371407997,-526502.0941658223,5,volume,Baseload / FixedEscalated
Baseload,IndexedWithFloorCap,-125872.49729346247,125872.49729346247,443620.80685584265,67.06622337375093,0.7390476960840604,-29712.29760927598,-96160.19968418649,5,volume,Baseload / IndexedWithFloorCap
Baseload,Floating,0.0,-0.0,443620.80685584265,67.15587489269694,0.7390476960840604,0.0,0.0,5,volume,Baseload / Floating
PayAsProduced,FixedFlat,4717124.382808326,-4717124.382808326,443845.7180189108,65.0,0.7390412582378281,5096187.378078982,-379062.9952706564,6,volume,PayAsProduced / FixedFlat
PayAsProduced,FixedEscalated,6555521.426695144,-6555521.426695144,443845.7180189108,71.12303110217304,0.7390412582378281,7126510.576216306,-570989.1495211618,6,volume,PayAsProduced / FixedEscalated
PayAsProduced,IndexedWithFloorCap,2860562.9728875933,-2860562.9728875933,443845.7180189108,58.95191065279718,0.7390412582378281,3090713.9612160297,-230150.9883284364,6,volume,PayAsProduced / IndexedWithFloorCap
PayAsProduced,Floating,0.0,-0.0,443845.7180189108,49.63096227876091,0.7390412582378281,0.0,0.0,6,volume,PayAsProduced / Floating
PayAsNominated,FixedFlat,1675206.4657809713,-1675206.4657809713,443845.7180189108,65.0,0.7390412582378281,1993312.2022407074,-318105.736459736,6,volume,PayAsNominated / FixedFlat
PayAsNominated,FixedEscalated,3513627.164626723,-3513627.164626723,443845.7180189108,71.12303110217304,0.7390412582378281,4023635.4003780307,-510008.23575130757,6,volume,PayAsNominated / FixedEscalated
PayAsNominated,IndexedWithFloorCap,571629.928178605,-571629.928178605,443845.7180189108,61.09927911667141,0.7390412582378281,699880.2456285552,-128250.31744995015,6,volume,PayAsNominated / IndexedWithFloorCap
PayAsNominated,Floating,0.0,-0.0,443845.7180189108,58.98858633844197,0.7390412582378281,0.0,0.0,6,volume,PayAsNominated / Floating
Baseload,FixedFlat,-1044553.7409649747,1044553.7409649747,443845.7180189107,65.00000000000003,0.7390412582378281,-714862.0893614208,-329691.6516035539,6,volume,Baseload / FixedFlat
Baseload,FixedEscalated,805525.1289420287,-805525.1289420287,443845.7180189107,71.1737960547356,0.7390412582378281,1332294.1542267848,-526769.0252847561,6,volume,Baseload / FixedEscalated
Baseload,IndexedWithFloorCap,-125936.3133483611,125936.3133483611,443845.7180189107,67.06622337375096,0.7390412582378281,-29727.361437003085,-96208.95191135802,6,volume,Baseload / IndexedWithFloorCap
Baseload,Floating,0.0,-0.0,443845.7180189107,67.15587489269696,0.7390412582378281,0.0,0.0,6,volume,Baseload / Floating
PayAsProduced,FixedFlat,4739120.180747908,-4739120.180747908,447320.41609209584,64.99999999999999,0.7399080407833211,5116630.791011373,-377510.610263465,7,volume,PayAsProduced / FixedFlat
PayAsProduced,FixedEscalated,6591304.7864944395,-6591304.7864944395,447320.41609209584,71.11815093723561,0.7399080407833211,7161217.739498592,-569912.9530041525,7,volume,PayAsProduced / FixedEscalated
PayAsProduced,IndexedWithFloorCap,2896201.853935909,-2896201.853935909,447320.41609209584,59.04527925884675,0.7399080407833211,3126659.5670014797,-230457.7130655707,7,volume,PayAsProduced / IndexedWithFloorCap
PayAsProduced,Floating,0.0,-0.0,447320.41609209584,49.68917181894522,0.7399080407833211,0.0,0.0,7,volume,PayAsProduced / Floating
PayAsNominated,FixedFlat,1683035.1002601753,-1683035.1002601753,447320.4160920959,65.0,0.7399080407833211,2001022.216722639,-317987.11646246375,7,volume,PayAsNominated / FixedFlat
PayAsNominated,FixedEscalated,3535243.7275599567,-3535243.7275599567,447320.4160920959,71.1181509372356,0.7399080407833211,4045609.1652098494,-510365.43764989264,7,volume,PayAsNominated / FixedEscalated
PayAsNominated,IndexedWithFloorCap,581276.0859144,-581276.0859144,447320.4160920959,61.136676435989656,0.7399080407833211,709962.0552798661,-128685.96936546604,7,volume,PayAsNominated / IndexedWithFloorCap
PayAsNominated,Floating,0.0,-0.0,447320.4160920959,59.01221065226444,0.7399080407833211,0.0,0.0,7,volume,PayAsNominated / Floating
Baseload,FixedFlat,-1052731.1519970545,1052731.1519970545,447320.4160920959,65.0,0.7399080407833211,-720458.4707697767,-332272.68122727773,7,volume,Baseload / FixedFlat
Baseload,FixedEscalated,811831.2765509996,-811831.2765509996,447320.4160920959,71.17379605473558,0.7399080407833211,1342724.174710633,-530892.8981596334,7,volume,Baseload / FixedEscalated
Baseload,IndexedWithFloorCap,-126922.22049485522,126922.22049485522,447320.4160920959,67.06622337375093,0.7399080407833211,-29960.085560081687,-96962.13493477354,7,volume,Baseload / IndexedWithFloorCap
Baseload,Floating,0.0,-0.0,447320.4160920959,67.15587489269694,0.7399080407833211,0.0,0.0,7,volume,Baseload / Floating
PayAsProduced,FixedFlat,4778714.132517888,-4778714.132517888,446697.0170695267,64.99999999999999,0.7373526502993837,5166769.288793979,-388055.156276091,8,volume,PayAsProduced / FixedFlat
PayAsProduced,FixedEscalated,6631767.881818524,-6631767.881818524,446697.0170695267,71.12767039369714,0.7373526502993837,7211683.654843719,-579915.7730251951,8,volume,PayAsProduced / FixedEscalated
PayAsProduced,IndexedWithFloorCap,2930309.6250782423,-2930309.6250782423,446697.0170695267,58.998088862008395,0.7373526502993837,3163823.059431316,-233513.4343530736,8,volume,PayAsProduced / IndexedWithFloorCap
PayAsProduced,Floating,0.0,-0.0,446697.0170695267,49.517562335303914,0.7373526502993837,0.0,0.0,8,volume,PayAsProduced / Floating
PayAsNominated,FixedFlat,1712023.1190986414,-1712023.1190986414,446697.01706952666,65.00000000000001,0.7373526502993837,2034460.793715008,-322437.6746163666,8,volume,PayAsNominated / FixedFlat
PayAsNominated,FixedEscalated,3565100.822731734,-3565100.822731734,446697.01706952666,71.12767039369714,0.7373526502993837,4079375.1597647388,-514274.33703300497,8,volume,PayAsNominated / FixedEscalated
PayAsNominated,IndexedWithFloorCap,596052.207467201,-596052.207467201,446697.01706952666,61.07738335230866,0.7373526502993837,725412.7183451826,-129360.51087798155,8,volume,PayAsNominated / IndexedWithFloorCap
PayAsNominated,Floating,0.0,-0.0,446697.01706952666,58.90365416774532,0.7373526502993837,0.0,0.0,8,volume,PayAsNominated / Floating
Baseload,FixedFlat,-1051264.0345850745,1051264.0345850745,446697.01706952695,64.99999999999997,0.7373526502993837,-719454.4184387807,-331809.6161462938,8,volume,Baseload / FixedFlat
Baseload,FixedEscalated,810699.8843630145,-810699.8843630145,446697.01706952695,71.17379605473556,0.7373526502993837,1340852.914405984,-530153.0300429696,8,volume,Baseload / FixedEscalated
Baseload,IndexedWithFloorCap,-126745.3379172835,126745.3379172835,446697.01706952695,67.0662233737509,0.7373526502993837,-29918.332294676533,-96827.00562260696,8,volume,Baseload / IndexedWithFloorCap
Baseload,Floating,0.0,-0.0,446697.01706952695,67.15587489269691,0.7373526502993837,0.0,0.0,8,volume,Baseload / Floating
PayAsProduced,FixedFlat,4757758.450022894,-4757758.450022894,447140.9935014924,65.0,0.7387726255698559,5140049.711359488,-382291.2613365939,9,volume,PayAsProduced / FixedFlat
PayAsProduced,FixedEscalated,6612640.447724383,-6612640.447724383,447140.9935014924,71.1340583147266,0.7387726255698559,7189130.420818431,-576489.973094048,9,volume,PayAsProduced / FixedEscalated
PayAsProduced,IndexedWithFloorCap,2900636.9210883114,-2900636.9210883114,447140.9935014924,58.99169167920586,0.7387726255698559,3132975.757226454,-232338.83613814274,9,volume,PayAsProduced / IndexedWithFloorCap
PayAsProduced,Floating,0.0,-0.0,447140.9935014924,49.612922016918496,0.7387726255698559,0.0,0.0,9,volume,PayAsProduced / Floating
PayAsNominated,FixedFlat,1695587.9120425691,-1695587.9120425691,447140.9935014925,65.0,0.7387726255698559,2018125.7478939684,-322537.8358513992,9,volume,PayAsNominated / FixedFlat
PayAsNominated,FixedEscalated,3550493.8848947603,-3550493.8848947603,447140.9935014925,71.13405831472659,0.7387726255698559,4067206.4573529074,-516712.5724581471,9,volume,PayAsNominated / FixedEscalated
PayAsNominated,IndexedWithFloorCap,584957.3631940725,-584957.3631940725,447140.9935014925,61.097796404884896,0.7387726255698559,714595.5724577279,-129638.20926365536,9,volume,PayAsNominated / IndexedWithFloorCap
PayAsNominated,Floating,0.0,-0.0,447140.9935014925,58.9586074053171,0.7387726255698559,0.0,0.0,9,volume,PayAsNominated / Floating
Baseload,FixedFlat,-1052308.895950371,1052308.895950371,447140.99350149237,65.00000000000003,0.7387726255698559,-720169.4910572541,-332139.4048931168,9,volume,Baseload / FixedFlat
Baseload,FixedEscalated,811505.6467216166,-811505.6467216166,447140.99350149237,71.17379605473562,0.7387726255698559,1342185.6009249894,-530679.9542033728,9,volume,Baseload / FixedEscalated
Baseload,IndexedWithFloorCap,-126871.31131926851,126871.31131926851,447140.99350149237,67.06622337375094,0.7387726255698559,-29948.06841091883,-96923.24290834968,9,volume,Baseload / IndexedWithFloorCap
Baseload,Floating,0.0,-0.0,447140.99350149237,67.15587489269697,0.7387726255698559,0.0,0.0,9,volume,Baseload / Floating
PayAsProduced,FixedFlat,4727992.0915916795,-4727992.0915916795,448549.9268149447,65.0,0.7409663876587183,5106877.294489561,-378885.20289788116,10,volume,PayAsProduced / FixedFlat
PayAsProduced,FixedEscalated,6581458.967718221,-6581458.967718221,448549.9268149447,71.10161810041254,0.7409663876587183,7151543.828907181,-570084.8611889593,10,volume,PayAsProduced / FixedEscalated
PayAsProduced,IndexedWithFloorCap,2876470.5467910552,-2876470.5467910552,448549.9268149447,59.03701862290554,0.7409663876587183,3108668.251174279,-232197.70438322378,10,volume,PayAsProduced / IndexedWithFloorCap
PayAsProduced,Floating,0.0,-0.0,448549.9268149447,49.760246029302465,0.7409663876587183,0.0,0.0,10,volume,PayAsProduced / Floating
PayAsNominated,FixedFlat,1683817.1063920993,-1683817.1063920993,448549.9268149446,65.00000000000001,0.7409663876587183,2002616.5002781309,-318799.3938860316,10,volume,PayAsNominated / FixedFlat
PayAsNominated,FixedEscalated,3537307.9777807845,-3537307.9777807845,448549.9268149446,71.10161810041257,0.7409663876587183,4047283.034695756,-509975.0569149717,10,volume,PayAsNominated / FixedEscalated
PayAsNominated,IndexedWithFloorCap,573313.7593745873,-573313.7593745873,448549.9268149446,61.12069754132963,0.7409663876587183,702653.1489843095,-129339.38960972219,10,volume,PayAsNominated / IndexedWithFloorCap
PayAsNominated,Floating,0.0,-0.0,448549.9268149446,59.0238660531693,0.7409663876587183,0.0,0.0,10,volume,PayAsNominated / Floating
Baseload,FixedFlat,-1055624.70255521,1055624.70255521,448549.9268149448,64.99999999999997,0.7409663876587183,-722438.7323078472,-333185.97024736286,10,volume,Baseload / FixedFlat
Baseload,FixedEscalated,814062.6865733364,-814062.6865733364,448549.9268149448,71.17379605473558,0.7409663876587183,1346414.8038687205,-532352.1172953842,10,volume,Baseload / FixedEscalated
Baseload,IndexedWithFloorCap,-127271.08056350458,127271.08056350458,448549.9268149448,67.06622337375093,0.7409663876587183,-30042.43424153305,-97228.64632197154,10,volume,Baseload / IndexedWithFloorCap
Baseload,Floating,0.0,-0.0,448549.9268149448,67.15587489269693,0.7409663876587183,0.0,0.0,10,volume,Baseload / Floating
PayAsProduced,FixedFlat,4760906.288642978,-4760906.288642978,444532.0647250617,65.0,0.736767743909409,5154773.015459963,-393866.7268169848,11,volume,PayAsProduced / FixedFlat
PayAsProduced,FixedEscalated,6608360.366872221,-6608360.366872221,444532.0647250617,71.14895484704759,0.736767743909409,7196845.12416931,-588484.7572970884,11,volume,PayAsProduced / FixedEscalated
PayAsProduced,IndexedWithFloorCap,2911179.605665085,-2911179.605665085,444532.0647250617,58.96762493504655,0.736767743909409,3151417.1320890025,-240237.52642391762,11,volume,PayAsProduced / IndexedWithFloorCap
PayAsProduced,Floating,0.0,-0.0,444532.0647250617,49.47828243495485,0.736767743909409,0.0,0.0,11,volume,PayAsProduced / Floating
PayAsNominated,FixedFlat,1697067.3588246063,-1697067.3588246063,444532.06472506165,65.0,0.736767743909409,2022585.7789501152,-325518.4201255089,11,volume,PayAsNominated / FixedFlat
PayAsNominated,FixedEscalated,3544545.283770074,-3544545.283770074,444532.06472506165,71.14895484704762,0.736767743909409,4064657.8876594715,-520112.60388939735,11,volume,PayAsNominated / FixedEscalated
PayAsNominated,IndexedWithFloorCap,592478.8373710845,-592478.8373710845,444532.06472506165,61.09078520056936,0.736767743909409,724332.8713516648,-131854.03398058028,11,volume,PayAsNominated / IndexedWithFloorCap
PayAsNominated,Floating,0.0,-0.0,444532.06472506165,58.909721122969906,0.736767743909409,0.0,0.0,11,volume,PayAsNominated / Floating
Baseload,FixedFlat,-1046169.0004806216,1046169.0004806216,444532.0647250618,64.99999999999999,0.736767743909409,-715967.5258238468,-330201.4746567748,11,volume,Baseload / FixedFlat
Baseload,FixedEscalated,806770.7633968096,-806770.7633968096,444532.0647250618,71.17379605473558,0.736767743909409,1334354.3649424752,-527583.6015456656,11,volume,Baseload / FixedEscalated
Baseload,IndexedWithFloorCap,-126131.0566349186,126131.0566349186,444532.0647250618,67.06622337375092,0.736767743909409,-29773.330736200358,-96357.72589871824,11,volume,Baseload / IndexedWithFloorCap
Baseload,Floating,0.0,-0.0,444532.0647250618,67.15587489269694,0.736767743909409,0.0,0.0,11,volume,Baseload / Floating
PayAsProduced,FixedFlat,4697326.913550305,-4697326.913550305,442063.3415045012,65.00000000000001,0.7388480767083762,5080006.834687849,-382679.9211375434,12,volume,PayAsProduced / FixedFlat
PayAsProduced,FixedEscalated,6527813.359129845,-6527813.359129845,442063.3415045012,71.11661189372242,0.7388480767083762,7100056.76402418,-572243.4048943352,12,volume,PayAsProduced / FixedEscalated
PayAsProduced,IndexedWithFloorCap,2872683.7135328315,-2872683.7135328315,442063.3415045012,59.0235731216243,0.7388480767083762,3106253.8970955457,-233570.18356271414,12,volume,PayAsProduced / IndexedWithFloorCap
PayAsProduced,Floating,0.0,-0.0,442063.3415045012,49.61798900413748,0.7388480767083762,0.0,0.0,12,volume,PayAsProduced / Floating
PayAsNominated,FixedFlat,1672301.11974477,-1672301.11974477,442063.3415045013,65.0,0.7388480767083762,1992057.9400930644,-319756.82034829445,12,volume,PayAsNominated / FixedFlat
PayAsNominated,FixedEscalated,3502811.3132004123,-3502811.3132004123,442063.3415045013,71.11661189372239,0.7388480767083762,4012107.8694293927,-509296.5562289804,12,volume,PayAsNominated / FixedEscalated
PayAsNominated,IndexedWithFloorCap,583362.7459375531,-583362.7459375531,442063.3415045013,61.12665278678718,0.7388480767083762,712860.420241279,-129497.67430372583,12,volume,PayAsNominated / IndexedWithFloorCap
PayAsNominated,Floating,0.0,-0.0,442063.3415045013,58.968146473804964,0.7388480767083762,0.0,0.0,12,volume,PayAsNominated / Floating
Baseload,FixedFlat,-1040359.0670493526,1040359.0670493526,442063.3415045011,64.99999999999997,0.7388480767083762,-711991.3769778513,-328367.6900715013,12,volume,Baseload / FixedFlat
Baseload,FixedEscalated,802290.3358296801,-802290.3358296801,442063.3415045011,71.1737960547356,0.7388480767083762,1326943.9847548832,-524653.6489252031,12,volume,Baseload / FixedEscalated
Baseload,IndexedWithFloorCap,-125430.58372630848,125430.58372630848,442063.3415045011,67.06622337375094,0.7388480767083762,-29607.983579546006,-95822.60014676247,12,volume,Baseload / IndexedWithFloorCap
Baseload,Floating,0.0,-0.0,442063.3415045011,67.15587489269696,0.7388480767083762,0.0,0.0,12,volume,Baseload / Floating
PayAsProduced,FixedFlat,4730300.399104277,-4730300.399104277,444739.20682539407,65.0,0.7387806481080204,5112261.28652374,-381960.88741946314,13,volume,PayAsProduced / FixedFlat
PayAsProduced,FixedEscalated,6566932.20567055,-6566932.20567055,444739.20682539407,71.0963972902733,0.7387806481080204,7137822.421722523,-570890.2160519725,13,volume,PayAsProduced / FixedEscalated
PayAsProduced,IndexedWithFloorCap,2888784.8654596014,-2888784.8654596014,444739.20682539407,59.004421580724475,0.7387806481080204,3120197.7691907645,-231412.90373116313,13,volume,PayAsProduced / IndexedWithFloorCap
PayAsProduced,Floating,0.0,-0.0,444739.20682539407,49.61346077748779,0.7387806481080204,0.0,0.0,13,volume,PayAsProduced / Floating
PayAsNominated,FixedFlat,1682270.0338416765,-1682270.0338416765,444739.20682539407,64.99999999999999,0.7387806481080204,2004007.7301401817,-321737.6962985052,13,volume,PayAsNominated / FixedFlat
PayAsNominated,FixedEscalated,3518925.595451291,-3518925.595451291,444739.20682539407,71.09639729027329,0.7387806481080204,4029568.8653389644,-510643.2698876732,13,volume,PayAsNominated / FixedEscalated
PayAsNominated,IndexedWithFloorCap,582390.977143173,-582390.977143173,444739.20682539407,61.11191439878304,0.7387806481080204,712170.1563789789,-129779.17923580587,13,volume,PayAsNominated / IndexedWithFloorCap
PayAsNominated,Floating,0.0,-0.0,444739.20682539407,58.96847269459758,0.7387806481080204,0.0,0.0,13,volume,PayAsNominated / Floating
Baseload,FixedFlat,-1046656.4920729232,1046656.4920729232,444739.2068253938,65.00000000000006,0.7387806481080204,-716301.1508395274,-330355.34123339585,13,volume,Baseload / FixedFlat
Baseload,FixedEscalated,807146.7007108477,-807146.7007108477,444739.2068253938,71.17379605473563,0.7387806481080204,1334976.1445342677,-527829.44382342,13,volume,Baseload / FixedEscalated
Baseload,IndexedWithFloorCap,-126189.8309148002,126189.8309148002,444739.2068253938,67.06622337375099,0.7387806481080204,-29787.20444913981,-96402.62646566039,13,volume,Baseload / IndexedWithFloorCap
Baseload,Floating,0.0,-0.0,444739.2068253938,67.15587489269699,0.7387806481080204,0.0,0.0,13,volume,Baseload / Floating
PayAsProduced,FixedFlat,4717970.916339254,-4717970.916339254,443889.6698655702,64.99999999999999,0.739652061642793,5083089.263917602,-365118.34757834766,14,volume,PayAsProduced / FixedFlat
PayAsProduced,FixedEscalated,6547769.360229414,-6547769.360229414,443889.6698655702,71.08484469276092,0.739652061642793,7100950.108664551,-553180.7484351369,14,volume,PayAsProduced / FixedEscalated
PayAsProduced,IndexedWithFloorCap,2863820.09654616,-2863820.09654616,443889.6698655702,58.9742660239694,0.739652061642793,3084830.76020279,-221010.6636566301,14,volume,PayAsProduced / IndexedWithFloorCap
PayAsProduced,Floating,0.0,-0.0,443889.6698655702,49.67198131580877,0.739652061642793,0.0,0.0,14,volume,PayAsProduced / Floating
PayAsNominated,FixedFlat,1697117.7296625052,-1697117.7296625052,443889.66986557003,65.00000000000003,0.739652061642793,2009099.668453501,-311981.93879099586,14,volume,PayAsNominated / FixedFlat
PayAsNominated,FixedEscalated,3526939.9713149485,-3526939.9713149485,443889.66986557003,71.08484469276094,0.739652061642793,4026960.513200441,-500020.5418854924,14,volume,PayAsNominated / FixedEscalated
PayAsNominated,IndexedWithFloorCap,579260.0463093421,-579260.0463093421,443889.66986557003,61.06791689578752,0.739652061642793,705139.2660259895,-125879.2197166474,14,volume,PayAsNominated / IndexedWithFloorCap
PayAsNominated,Floating,0.0,-0.0,443889.66986557003,58.9415745705943,0.739652061642793,0.0,0.0,14,volume,PayAsNominated / Floating
Baseload,FixedFlat,-1044657.1779566744,1044657.1779566744,443889.66986557003,65.00000000000004,0.739652061642793,-714932.8786191711,-329724.29933750327,14,volume,Baseload / FixedFlat
Baseload,FixedEscalated,805604.8961122645,-805604.8961122645,443889.66986557003,71.17379605473562,0.739652061642793,1332426.0847287464,-526821.188616482,14,volume,Baseload / FixedEscalated
Baseload,IndexedWithFloorCap,-125948.78419872287,125948.78419872287,443889.66986557003,67.06622337375096,0.739652061642793,-29730.305190610507,-96218.47900811236,14,volume,Baseload / IndexedWithFloorCap
Baseload,Floating,0.0,-0.0,443889.66986557003,67.15587489269697,0.739652061642793,0.0,0.0,14,volume,Baseload / Floating
PayAsProduced,FixedFlat,4661543.664515147,-4661543.664515147,446387.66352065065,65.0,0.7428276710860103,5040574.694019733,-379031.029504586,15,volume,PayAsProduced / FixedFlat
PayAsProduced,FixedEscalated,6503631.843030409,-6503631.843030409,446387.66352065065,71.09318764758422,0.7428276710860103,7072573.337966174,-568941.4949357649,15,volume,PayAsProduced / FixedEscalated
PayAsProduced,IndexedWithFloorCap,2871185.436704944,-2871185.436704944,446387.66352065065,59.17913758754921,0.7428276710860103,3099392.965702486,-228207.52899754234,15,volume,PayAsProduced / IndexedWithFloorCap
PayAsProduced,Floating,0.0,-0.0,446387.66352065065,49.885242146285535,0.7428276710860103,0.0,0.0,15,volume,PayAsProduced / Floating
PayAsNominated,FixedFlat,1636107.9418940705,-1636107.9418940705,446387.6635206506,65.0,0.7428276710860103,1958099.4130228295,-321991.471128759,15,volume,PayAsNominated / FixedFlat
PayAsNominated,FixedEscalated,3478220.008554758,-3478220.008554758,446387.6635206506,71.09318764758423,0.7428276710860103,3990098.0569692757,-511878.04841451766,15,volume,PayAsNominated / FixedEscalated
PayAsNominated,IndexedWithFloorCap,574530.6869249707,-574530.6869249707,446387.6635206506,61.23827591812944,0.7428276710860103,703613.4730908432,-129082.78616587247,15,volume,PayAsNominated / IndexedWithFloorCap
PayAsNominated,Floating,0.0,-0.0,446387.6635206506,59.128407914189985,0.7428276710860103,0.0,0.0,15,volume,PayAsNominated / Floating
Baseload,FixedFlat,-1050535.9969052211,1050535.9969052211,446387.6635206507,65.0,0.7428276710860103,-718956.1707024046,-331579.82620281656,15,volume,Baseload / FixedFlat
Baseload,FixedEscalated,810138.4459008857,-810138.4459008857,446387.6635206507,71.17379605473558,0.7428276710860103,1339924.3261420336,-529785.8802411478,15,volume,Baseload / FixedEscalated
Baseload,IndexedWithFloorCap,-126657.56226938355,126657.56226938355,446387.6635206507,67.06622337375093,0.7428276710860103,-29897.612787000722,-96759.94948238283,15,volume,Baseload / IndexedWithFloorCap
Baseload,Floating,0.0,-0.0,446387.6635206507,67.15587489269693,0.7428276710860103,0.0,0.0,15,volume,Baseload / Floating
PayAsProduced,FixedFlat,4759681.63300584,-4759681.63300584,445257.82095086126,65.00000000000001,0.7379311628518201,5137199.323689007,-377517.6906831674,16,volume,PayAsProduced / FixedFlat
PayAsProduced,FixedEscalated,6609132.476423729,-6609132.476423729,445257.82095086126,71.14456953310152,0.7379311628518201,7181146.636389021,-572014.1599652916,16,volume,PayAsProduced / FixedEscalated
PayAsProduced,IndexedWithFloorCap,2890220.8970577493,-2890220.8970577493,445257.82095086126,58.935181218894705,0.7379311628518201,3119780.5309040654,-229559.63384631602,16,volume,PayAsProduced / IndexedWithFloorCap
PayAsProduced,Floating,0.0,-0.0,445257.82095086126,49.5564128518992,0.7379311628518201,0.0,0.0,16,volume,PayAsProduced / Floating
PayAsNominated,FixedFlat,1705195.2161381524,-1705195.2161381524,445257.8209508614,65.0,0.7379311628518201,2021666.3170074215,-316471.1008692691,16,volume,PayAsNominated / FixedFlat
PayAsNominated,FixedEscalated,3554669.9550863793,-3554669.9550863793,445257.8209508614,71.1445695331015,0.7379311628518201,4065613.629707436,-510943.67462105677,16,volume,PayAsNominated / FixedEscalated
PayAsNominated,IndexedWithFloorCap,584569.479241102,-584569.479241102,445257.8209508614,61.06224073899885,0.7379311628518201,711798.7312922134,-127229.25205111143,16,volume,PayAsNominated / IndexedWithFloorCap
PayAsNominated,Floating,0.0,-0.0,445257.8209508614,58.92241219702882,0.7379311628518201,0.0,0.0,16,volume,PayAsNominated / Floating
Baseload,FixedFlat,-1047877.007001606,1047877.007001606,445257.8209508613,65.0,0.7379311628518201,-717136.4356293884,-330740.5713722176,16,volume,Baseload / FixedFlat
Baseload,FixedEscalated,808087.9212596295,-808087.9212596295,445257.8209508613,71.17379605473558,0.7379311628518201,1336532.8714319423,-528444.9501723128,16,volume,Baseload / FixedEscalated
Baseload,IndexedWithFloorCap,-126336.98193678888,126336.98193678888,445257.8209508613,67.06622337375092,0.7379311628518201,-29821.939558508715,-96515.04237828017,16,volume,Baseload / IndexedWithFloorCap
Baseload,Floating,0.0,-0.0,445257.8209508613,67.15587489269694,0.7379311628518201,0.0,0.0,16,volume,Baseload / Floating
PayAsProduced,FixedFlat,4745175.122899097,-4745175.122899097,446082.0641460978,65.0,0.7391393283581942,5119670.020212889,-374494.8973137913,17,volume,PayAsProduced / FixedFlat
PayAsProduced,FixedEscalated,6587870.721277937,-6587870.721277937,446082.0641460978,71.10410153046489,0.7391393283581942,7153914.692994935,-566043.9717169981,17,volume,PayAsProduced / FixedEscalated
PayAsProduced,IndexedWithFloorCap,2881782.3553724783,-2881782.3553724783,446082.0641460978,58.97125001083851,0.7391393283581942,3110536.900821187,-228754.5454487088,17,volume,PayAsProduced / IndexedWithFloorCap
PayAsProduced,Floating,0.0,-0.0,446082.0641460978,49.63754826349495,0.7391393283581942,0.0,0.0,17,volume,PayAsProduced / Floating
PayAsNominated,FixedFlat,1700998.6113410466,-1700998.6113410466,446082.0641460978,65.0,0.7391393283581942,2016725.6804337169,-315727.0690926702,17,volume,PayAsNominated / FixedFlat
PayAsNominated,FixedEscalated,3543718.103663403,-3543718.103663403,446082.0641460978,71.10410153046489,0.7391393283581942,4050970.3532157633,-507252.24955236027,17,volume,PayAsNominated / FixedEscalated
PayAsNominated,IndexedWithFloorCap,581470.1242874395,-581470.1242874395,446082.0641460978,61.077701135406855,0.7391393283581942,709585.6319702698,-128115.50768283033,17,volume,PayAsNominated / IndexedWithFloorCap
PayAsNominated,Floating,0.0,-0.0,446082.0641460978,58.94846722364638,0.7391393283581942,0.0,0.0,17,volume,PayAsNominated / Floating
Baseload,FixedFlat,-1049816.7943603585,1049816.7943603585,446082.064146098,64.99999999999997,0.7391393283581942,-718463.9694745293,-331352.82488582924,17,volume,Baseload / FixedFlat
Baseload,FixedEscalated,809583.8208012225,-809583.8208012225,446082.064146098,71.17379605473558,0.7391393283581942,1339007.0068039778,-529423.1860027553,17,volume,Baseload / FixedEscalated
Baseload,IndexedWithFloorCap,-126570.85182692515,126570.85182692515,446082.064146098,67.06622337375092,0.7391393283581942,-29877.144721879584,-96693.70710504557,17,volume,Baseload / IndexedWithFloorCap
Baseload,Floating,0.0,-0.0,446082.064146098,67.15587489269693,0.7391393283581942,0.0,0.0,17,volume,Baseload / Floating
PayAsProduced,FixedFlat,4636939.478248564,-4636939.478248564,441713.57886424015,64.99999999999999,0.7419270234403786,5007754.64278359,-370815.16453502607,18,volume,PayAsProduced / FixedFlat
PayAsProduced,FixedEscalated,6458245.260872943,-6458245.260872943,441713.57886424015,71.08118982169859,0.7419270234403786,7014517.190430511,-556271.9295575675,18,volume,PayAsProduced / FixedEscalated
PayAsProduced,IndexedWithFloorCap,2831898.8580930377,-2831898.8580930377,441713.57886424015,59.08627513486598,0.7419270234403786,3056254.7020821082,-224355.8439890705,18,volume,PayAsProduced / IndexedWithFloorCap
PayAsProduced,Floating,0.0,-0.0,441713.57886424015,49.82475836567309,0.7419270234403786,0.0,0.0,18,volume,PayAsProduced / Floating
PayAsNominated,FixedFlat,1625020.9387254398,-1625020.9387254398,441713.57886424,65.00000000000001,0.7419270234403786,1939516.1948387197,-314495.25611327984,18,volume,PayAsNominated / FixedFlat
PayAsNominated,FixedEscalated,3446350.217968074,-3446350.217968074,441713.57886424,71.0811898216986,0.7419270234403786,3946278.7424856364,-499928.52451756224,18,volume,PayAsNominated / FixedEscalated
PayAsNominated,IndexedWithFloorCap,559757.3992029271,-559757.3992029271,441713.57886424,61.20283809192278,0.7419270234403786,686471.5558946101,-126714.15669168299,18,volume,PayAsNominated / IndexedWithFloorCap
PayAsNominated,Floating,0.0,-0.0,441713.57886424,59.12259006084063,0.7419270234403786,0.0,0.0,18,volume,PayAsNominated / Floating
Baseload,FixedFlat,-1039535.9299557577,1039535.9299557577,441713.57886424015,64.99999999999999,0.7419270234403786,-711428.0459787023,-328107.88397705543,18,volume,Baseload / FixedFlat
Baseload,FixedEscalated,801655.5598603344,-801655.5598603344,441713.57886424015,71.17379605473559,0.7419270234403786,1325894.1002971292,-524238.54043679486,18,volume,Baseload / FixedEscalated
Baseload,IndexedWithFloorCap,-125331.3424456715,125331.3424456715,441713.57886424015,67.06622337375093,0.7419270234403786,-29584.55760065287,-95746.78484501863,18,volume,Baseload / IndexedWithFloorCap
Baseload,Floating,0.0,-0.0,441713.57886424015,67.15587489269696,0.7419270234403786,0.0,0.0,18,volume,Baseload / Floating
PayAsProduced,FixedFlat,4711544.533881156,-4711544.533881156,445263.4419937087,64.99999999999999,0.7402565209239902,5085317.524593607,-373772.9907124508,19,volume,PayAsProduced / FixedFlat
PayAsProduced,FixedEscalated,6544950.543443501,-6544950.543443501,445263.4419937087,71.07687371688381,0.7402565209239902,7106771.824955337,-561821.2815118358,19,volume,PayAsProduced / FixedEscalated
PayAsProduced,IndexedWithFloorCap,2881447.9155840315,-2881447.9155840315,445263.4419937087,59.06008423600551,0.7402565209239902,3109421.8874089145,-227973.97182488302,19,volume,PayAsProduced / IndexedWithFloorCap
PayAsProduced,Floating,0.0,-0.0,445263.4419937087,49.71257430767458,0.7402565209239902,0.0,0.0,19,volume,PayAsProduced / Floating
PayAsNominated,FixedFlat,1657065.8461398915,-1657065.8461398915,445263.44199370866,65.0,0.7402565209239902,1972063.4825799237,-314997.63644003216,19,volume,PayAsNominated / FixedFlat
PayAsNominated,FixedEscalated,3490495.4222884914,-3490495.4222884914,445263.44199370866,71.07687371688381,0.7402565209239902,3993517.782941649,-503022.3606531578,19,volume,PayAsNominated / FixedEscalated
PayAsNominated,IndexedWithFloorCap,575442.9282309096,-575442.9282309096,445263.44199370866,61.1850046775579,0.7402565209239902,703016.4265280423,-127573.49829713267,19,volume,PayAsNominated / IndexedWithFloorCap
PayAsNominated,Floating,0.0,-0.0,445263.44199370866,59.07160441709128,0.7402565209239902,0.0,0.0,19,volume,PayAsNominated / Floating
Baseload,FixedFlat,-1047890.2356553841,1047890.2356553841,445263.44199370896,64.99999999999997,0.7402565209239902,-717145.4889338844,-330744.7467214997,19,volume,Baseload / FixedFlat
Baseload,FixedEscalated,808098.1227577641,-808098.1227577641,445263.44199370896,71.17379605473555,0.7402565209239902,1336549.7441474434,-528451.6213896794,19,volume,Baseload / FixedEscalated
Baseload,IndexedWithFloorCap,-126338.57684552546,126338.57684552546,445263.44199370896,67.0662233737509,0.7402565209239902,-29822.31603791023,-96516.26080761522,19,volume,Baseload / IndexedWithFloorCap
Baseload,Floating,0.0,-0.0,445263.44199370896,67.15587489269691,0.7402565209239902,0.0,0.0,19,volume,Baseload / Floating
PayAsProduced,FixedFlat,4799564.785086405,-4799564.785086405,445248.98527203046,65.0,0.7363294346261494,5172877.555905863,-373312.77081945725,20,volume,PayAsProduced / FixedFlat
PayAsProduced,FixedEscalated,6641333.763375987,-6641333.763375987,445248.98527203046,71.10886361632879,0.7363294346261494,7204907.225260072,-563573.4618840851,20,volume,PayAsProduced / FixedEscalated
PayAsProduced,IndexedWithFloorCap,2906841.195553635,-2906841.195553635,445248.98527203046,58.87829826836093,0.7363294346261494,3136577.4636305464,-229736.26807691157,20,volume,PayAsProduced / IndexedWithFloorCap
PayAsProduced,Floating,0.0,-0.0,445248.98527203046,49.44884739156397,0.7363294346261494,0.0,0.0,20,volume,PayAsProduced / Floating
PayAsNominated,FixedFlat,1737536.1155388176,-1737536.1155388176,445248.9852720305,65.0,0.7363294346261494,2052920.7340988654,-315384.6185600478,20,volume,PayAsNominated / FixedFlat
PayAsNominated,FixedEscalated,3579329.003263108,-3579329.003263108,445248.9852720305,71.10886361632879,0.7363294346261494,4084950.4034530763,-505621.4001899683,20,volume,PayAsNominated / FixedEscalated
PayAsNominated,IndexedWithFloorCap,594733.8715469884,-594733.8715469884,445248.9852720305,61.00210077294382,0.7363294346261494,723074.4067473034,-128340.53520031506,20,volume,PayAsNominated / IndexedWithFloorCap
PayAsNominated,Floating,0.0,-0.0,445248.9852720305,58.828331855149955,0.7363294346261494,0.0,0.0,20,volume,PayAsNominated / Floating
Baseload,FixedFlat,-1047856.2129711539,1047856.2129711539,445248.98527203046,65.00000000000003,0.7363294346261494,-717122.2048019236,-330734.0081692303,20,volume,Baseload / FixedFlat
Baseload,FixedEscalated,808071.8855944411,-808071.8855944411,445248.98527203046,71.17379605473559,0.7363294346261494,1336506.3493257803,-528434.4637313392,20,volume,Baseload / FixedEscalated
Baseload,IndexedWithFloorCap,-126334.47491064719,126334.47491064719,445248.98527203046,67.06622337375094,0.7363294346261494,-29821.34777309392,-96513.12713755327,20,volume,Baseload / IndexedWithFloorCap
Baseload,Floating,0.0,-0.0,445248.98527203046,67.15587489269694,0.7363294346261494,0.0,0.0,20,volume,Baseload / Floating
PayAsProduced,FixedFlat,4743545.514378946,-4743545.514378946,448014.6452533579,65.00000000000001,0.7405390447557688,5110388.438309485,-366842.9239305388,21,volume,PayAsProduced / FixedFlat
PayAsProduced,FixedEscalated,6596017.3587612305,-6596017.3587612305,448014.6452533579,71.10257295683772,0.7405390447557688,7152934.542158599,-556917.1833973685,21,volume,PayAsProduced / FixedEscalated
PayAsProduced,IndexedWithFloorCap,2875316.337359106,-2875316.337359106,448014.6452533579,58.989855506146,0.7405390447557688,3098778.3672267734,-223462.02986766724,21,volume,PayAsProduced / IndexedWithFloorCap
PayAsProduced,Floating,0.0,-0.0,448014.6452533579,49.73154744277572,0.7405390447557688,0.0,0.0,21,volume,PayAsProduced / Floating
PayAsNominated,FixedFlat,1675498.4694823134,-1675498.4694823134,448014.6452533579,65.0,0.7405390447557688,1987581.6296267107,-312083.1601443973,21,volume,PayAsNominated / FixedFlat
PayAsNominated,FixedEscalated,3527994.204681714,-3527994.204681714,448014.6452533579,71.1025729568377,0.7405390447557688,4030127.733475825,-502133.52879411075,21,volume,PayAsNominated / FixedEscalated
PayAsNominated,IndexedWithFloorCap,568749.4830789384,-568749.4830789384,448014.6452533579,61.136178831525214,0.7405390447557688,694351.2283751894,-125601.74529625091,21,volume,PayAsNominated / IndexedWithFloorCap
PayAsNominated,Floating,0.0,-0.0,448014.6452533579,59.06164596255136,0.7405390447557688,0.0,0.0,21,volume,PayAsNominated / Floating
Baseload,FixedFlat,-1054364.962210928,1054364.962210928,448014.6452533579,65.00000000000003,0.7405390447557688,-721576.6027885521,-332788.35942237603,21,volume,Baseload / FixedFlat
Baseload,FixedEscalated,813091.2166877147,-813091.2166877147,448014.6452533579,71.17379605473559,0.7405390447557688,1344808.0462355663,-531716.8295478516,21,volume,Baseload / FixedEscalated
Baseload,IndexedWithFloorCap,-127119.20034086675,127119.20034086675,448014.6452533579,67.06622337375094,0.7405390447557688,-30006.582800809974,-97112.61754005677,21,volume,Baseload / IndexedWithFloorCap
Baseload,Floating,0.0,-0.0,448014.6452533579,67.15587489269696,0.7405390447557688,0.0,0.0,21,volume,Baseload / Floating
PayAsProduced,FixedFlat,4658659.724308861,-4658659.724308861,441272.42622825434,65.00000000000001,0.7405859063520478,5032444.203185344,-373784.4788764827,22,volume,PayAsProduced / FixedFlat
PayAsProduced,FixedEscalated,6476112.069284843,-6476112.069284843,441272.42622825434,71.07892691764621,0.7405859063520478,7036456.535381258,-560344.4660964152,22,volume,PayAsProduced / FixedEscalated
PayAsProduced,IndexedWithFloorCap,2847596.0944202226,-2847596.0944202226,441272.42622825434,59.05951557481553,0.7405859063520478,3074071.581081659,-226475.4866614365,22,volume,PayAsProduced / IndexedWithFloorCap
PayAsProduced,Floating,0.0,-0.0,441272.42622825434,49.73469447427269,0.7405859063520478,0.0,0.0,22,volume,PayAsProduced / Floating
PayAsNominated,FixedFlat,1635344.9200049245,-1635344.9200049245,441272.4262282544,65.0,0.7405859063520478,1951135.5980190518,-315790.6780141273,22,volume,PayAsNominated / FixedFlat
PayAsNominated,FixedEscalated,3452820.733201772,-3452820.733201772,441272.4262282544,71.0789269176462,0.7405859063520478,3955147.9302149653,-502327.1970131933,22,volume,PayAsNominated / FixedEscalated
PayAsNominated,IndexedWithFloorCap,567287.7580325196,-567287.7580325196,441272.4262282544,61.18779448162829,0.7405859063520478,694383.0535024661,-127095.29546994646,22,volume,PayAsNominated / IndexedWithFloorCap
PayAsNominated,Floating,0.0,-0.0,441272.4262282544,59.08146820445005,0.7405859063520478,0.0,0.0,22,volume,PayAsNominated / Floating
Baseload,FixedFlat,-1038497.7141579079,1038497.7141579079,441272.4262282544,65.0,0.7405859063520478,-710717.5213925919,-327780.192765316,22,volume,Baseload / FixedFlat
Baseload,FixedEscalated,800854.9223424788,-800854.9223424788,441272.4262282544,71.17379605473558,0.7405859063520478,1324569.8899821828,-523714.967639704,22,volume,Baseload / FixedEscalated
Baseload,IndexedWithFloorCap,-125206.1702645632,125206.1702645632,441272.4262282544,67.06622337375096,0.7405859063520478,-29555.010613191527,-95651.15965137168,22,volume,Baseload / IndexedWithFloorCap
Baseload,Floating,0.0,-0.0,441272.4262282544,67.15587489269694,0.7405859063520478,0.0,0.0,22,volume,Baseload / Floating
PayAsProduced,FixedFlat,4774114.361481153,-4774114.361481153,445697.3247432624,65.0,0.7375677441709851,5150396.531081672,-376282.1696005184,23,volume,PayAsProduced / FixedFlat
PayAsProduced,FixedEscalated,6618257.2659131475,-6618257.2659131475,445697.3247432624,71.10836874276292,0.7375677441709851,7184307.555823787,-566050.2899106396,23,volume,PayAsProduced / FixedEscalated
PayAsProduced,IndexedWithFloorCap,2916871.6710092155,-2916871.6710092155,445697.3247432624,58.984456198767994,0.7375677441709851,3147393.5408576843,-230521.8698484688,23,volume,PayAsProduced / IndexedWithFloorCap
PayAsProduced,Floating,0.0,-0.0,445697.3247432624,49.53200715243538,0.7375677441709851,0.0,0.0,23,volume,PayAsProduced / Floating
PayAsNominated,FixedFlat,1694860.5885410458,-1694860.5885410458,445697.3247432623,65.0,0.7375677441709851,2012955.1939159844,-318094.6053749386,23,volume,PayAsNominated / FixedFlat
PayAsNominated,FixedEscalated,3539027.2566245906,-3539027.2566245906,445697.3247432623,71.1083687427629,0.7375677441709851,4046866.2186580943,-507838.9620335037,23,volume,PayAsNominated / FixedEscalated
PayAsNominated,IndexedWithFloorCap,590858.2151996153,-590858.2151996153,445697.3247432623,61.116974631681764,0.7375677441709851,720019.4792322805,-129161.26403266517,23,volume,PayAsNominated / IndexedWithFloorCap
PayAsNominated,Floating,0.0,-0.0,445697.3247432623,58.95456711846198,0.7375677441709851,0.0,0.0,23,volume,PayAsNominated / Floating
Baseload,FixedFlat,-1048911.3423841128,1048911.3423841128,445697.3247432624,65.0,0.7375677441709851,-717844.3045725034,-331067.03781160933,23,volume,Baseload / FixedFlat
Baseload,FixedEscalated,808885.5663301387,-808885.5663301387,445697.3247432624,71.17379605473559,0.7375677441709851,1337852.132403953,-528966.5660738143,23,volume,Baseload / FixedEscalated
Baseload,IndexedWithFloorCap,-126461.68627676676,126461.68627676676,445697.3247432624,67.06622337375094,0.7375677441709851,-29851.376111700796,-96610.31016506597,23,volume,Baseload / IndexedWithFloorCap
Baseload,Floating,0.0,-0.0,445697.3247432624,67.15587489269696,0.7375677441709851,0.0,0.0,23,volume,Baseload / Floating
PayAsProduced,FixedFlat,4708414.3669498805,-4708414.3669498805,446045.39075071044,65.0,0.7408603619566857,5080735.0793757085,-372320.712425828,24,volume,PayAsProduced / FixedFlat
PayAsProduced,FixedEscalated,6551883.25975433,-6551883.25975433,446045.39075071044,71.10368479719898,0.7408603619566857,7114673.643843083,-562790.3840887528,24,volume,PayAsProduced / FixedEscalated
PayAsProduced,IndexedWithFloorCap,2878504.960726711,-2878504.960726711,446045.39075071044,59.07586274562857,0.7408603619566857,3106627.3685067864,-228122.40778007545,24,volume,PayAsProduced / IndexedWithFloorCap
PayAsProduced,Floating,0.0,-0.0,446045.39075071044,49.75312578052133,0.7408603619566857,0.0,0.0,24,volume,PayAsProduced / Floating
PayAsNominated,FixedFlat,1664041.882559596,-1664041.882559596,446045.39075071044,65.0,0.7408603619566857,1978553.0738898318,-314511.1913302357,24,volume,PayAsNominated / FixedFlat
PayAsNominated,FixedEscalated,3507534.5811855984,-3507534.5811855984,446045.39075071044,71.10368479719898,0.7408603619566857,4012491.638357206,-504957.0571716074,24,volume,PayAsNominated / FixedEscalated
PayAsNominated,IndexedWithFloorCap,575776.0300428639,-575776.0300428639,446045.39075071044,61.17372619398165,0.7408603619566857,703519.0393925925,-127743.00934972859,24,volume,PayAsNominated / IndexedWithFloorCap
PayAsNominated,Floating,0.0,-0.0,446045.39075071044,59.062522571464626,0.7408603619566857,0.0,0.0,24,volume,PayAsNominated / Floating
Baseload,FixedFlat,-1049730.486594415,1049730.486594415,446045.39075071044,65.0,0.7408603619566857,-718404.9029588718,-331325.58363554324,24,volume,Baseload / FixedFlat
Baseload,FixedEscalated,809517.263120594,-809517.263120594,446045.39075071044,71.17379605473559,0.7408603619566857,1338896.9240695795,-529379.6609489855,24,volume,Baseload / FixedEscalated
Baseload,IndexedWithFloorCap,-126560.44615660878,126560.44615660878,446045.39075071044,67.06622337375093,0.7408603619566857,-29874.68845557905,-96685.75770102974,24,volume,Baseload / IndexedWithFloorCap
Baseload,Floating,0.0,-0.0,446045.39075071044,67.15587489269694,0.7408603619566857,0.0,0.0,24,volume,Baseload / Floating
PayAsProduced,FixedFlat,4696486.839006082,-4696486.839006082,441415.41646044445,65.0,0.7387556320697319,5074608.443948122,-378121.6049420396,25,volume,PayAsProduced / FixedFlat
PayAsProduced,FixedEscalated,6526286.367257077,-6526286.367257077,441415.41646044445,71.1247725535452,0.7387556320697319,7094388.77854673,-568102.4112896528,25,volume,PayAsProduced / FixedEscalated
PayAsProduced,IndexedWithFloorCap,2860857.8673063433,-2860857.8673063433,441415.41646044445,58.978771359985465,0.7387556320697319,3088974.0239101383,-228116.156603795,25,volume,PayAsProduced / IndexedWithFloorCap
PayAsProduced,Floating,0.0,-0.0,441415.41646044445,49.61178080355017,0.7387556320697319,0.0,0.0,25,volume,PayAsProduced / Floating
PayAsNominated,FixedFlat,1677530.6189596797,-1677530.6189596797,441415.41646044457,64.99999999999999,0.7387556320697319,1993549.5265076747,-316018.907547995,25,volume,PayAsNominated / FixedFlat
PayAsNominated,FixedEscalated,3507353.7633882947,-3507353.7633882947,441415.41646044457,71.12477255354517,0.7387556320697319,4013329.861106279,-505976.0977179841,25,volume,PayAsNominated / FixedEscalated
PayAsNominated,IndexedWithFloorCap,576793.7087201027,-576793.7087201027,441415.41646044457,61.08729982893345,0.7387556320697319,703249.3901987071,-126455.68147860444,25,volume,PayAsNominated / IndexedWithFloorCap
PayAsNominated,Floating,0.0,-0.0,441415.41646044457,58.95476962770124,0.7387556320697319,0.0,0.0,25,volume,PayAsNominated / Floating
Baseload,FixedFlat,-1038834.2296989888,1038834.2296989888,441415.41646044445,64.99999999999999,0.7387556320697319,-710947.8228058848,-327886.4068931041,25,volume,Baseload / FixedFlat
Baseload,FixedEscalated,801114.4319435547,-801114.4319435547,441415.41646044445,71.17379605473558,0.7387556320697319,1324999.1045554553,-523884.6726119006,25,volume,Baseload / FixedEscalated
Baseload,IndexedWithFloorCap,-125246.74216140882,125246.74216140882,441415.41646044445,67.06622337375093,0.7387556320697319,-29564.58763995075,-95682.15452145807,25,volume,Baseload / IndexedWithFloorCap
Baseload,Floating,0.0,-0.0,441415.41646044445,67.15587489269694,0.7387556320697319,0.0,0.0,25,volume,Baseload / Floating
PayAsProduced,FixedFlat,4693813.357199515,-4693813.357199515,446064.3324538851,65.0,0.7416317556470411,5063687.519254867,-369874.1620553518,26,volume,PayAsProduced / FixedFlat
PayAsProduced,FixedEscalated,6541358.203318066,-6541358.203318066,446064.3324538851,71.11686107249639,0.7416317556470411,7102103.38993421,-560745.1866161441,26,volume,PayAsProduced / FixedEscalated
PayAsProduced,IndexedWithFloorCap,2864894.423174467,-2864894.423174467,446064.3324538851,59.069955677457656,0.7416317556470411,3087527.4728458044,-222633.04967133747,26,volume,PayAsProduced / IndexedWithFloorCap
PayAsProduced,Floating,0.0,-0.0,446064.3324538851,49.804929398683875,0.7416317556470411,0.0,0.0,26,volume,PayAsProduced / Floating
PayAsNominated,FixedFlat,1672211.3274989803,-1672211.3274989803,446064.332453885,65.0,0.7416317556470411,1982434.5085931774,-310223.1810941971,26,volume,PayAsNominated / FixedFlat
PayAsNominated,FixedEscalated,3519780.062309085,-3519780.062309085,446064.332453885,71.1168610724964,0.7416317556470411,4020850.3792725257,-501070.31696344074,26,volume,PayAsNominated / FixedEscalated
PayAsNominated,IndexedWithFloorCap,575058.7387979139,-575058.7387979139,446064.332453885,61.15161544506567,0.7416317556470411,699978.0231046356,-124919.28430672176,26,volume,PayAsNominated / IndexedWithFloorCap
PayAsNominated,Floating,0.0,-0.0,446064.332453885,59.05112732450136,0.7416317556470411,0.0,0.0,26,volume,PayAsNominated / Floating
Baseload,FixedFlat,-1049775.0643071383,1049775.0643071383,446064.3324538851,65.0,0.7416317556470411,-718435.4106442227,-331339.6536629156,26,volume,Baseload / FixedFlat
Baseload,FixedEscalated,809551.6399710915,-809551.6399710915,446064.3324538851,71.17379605473558,0.7416317556470411,1338953.781485078,-529402.1415139864,26,volume,Baseload / FixedEscalated
Baseload,IndexedWithFloorCap,-126565.82065538055,126565.82065538055,446064.3324538851,67.06622337375093,0.7416317556470411,-29875.957110059077,-96689.86354532148,26,volume,Baseload / IndexedWithFloorCap
Baseload,Floating,0.0,-0.0,446064.3324538851,67.15587489269696,0.7416317556470411,0.0,0.0,26,volume,Baseload / Floating
PayAsProduced,FixedFlat,4801423.5246776,-4801423.5246776,445271.7976460445,65.0,0.7359622771386898,5181344.7493382525,-379921.2246606527,27,volume,PayAsProduced / FixedFlat
PayAsProduced,FixedEscalated,6645897.668208778,-6645897.668208778,445271.7976460445,71.12174633903906,0.7359622771386898,7217764.010441868,-571866.3422330897,27,volume,PayAsProduced / FixedEscalated
PayAsProduced,IndexedWithFloorCap,2916343.405278347,-2916343.405278347,445271.7976460445,58.89563937109814,0.7359622771386898,3150708.9024812523,-234365.49720290536,27,volume,PayAsProduced / IndexedWithFloorCap
PayAsProduced,Floating,0.0,-0.0,445271.7976460445,49.42419060927021,0.7359622771386898,0.0,0.0,27,volume,PayAsProduced / Floating
PayAsNominated,FixedFlat,1739568.607456003,-1739568.607456003,445271.7976460446,65.0,0.7359622771386898,2059578.6124188208,-320010.00496281777,27,volume,PayAsNominated / FixedFlat
PayAsNominated,FixedEscalated,3584066.6581036085,-3584066.6581036085,445271.7976460446,71.12174633903906,0.7359622771386898,4095997.8735224376,-511931.2154188291,27,volume,PayAsNominated / FixedEscalated
PayAsNominated,IndexedWithFloorCap,599572.4185707797,-599572.4185707797,445271.7976460446,61.002884091132714,0.7359622771386898,729924.723662832,-130352.30509205232,27,volume,PayAsNominated / IndexedWithFloorCap
PayAsNominated,Floating,0.0,-0.0,445271.7976460446,58.80863357985272,0.7359622771386898,0.0,0.0,27,volume,PayAsNominated / Floating
Baseload,FixedFlat,-1047909.8999836657,1047909.8999836657,445271.7976460445,65.0,0.7359622771386898,-717158.9466261502,-330750.9533575155,27,volume,Baseload / FixedFlat
Baseload,FixedEscalated,808113.2872341843,-808113.2872341843,445271.7976460445,71.1737960547356,0.7359622771386898,1336574.8253554255,-528461.5381212411,27,volume,Baseload / FixedEscalated
Baseload,IndexedWithFloorCap,-126340.94766945834,126340.94766945834,445271.7976460445,67.06622337375094,0.7359622771386898,-29822.875672677084,-96518.07199678126,27,volume,Baseload / IndexedWithFloorCap
Baseload,Floating,0.0,-0.0,445271.7976460445,67.15587489269694,0.7359622771386898,0.0,0.0,27,volume,Baseload / Floating
PayAsProduced,FixedFlat,4724904.191416805,-4724904.191416805,443589.8563635887,65.0,0.7383005566069704,5109734.095938044,-384829.904521239,28,volume,PayAsProduced / FixedFlat
PayAsProduced,FixedEscalated,6559883.924969917,-6559883.924969917,443589.8563635887,71.11362941124021,0.7383005566069704,7135771.193106537,-575887.2681366196,28,volume,PayAsProduced / FixedEscalated
PayAsProduced,IndexedWithFloorCap,2883572.3096645693,-2883572.3096645693,443589.8563635887,58.98632812412548,0.7383005566069704,3116822.6040638583,-233250.29439928895,28,volume,PayAsProduced / IndexedWithFloorCap
PayAsProduced,Floating,0.0,-0.0,443589.8563635887,49.58121981270624,0.7383005566069704,0.0,0.0,28,volume,PayAsProduced / Floating
PayAsNominated,FixedFlat,1672341.6276308976,-1672341.6276308976,443589.8563635888,64.99999999999999,0.7383005566069704,1994567.223257817,-322225.59562691953,28,volume,PayAsNominated / FixedFlat
PayAsNominated,FixedEscalated,3507345.093791054,-3507345.093791054,443589.8563635888,71.11362941124018,0.7383005566069704,4020604.3204263058,-513259.22663525166,28,volume,PayAsNominated / FixedEscalated
PayAsNominated,IndexedWithFloorCap,580628.611200296,-580628.611200296,443589.8563635888,61.124508373348576,0.7383005566069704,710241.7796963317,-129613.16849603574,28,volume,PayAsNominated / IndexedWithFloorCap
PayAsNominated,Floating,0.0,-0.0,443589.8563635888,58.981331903622774,0.7383005566069704,0.0,0.0,28,volume,PayAsNominated / Floating
Baseload,FixedFlat,-1043951.5919785454,1043951.5919785454,443589.85636358877,64.99999999999996,0.7383005566069704,-714449.9961721051,-329501.59580644034,28,volume,Baseload / FixedFlat
Baseload,FixedEscalated,805060.7716563155,-805060.7716563155,443589.85636358877,71.17379605473558,0.7383005566069704,1331526.1328764835,-526465.361220168,28,volume,Baseload / FixedEscalated
Baseload,IndexedWithFloorCap,-125863.71543361217,125863.71543361217,443589.85636358877,67.06622337375092,0.7383005566069704,-29710.224644661383,-96153.49078895079,28,volume,Baseload / IndexedWithFloorCap
Baseload,Floating,0.0,-0.0,443589.85636358877,67.15587489269694,0.7383005566069704,0.0,0.0,28,volume,Baseload / Floating
PayAsProduced,FixedFlat,4694578.534743123,-4694578.534743123,447899.7829452447,65.0,0.7422838385060713,5069870.14778081,-375291.6130376868,29,volume,PayAsProduced / FixedFlat
PayAsProduced,FixedEscalated,6544722.3418466,-6544722.3418466,447899.7829452447,71.10092491820699,0.7422838385060713,7111341.121088368,-566618.7792417677,29,volume,PayAsProduced / FixedEscalated
PayAsProduced,IndexedWithFloorCap,2865768.2652256414,-2865768.2652256414,447899.7829452447,59.09176951834126,0.7422838385060713,3092877.9386286875,-227109.6734030461,29,volume,PayAsProduced / IndexedWithFloorCap
PayAsProduced,Floating,0.0,-0.0,447899.7829452447,49.848720593584574,0.7422838385060713,0.0,0.0,29,volume,PayAsProduced / Floating
PayAsNominated,FixedFlat,1644406.4168408131,-1644406.4168408131,447899.7829452447,65.0,0.7422838385060713,1960789.5575986311,-316383.140757818,29,volume,PayAsNominated / FixedFlat
PayAsNominated,FixedEscalated,3494574.051854877,-3494574.051854877,447899.7829452447,71.100924918207,0.7422838385060713,4002260.5309061944,-507686.47905131755,29,volume,PayAsNominated / FixedEscalated
PayAsNominated,IndexedWithFloorCap,564094.8304871789,-564094.8304871789,447899.7829452447,61.20621951389312,0.7422838385060713,691327.4931869279,-127232.662699749,29,volume,PayAsNominated / IndexedWithFloorCap
PayAsNominated,Floating,0.0,-0.0,447899.7829452447,59.14019105452581,0.7422838385060713,0.0,0.0,29,volume,PayAsNominated / Floating
Baseload,FixedFlat,-1054094.6433844424,1054094.6433844424,447899.7829452446,65.0,0.7422838385060713,-721391.6044744375,-332703.0389100049,29,volume,Baseload / FixedFlat
Baseload,FixedEscalated,812882.7557928646,-812882.7557928646,447899.7829452446,71.1737960547356,0.7422838385060713,1344463.2634080483,-531580.5076151837,29,volume,Baseload / FixedEscalated
Baseload,IndexedWithFloorCap,-127086.60943137002,127086.60943137002,447899.7829452446,67.06622337375096,0.7422838385060713,-29998.889692123437,-97087.71973924658,29,volume,Baseload / IndexedWithFloorCap
Baseload,Floating,0.0,-0.0,447899.7829452446,67.15587489269697,0.7422838385060713,0.0,0.0,29,volume,Baseload / Floating
PayAsProduced,FixedFlat,4639506.846624991,-4639506.846624991,442861.3928610316,65.0,0.7424159898693119,5009903.339259332,-370396.4926343411,30,volume,PayAsProduced / FixedFlat
PayAsProduced,FixedEscalated,6466106.347727227,-6466106.347727227,442861.3928610316,71.09343245120493,0.7424159898693119,7025931.061288864,-559824.7135616373,30,volume,PayAsProduced / FixedEscalated
PayAsProduced,IndexedWithFloorCap,2829060.8121940447,-2829060.8121940447,442861.3928610316,59.091902106533155,0.7424159898693119,3055194.030003242,-226133.2178091975,30,volume,PayAsProduced / IndexedWithFloorCap
PayAsProduced,Floating,0.0,-0.0,442861.3928610316,49.85759533400127,0.7424159898693119,0.0,0.0,30,volume,PayAsProduced / Floating
PayAsNominated,FixedFlat,1630521.9843646397,-1630521.9843646397,442861.39286103164,64.99999999999999,0.7424159898693119,1944842.3197316444,-314320.3353670046,30,volume,PayAsNominated / FixedFlat
PayAsNominated,FixedEscalated,3457145.102979334,-3457145.102979334,442861.39286103164,71.09343245120493,0.7424159898693119,3960870.041761181,-503724.9387818468,30,volume,PayAsNominated / FixedEscalated
PayAsNominated,IndexedWithFloorCap,559844.6388317966,-559844.6388317966,442861.39286103164,61.198029352117686,0.7424159898693119,686950.6001052752,-127105.96127347858,30,volume,PayAsNominated / IndexedWithFloorCap
PayAsNominated,Floating,0.0,-0.0,442861.39286103164,59.12172502687643,0.7424159898693119,0.0,0.0,30,volume,PayAsNominated / Floating
Baseload,FixedFlat,-1042237.2141083503,1042237.2141083503,442861.39286103135,65.00000000000001,0.7424159898693119,-713276.7260011362,-328960.4881072141,30,volume,Baseload / FixedFlat
Baseload,FixedEscalated,803738.7004207388,-803738.7004207388,442861.39286103135,71.17379605473563,0.7424159898693119,1329339.4999393572,-525600.7995186184,30,volume,Baseload / FixedEscalated
Baseload,IndexedWithFloorCap,-125657.02197190573,125657.02197190573,442861.39286103135,67.06622337375097,0.7424159898693119,-29661.43449764151,-95995.58747426423,30,volume,Baseload / IndexedWithFloorCap
Baseload,Floating,0.0,-0.0,442861.39286103135,67.15587489269699,0.7424159898693119,0.0,0.0,30,volume,Baseload / Floating
PayAsProduced,FixedFlat,4659703.985982334,-4659703.985982334,440198.88550732465,65.0,0.7392999501825899,5048601.610220499,-388897.6242381651,31,volume,PayAsProduced / FixedFlat
PayAsProduced,FixedEscalated,6483814.631208518,-6483814.631208518,440198.88550732465,71.12918989785113,0.7392999501825899,7064268.178786925,-580453.5475784075,31,volume,PayAsProduced / FixedEscalated
PayAsProduced,IndexedWithFloorCap,2849692.9670029976,-2849692.9670029976,440198.88550732465,59.027609201581065,0.7392999501825899,3084500.535295837,-234807.56829283945,31,volume,PayAsProduced / IndexedWithFloorCap
PayAsProduced,Floating,0.0,-0.0,440198.88550732465,49.64833496263908,0.7392999501825899,0.0,0.0,31,volume,PayAsProduced / Floating
PayAsNominated,FixedFlat,1652502.126823238,-1652502.126823238,440198.8855073246,65.0,0.7392999501825899,1975819.759984535,-323317.63316129684,31,volume,PayAsNominated / FixedFlat
PayAsNominated,FixedEscalated,3476636.3910791185,-3476636.3910791185,440198.8855073246,71.12918989785113,0.7392999501825899,3991486.328550961,-514849.9374718424,31,volume,PayAsNominated / FixedEscalated
PayAsNominated,IndexedWithFloorCap,574592.9386004484,-574592.9386004484,440198.8855073246,61.13429975023798,0.7392999501825899,704532.2183346975,-129939.27973424911,31,volume,PayAsNominated / IndexedWithFloorCap
PayAsNominated,Floating,0.0,-0.0,440198.8855073246,58.99197530894963,0.7392999501825899,0.0,0.0,31,volume,PayAsNominated / Floating
Baseload,FixedFlat,-1035971.2259422941,1035971.2259422941,440198.8855073245,65.0,0.7392999501825899,-708988.4666070691,-326982.759335225,31,volume,Baseload / FixedFlat
Baseload,FixedEscalated,798906.5785992716,-798906.5785992716,440198.8855073245,71.1737960547356,0.7392999501825899,1321347.4368441794,-522440.8582449078,31,volume,Baseload / FixedEscalated
Baseload,IndexedWithFloorCap,-124901.56495885762,124901.56495885762,440198.8855073245,67.06622337375097,0.7392999501825899,-29483.108301801007,-95418.45665705661,31,volume,Baseload / IndexedWithFloorCap
Baseload,Floating,0.0,-0.0,440198.8855073245,67.15587489269697,0.7392999501825899,0.0,0.0,31,volume,Baseload / Floating
PayAsProduced,FixedFlat,4819508.301644699,-4819508.301644699,450053.0639596608,65.0,0.7376208282806923,5199532.041594504,-380023.73994980566,32,volume,PayAsProduced / FixedFlat
PayAsProduced,FixedEscalated,6680199.188528096,-6680199.188528096,450053.0639596608,71.10286186689463,0.7376208282806923,7251468.650572807,-571269.4620447103,32,volume,PayAsProduced / FixedEscalated
PayAsProduced,IndexedWithFloorCap,2936910.6719797133,-2936910.6719797133,450053.0639596608,58.95700247152942,0.7376208282806923,3167723.338222409,-230812.66624269588,32,volume,PayAsProduced / IndexedWithFloorCap
PayAsProduced,Floating,0.0,-0.0,450053.0639596608,49.53557206226568,0.7376208282806923,0.0,0.0,32,volume,PayAsProduced / Floating
PayAsNominated,FixedFlat,1721544.217023611,-1721544.217023611,450053.0639596608,65.0,0.7376208282806923,2040015.6957651293,-318471.4787415182,32,volume,PayAsNominated / FixedFlat
PayAsNominated,FixedEscalated,3582259.0735825137,-3582259.0735825137,450053.0639596608,71.10286186689461,0.7376208282806923,4091952.304743426,-509693.2311609122,32,volume,PayAsNominated / FixedEscalated
PayAsNominated,IndexedWithFloorCap,592237.8148696249,-592237.8148696249,450053.0639596608,61.07669708767363,0.7376208282806923,720901.9669122088,-128664.15204258391,32,volume,PayAsNominated / IndexedWithFloorCap
PayAsNominated,Floating,0.0,-0.0,450053.0639596608,58.932593266733235,0.7376208282806923,0.0,0.0,32,volume,PayAsNominated / Floating
Baseload,FixedFlat,-1059162.209990687,1059162.209990687,450053.0639596609,64.99999999999996,0.7376208282806923,-724859.69913539,-334302.510855297,32,volume,Baseload / FixedFlat
Baseload,FixedEscalated,816790.6947373429,-816790.6947373429,450053.0639596609,71.17379605473558,0.7376208282806923,1350926.778975397,-534136.0842380542,32,volume,Baseload / FixedEscalated
Baseload,IndexedWithFloorCap,-127697.57910292377,127697.57910292377,450053.0639596609,67.06622337375093,0.7376208282806923,-30143.109542378144,-97554.46956054564,32,volume,Baseload / IndexedWithFloorCap
Baseload,Floating,0.0,-0.0,450053.0639596609,67.15587489269693,0.7376208282806923,0.0,0.0,32,volume,Baseload / Floating
PayAsProduced,FixedFlat,4763476.657542343,-4763476.657542343,446045.70912288124,65.00000000000001,0.7377774876419183,5149728.662734432,-386252.0051920889,33,volume,PayAsProduced / FixedFlat
PayAsProduced,FixedEscalated,6612058.420701247,-6612058.420701247,446045.70912288124,71.12356948230178,0.7377774876419183,7190294.88232337,-578236.4616221236,33,volume,PayAsProduced / FixedEscalated
PayAsProduced,IndexedWithFloorCap,2900106.138275863,-2900106.138275863,446045.70912288124,58.95163356968747,0.7377774876419183,3134222.468665367,-234116.33038950386,33,volume,PayAsProduced / IndexedWithFloorCap
PayAsProduced,Floating,0.0,-0.0,446045.70912288124,49.54609265872895,0.7377774876419183,0.0,0.0,33,volume,PayAsProduced / Floating
PayAsNominated,FixedFlat,1708634.0622125524,-1708634.0622125524,446045.70912288124,64.99999999999999,0.7377774876419183,2032079.956890292,-323445.8946777396,33,volume,PayAsNominated / FixedFlat
PayAsNominated,FixedEscalated,3557239.7625869936,-3557239.7625869936,446045.70912288124,71.12356948230178,0.7377774876419183,4072646.17647924,-515406.4138922463,33,volume,PayAsNominated / FixedEscalated
PayAsNominated,IndexedWithFloorCap,591116.7405985899,-591116.7405985899,446045.70912288124,61.067373703091825,0.7377774876419183,721605.012671723,-130488.27207313315,33,volume,PayAsNominated / IndexedWithFloorCap
PayAsNominated,Floating,0.0,-0.0,446045.70912288124,58.90189708613465,0.7377774876419183,0.0,0.0,33,volume,PayAsNominated / Floating
Baseload,FixedFlat,-1049731.235856667,1049731.235856667,446045.7091228815,64.99999999999994,0.7377774876419183,-718405.4157320955,-331325.82012457144,33,volume,Baseload / FixedFlat
Baseload,FixedEscalated,809517.8409267407,-809517.8409267407,446045.7091228815,71.17379605473553,0.7377774876419183,1338897.8797290823,-529380.0388023417,33,volume,Baseload / FixedEscalated
Baseload,IndexedWithFloorCap,-126560.53649119077,126560.53649119077,446045.7091228815,67.06622337375089,0.7377774876419183,-29874.709779129822,-96685.82671206095,33,volume,Baseload / IndexedWithFloorCap
Baseload,Floating,0.0,-0.0,446045.7091228815,67.15587489269691,0.7377774876419183,0.0,0.0,33,volume,Baseload / Floating
PayAsProduced,FixedFlat,4738484.035704808,-4738484.035704808,444992.1264742717,65.0,0.7386278543824425,5118579.79947172,-380095.7637669118,34,volume,PayAsProduced / FixedFlat
PayAsProduced,FixedEscalated,6579518.02226002,-6579518.02226002,444992.1264742717,71.11347603979746,0.7386278543824425,7150970.58957814,-571452.56731812,34,volume,PayAsProduced / FixedEscalated
PayAsProduced,IndexedWithFloorCap,2882008.4200098906,-2882008.4200098906,444992.1264742717,58.97421271740288,0.7386278543824425,3115340.6444366896,-233332.224426799,34,volume,PayAsProduced / IndexedWithFloorCap
PayAsProduced,Floating,0.0,-0.0,444992.1264742717,49.603199781168485,0.7386278543824425,0.0,0.0,34,volume,PayAsProduced / Floating
PayAsNominated,FixedFlat,1688229.403379999,-1688229.403379999,444992.12647427176,65.0,0.7386278543824425,2006682.589164237,-318453.1857842379,34,volume,PayAsNominated / FixedFlat
PayAsNominated,FixedEscalated,3529287.2903498635,-3529287.2903498635,444992.12647427176,71.11347603979746,0.7386278543824425,4039073.3792706556,-509786.0889207921,34,volume,PayAsNominated / FixedEscalated
PayAsNominated,IndexedWithFloorCap,580611.9461784621,-580611.9461784621,444992.12647427176,61.10092949689893,0.7386278543824425,710458.4886865726,-129846.54250811052,34,volume,PayAsNominated / IndexedWithFloorCap
PayAsNominated,Floating,0.0,-0.0,444992.12647427176,58.963854792073754,0.7386278543824425,0.0,0.0,34,volume,PayAsNominated / Floating
Baseload,FixedFlat,-1047251.7172934755,1047251.7172934755,444992.12647427176,65.0,0.7386278543824425,-716708.5056056082,-330543.2116878673,34,volume,Baseload / FixedFlat
Baseload,FixedEscalated,807605.7186184297,-807605.7186184297,444992.12647427176,71.17379605473559,0.7386278543824425,1335735.3348474992,-528129.6162290694,34,volume,Baseload / FixedEscalated
Baseload,IndexedWithFloorCap,-126261.59406776071,126261.59406776071,444992.12647427176,67.06622337375094,0.7386278543824425,-29804.144195343233,-96457.44987241748,34,volume,Baseload / IndexedWithFloorCap
Baseload,Floating,0.0,-0.0,444992.12647427176,67.15587489269694,0.7386278543824425,0.0,0.0,34,volume,Baseload / Floating
PayAsProduced,FixedFlat,4764252.699633954,-4764252.699633954,445025.86282729986,65.0,0.7376976591851935,5139736.590643221,-375483.8910092665,35,volume,PayAsProduced / FixedFlat
PayAsProduced,FixedEscalated,6603591.232086636,-6603591.232086636,445025.86282729986,71.09952500961485,0.7376976591851935,7167643.169860884,-564051.9377742475,35,volume,PayAsProduced / FixedEscalated
PayAsProduced,IndexedWithFloorCap,2893097.5145801734,-2893097.5145801734,445025.86282729986,58.92863960194169,0.7376976591851935,3121193.888282621,-228096.3737024474,35,volume,PayAsProduced / IndexedWithFloorCap
PayAsProduced,Floating,0.0,-0.0,445025.86282729986,49.54073170887624,0.7376976591851935,0.0,0.0,35,volume,PayAsProduced / Floating
PayAsNominated,FixedFlat,1710687.1408597836,-1710687.1408597836,445025.86282729986,65.0,0.7376976591851935,2024181.5659246072,-313494.4250648236,35,volume,PayAsNominated / FixedFlat
PayAsNominated,FixedEscalated,3550049.435597143,-3550049.435597143,445025.86282729986,71.09952500961484,0.7376976591851935,4052088.1451422665,-502038.7095451234,35,volume,PayAsNominated / FixedEscalated
PayAsNominated,IndexedWithFloorCap,586404.6806422194,-586404.6806422194,445025.86282729986,61.05765344936248,0.7376976591851935,713471.2245469431,-127066.54390472372,35,volume,PayAsNominated / IndexedWithFloorCap
PayAsNominated,Floating,0.0,-0.0,445025.86282729986,58.91167906259192,0.7376976591851935,0.0,0.0,35,volume,PayAsNominated / Floating
Baseload,FixedFlat,-1047331.1129760997,1047331.1129760997,445025.86282729986,64.99999999999999,0.7376976591851935,-716762.841693213,-330568.27128288674,35,volume,Baseload / FixedFlat
Baseload,FixedEscalated,807666.9459301278,-807666.9459301278,445025.86282729986,71.17379605473559,0.7376976591851935,1335836.6014455478,-528169.65551542,35,volume,Baseload / FixedEscalated
Baseload,IndexedWithFloorCap,-126271.16638479258,126271.16638479258,445025.86282729986,67.06622337375096,0.7376976591851935,-29806.403747974513,-96464.76263681806,35,volume,Baseload / IndexedWithFloorCap
Baseload,Floating,0.0,-0.0,445025.86282729986,67.15587489269696,0.7376976591851935,0.0,0.0,35,volume,Baseload / Floating
PayAsProduced,FixedFlat,4690281.883018724,-4690281.883018724,445947.9628861626,64.99999999999999,0.7415248579119855,5064758.182672513,-374476.299653789,36,volume,PayAsProduced / FixedFlat
PayAsProduced,FixedEscalated,6528068.074712666,-6528068.074712666,445947.9628861626,71.08268758637514,0.7415248579119855,7091257.083613723,-563189.0089010568,36,volume,PayAsProduced / FixedEscalated
PayAsProduced,IndexedWithFloorCap,2867224.492334849,-2867224.492334849,445947.9628861626,59.087678043547655,0.7415248579119855,3095018.0346500115,-227793.54231516225,36,volume,PayAsProduced / IndexedWithFloorCap
PayAsProduced,Floating,0.0,-0.0,445947.9628861626,49.79775058776217,0.7415248579119855,0.0,0.0,36,volume,PayAsProduced / Floating
PayAsNominated,FixedFlat,1649512.0367429142,-1649512.0367429142,445947.96288616257,65.00000000000001,0.7415248579119855,1968566.5241898843,-319054.4874469701,36,volume,PayAsNominated / FixedFlat
PayAsNominated,FixedEscalated,3487322.008719597,-3487322.008719597,445947.96288616257,71.08268758637514,0.7415248579119855,3995065.425131085,-507743.41641148785,36,volume,PayAsNominated / FixedEscalated
PayAsNominated,IndexedWithFloorCap,569444.1283325452,-569444.1283325452,445947.96288616257,61.18633822461816,0.7415248579119855,698012.7949988731,-128568.66666632798,36,volume,PayAsNominated / IndexedWithFloorCap
PayAsNominated,Floating,0.0,-0.0,445947.96288616257,59.09120076300952,0.7415248579119855,0.0,0.0,36,volume,PayAsNominated / Floating
Baseload,FixedFlat,-1049501.1982713419,1049501.1982713419,445947.96288616257,65.00000000000003,0.7415248579119855,-718247.9847235768,-331253.21354776504,36,volume,Baseload / FixedFlat
Baseload,FixedEscalated,809340.4435863139,-809340.4435863139,445947.96288616257,71.1737960547356,0.7415248579119855,1338604.474308038,-529264.030721724,36,volume,Baseload / FixedEscalated
Baseload,IndexedWithFloorCap,-126532.80207764069,126532.80207764069,445947.96288616257,67.06622337375094,0.7415248579119855,-29868.163049957522,-96664.63902768317,36,volume,Baseload / IndexedWithFloorCap
Baseload,Floating,0.0,-0.0,445947.96288616257,67.15587489269696,0.7415248579119855,0.0,0.0,36,volume,Baseload / Floating
PayAsProduced,FixedFlat,4797475.375911578,-4797475.375911578,445767.02745877765,65.0,0.7366767542536266,5171128.521032344,-373653.145120766,37,volume,PayAsProduced / FixedFlat
PayAsProduced,FixedEscalated,6648238.969925008,-6648238.969925008,445767.02745877765,71.13336369313605,0.7366767542536266,7213681.530450627,-565442.5605256194,37,volume,PayAsProduced / FixedEscalated
PayAsProduced,IndexedWithFloorCap,2901388.056572132,-2901388.056572132,445767.02745877765,58.868124662346645,0.7366767542536266,3129071.1686665937,-227683.11209446192,37,volume,PayAsProduced / IndexedWithFloorCap
PayAsProduced,Floating,0.0,-0.0,445767.02745877765,49.4721719450146,0.7366767542536266,0.0,0.0,37,volume,PayAsProduced / Floating
PayAsNominated,FixedFlat,1738544.5622676495,-1738544.5622676495,445767.0274587777,64.99999999999999,0.7366767542536266,2051492.8025029215,-312948.2402352721,37,volume,PayAsNominated / FixedFlat
PayAsNominated,FixedEscalated,3589332.225558565,-3589332.225558565,445767.0274587777,71.13336369313602,0.7366767542536266,4094045.8119212007,-504713.5863626357,37,volume,PayAsNominated / FixedEscalated
PayAsNominated,IndexedWithFloorCap,591149.7707844927,-591149.7707844927,445767.0274587777,60.99378010815103,0.7366767542536266,717328.23866903,-126178.4678845373,37,volume,PayAsNominated / IndexedWithFloorCap
PayAsNominated,Floating,0.0,-0.0,445767.0274587777,58.839791959580594,0.7366767542536266,0.0,0.0,37,volume,PayAsNominated / Floating
Baseload,FixedFlat,-1049075.3818899386,1049075.3818899386,445767.0274587777,65.0,0.7366767542536266,-717956.5684219006,-331118.813468038,37,volume,Baseload / FixedFlat
Baseload,FixedEscalated,809012.0681451242,-809012.0681451242,445767.0274587777,71.17379605473559,0.7366767542536266,1338061.3594318344,-529049.2912867102,37,volume,Baseload / FixedEscalated
Baseload,IndexedWithFloorCap,-126481.46365134991,126481.46365134991,445767.0274587777,67.06622337375094,0.7366767542536266,-29856.04457582908,-96625.41907552083,37,volume,Baseload / IndexedWithFloorCap
Baseload,Floating,0.0,-0.0,445767.0274587777,67.15587489269693,0.7366767542536266,0.0,0.0,37,volume,Baseload / Floating
PayAsProduced,FixedFlat,4688195.442509729,-4688195.442509729,444656.68124864623,65.00000000000001,0.7404225561626481,5074683.718550449,-386488.2760407198,38,volume,PayAsProduced / FixedFlat
PayAsProduced,FixedEscalated,6529042.561872051,-6529042.561872051,444656.68124864623,71.11705967929757,0.7404225561626481,7106732.908832136,-577690.3469600845,38,volume,PayAsProduced / FixedEscalated
PayAsProduced,IndexedWithFloorCap,2874558.7671195627,-2874558.7671195627,444656.68124864623,59.0714917582999,0.7404225561626481,3105270.143447252,-230711.37632768927,38,volume,PayAsProduced / IndexedWithFloorCap
PayAsProduced,Floating,0.0,-0.0,444656.68124864623,49.72372454938967,0.7404225561626481,0.0,0.0,38,volume,PayAsProduced / Floating
PayAsNominated,FixedFlat,1662988.3458649307,-1662988.3458649307,444656.6812486463,64.99999999999999,0.7404225561626481,1987124.3410981868,-324135.99523325614,38,volume,PayAsNominated / FixedFlat
PayAsNominated,FixedEscalated,3503859.2613385217,-3503859.2613385217,444656.6812486463,71.11705967929757,0.7404225561626481,4019173.531379882,-515314.27004136005,38,volume,PayAsNominated / FixedEscalated
PayAsNominated,IndexedWithFloorCap,580012.2606235156,-580012.2606235156,444656.6812486463,61.15241171985257,0.7404225561626481,708979.4382992849,-128967.17767576932,38,volume,PayAsNominated / IndexedWithFloorCap
PayAsNominated,Floating,0.0,-0.0,444656.6812486463,59.01817719629244,0.7404225561626481,0.0,0.0,38,volume,PayAsNominated / Floating
Baseload,FixedFlat,-1046462.2750366477,1046462.2750366477,444656.68124864605,65.00000000000003,0.7404225561626481,-716168.2343691854,-330294.0406674623,38,volume,Baseload / FixedFlat
Baseload,FixedEscalated,806996.92698734,-806996.92698734,444656.68124864605,71.1737960547356,0.7404225561626481,1334728.427052684,-527731.5000653439,38,volume,Baseload / FixedEscalated
Baseload,IndexedWithFloorCap,-126166.41519516926,126166.41519516926,444656.68124864605,67.06622337375096,0.7404225561626481,-29781.677150927862,-96384.7380442414,38,volume,Baseload / IndexedWithFloorCap
Baseload,Floating,0.0,-0.0,444656.68124864605,67.15587489269699,0.7404225561626481,0.0,0.0,38,volume,Baseload / Floating
PayAsProduced,FixedFlat,4748341.7526977835,-4748341.7526977835,447680.245797558,65.0,0.7392699056641558,5135079.475302444,-386737.7226046603,39,volume,PayAsProduced / FixedFlat
PayAsProduced,FixedEscalated,6596314.517545337,-6596314.517545337,447680.245797558,71.10122223965192,0.7392699056641558,7175649.265793037,-579334.7482476998,39,volume,PayAsProduced / FixedEscalated
PayAsProduced,IndexedWithFloorCap,2881760.475705592,-2881760.475705592,447680.245797558,58.95975315808573,0.7392699056641558,3114903.0666129524,-233142.59090736043,39,volume,PayAsProduced / IndexedWithFloorCap
PayAsProduced,Floating,0.0,-0.0,447680.245797558,49.64631729671792,0.7392699056641558,0.0,0.0,39,volume,PayAsProduced / Floating
PayAsNominated,FixedFlat,1691386.3907596248,-1691386.3907596248,447680.245797558,65.0,0.7392699056641558,2016321.165677609,-324934.77491798415,39,volume,PayAsNominated / FixedFlat
PayAsNominated,FixedEscalated,3539383.133428693,-3539383.133428693,447680.245797558,71.10122223965192,0.7392699056641558,4056890.9561682027,-517507.82273950987,39,volume,PayAsNominated / FixedEscalated
PayAsNominated,IndexedWithFloorCap,578168.4974278192,-578168.4974278192,447680.245797558,61.08942948733507,0.7392699056641558,708420.5945647246,-130252.09713690542,39,volume,PayAsNominated / IndexedWithFloorCap
PayAsNominated,Floating,0.0,-0.0,447680.245797558,58.971280180838384,0.7392699056641558,0.0,0.0,39,volume,PayAsNominated / Floating
Baseload,FixedFlat,-1053577.9810858397,1053577.9810858397,447680.2457975579,65.00000000000001,0.7392699056641558,-721038.0158788544,-332539.96520698525,39,volume,Baseload / FixedFlat
Baseload,FixedEscalated,812484.3229996248,-812484.3229996248,447680.2457975579,71.1737960547356,0.7392699056641558,1343804.277533848,-531319.9545342233,39,volume,Baseload / FixedEscalated
Baseload,IndexedWithFloorCap,-127024.31819389666,127024.31819389666,447680.2457975579,67.06622337375094,0.7392699056641558,-29984.185798695893,-97040.13239520077,39,volume,Baseload / IndexedWithFloorCap
Baseload,Floating,0.0,-0.0,447680.2457975579,67.15587489269697,0.7392699056641558,0.0,0.0,39,volume,Baseload / Floating
PayAsProduced,FixedFlat,4747512.524427189,-4747512.524427189,444781.7271380435,65.00000000000001,0.737975768277784,5130710.979769028,-383198.45534183923,40,volume,PayAsProduced / FixedFlat
PayAsProduced,FixedEscalated,6596436.535906976,-6596436.535906976,444781.7271380435,71.14426728611147,0.737975768277784,7172372.36033276,-575935.8244257839,40,volume,PayAsProduced / FixedEscalated
PayAsProduced,IndexedWithFloorCap,2904721.1129200133,-2904721.1129200133,444781.7271380435,59.00151960327118,0.737975768277784,3137492.716665017,-232771.6037450037,40,volume,PayAsProduced / IndexedWithFloorCap
PayAsProduced,Floating,0.0,-0.0,444781.7271380435,49.55940836830477,0.737975768277784,0.0,0.0,40,volume,PayAsProduced / Floating
PayAsNominated,FixedFlat,1716362.8751739587,-1716362.8751739587,444781.72713804344,65.0,0.737975768277784,2035007.3535494728,-318644.47837551404,40,volume,PayAsNominated / FixedFlat
PayAsNominated,FixedEscalated,3565310.974319836,-3565310.974319836,444781.72713804344,71.1442672861115,0.737975768277784,4076668.734113218,-511357.7597933817,40,volume,PayAsNominated / FixedEscalated
PayAsNominated,IndexedWithFloorCap,596881.480500125,-596881.480500125,444781.72713804344,61.05946550316094,0.737975768277784,725618.1739542191,-128736.69345409411,40,volume,PayAsNominated / IndexedWithFloorCap
PayAsNominated,Floating,0.0,-0.0,444781.72713804344,58.87575764108451,0.737975768277784,0.0,0.0,40,volume,PayAsNominated / Floating
Baseload,FixedFlat,-1046756.5600691703,1046756.5600691703,444781.7271380438,64.99999999999996,0.737975768277784,-716369.6344551384,-330386.92561403196,40,volume,Baseload / FixedFlat
Baseload,FixedEscalated,807223.8698237607,-807223.8698237607,444781.7271380438,71.17379605473555,0.737975768277784,1335103.777992651,-527879.9081688904,40,volume,Baseload / FixedEscalated
Baseload,IndexedWithFloorCap,-126201.89558322012,126201.89558322012,444781.7271380438,67.06622337375089,0.737975768277784,-29790.05232319456,-96411.84326002556,40,volume,Baseload / IndexedWithFloorCap
Baseload,Floating,0.0,-0.0,444781.7271380438,67.1558748926969,0.737975768277784,0.0,0.0,40,volume,Baseload / Floating
PayAsProduced,FixedFlat,4731084.756879242,-4731084.756879242,446232.4498725194,65.00000000000001,0.7398009732075584,5106583.205693879,-375498.448814637,41,volume,PayAsProduced / FixedFlat
PayAsProduced,FixedEscalated,6574739.950498542,-6574739.950498542,446232.4498725194,71.10132787026446,0.7398009732075584,7140589.016735627,-565849.0662370855,41,volume,PayAsProduced / FixedEscalated
PayAsProduced,IndexedWithFloorCap,2898471.3279733513,-2898471.3279733513,446232.4498725194,59.06293778912832,0.7398009732075584,3127338.802801955,-228867.47482860368,41,volume,PayAsProduced / IndexedWithFloorCap
PayAsProduced,Floating,0.0,-0.0,446232.4498725194,49.681981602222244,0.7398009732075584,0.0,0.0,41,volume,PayAsProduced / Floating
PayAsNominated,FixedFlat,1680142.039664512,-1680142.039664512,446232.4498725195,65.0,0.7398009732075584,1994699.4575941165,-314557.4179296044,41,volume,PayAsNominated / FixedFlat
PayAsNominated,FixedEscalated,3523821.030591988,-3523821.030591988,446232.4498725195,71.10132787026446,0.7398009732075584,4028705.26863587,-504884.23804388195,41,volume,PayAsNominated / FixedEscalated
PayAsNominated,IndexedWithFloorCap,582429.9085697249,-582429.9085697249,446232.4498725195,61.14599468131678,0.7398009732075584,709885.8267462923,-127455.91817656741,41,volume,PayAsNominated / IndexedWithFloorCap
PayAsNominated,Floating,0.0,-0.0,446232.4498725195,59.016577864550385,0.7398009732075584,0.0,0.0,41,volume,PayAsNominated / Floating
Baseload,FixedFlat,-1050170.714578002,1050170.714578002,446232.4498725195,65.0,0.7398009732075584,-718706.1821404023,-331464.53243759973,41,volume,Baseload / FixedFlat
Baseload,FixedEscalated,809856.7523104135,-809856.7523104135,446232.4498725195,71.17379605473559,0.7398009732075584,1339458.420473315,-529601.6681629015,41,volume,Baseload / FixedEscalated
Baseload,IndexedWithFloorCap,-126613.52211346131,126613.52211346131,446232.4498725195,67.06622337375093,0.7398009732075584,-29887.217075093336,-96726.30503836798,41,volume,Baseload / IndexedWithFloorCap
Baseload,Floating,0.0,-0.0,446232.4498725195,67.15587489269694,0.7398009732075584,0.0,0.0,41,volume,Baseload / Floating
PayAsProduced,FixedFlat,4851967.022681734,-4851967.022681734,448677.5366443285,65.0,0.735291125991279,5236083.111769219,-384116.08908748534,42,volume,PayAsProduced / FixedFlat
PayAsProduced,FixedEscalated,6714149.911420219,-6714149.911420219,448677.5366443285,71.14198763696871,0.735291125991279,7294863.116837928,-580713.2054177094,42,volume,PayAsProduced / FixedEscalated
PayAsProduced,IndexedWithFloorCap,2950607.1193758654,-2950607.1193758654,448677.5366443285,58.882216011009184,0.735291125991279,3185416.1133445934,-234808.993968728,42,volume,PayAsProduced / IndexedWithFloorCap
PayAsProduced,Floating,0.0,-0.0,448677.5366443285,49.37911886678058,0.735291125991279,0.0,0.0,42,volume,PayAsProduced / Floating
PayAsNominated,FixedFlat,1750099.7652828586,-1750099.7652828586,448677.5366443285,65.00000000000001,0.735291125991279,2072268.5194407762,-322168.7541579176,42,volume,PayAsNominated / FixedFlat
PayAsNominated,FixedEscalated,3612306.796695944,-3612306.796695944,448677.5366443285,71.14198763696871,0.735291125991279,4131048.5245094807,-518741.72781353677,42,volume,PayAsNominated / FixedEscalated
PayAsNominated,IndexedWithFloorCap,602358.0616482771,-602358.0616482771,448677.5366443285,61.004362096333324,0.735291125991279,732939.9649431428,-130581.90329486574,42,volume,PayAsNominated / IndexedWithFloorCap
PayAsNominated,Floating,0.0,-0.0,448677.5366443285,58.81777188648192,0.735291125991279,0.0,0.0,42,volume,PayAsNominated / Floating
Baseload,FixedFlat,-1055925.0216058516,1055925.0216058516,448677.53664432873,64.99999999999994,0.735291125991279,-722644.2618996742,-333280.7597061774,42,volume,Baseload / FixedFlat
Baseload,FixedEscalated,814294.2826439876,-814294.2826439876,448677.53664432873,71.17379605473555,0.735291125991279,1346797.851001555,-532503.5683575675,42,volume,Baseload / FixedEscalated
Baseload,IndexedWithFloorCap,-127307.28844116844,127307.28844116844,448677.53664432873,67.0662233737509,0.735291125991279,-30050.981138279192,-97256.30730288924,42,volume,Baseload / IndexedWithFloorCap
Baseload,Floating,0.0,-0.0,448677.53664432873,67.15587489269691,0.735291125991279,0.0,0.0,42,volume,Baseload / Floating
PayAsProduced,FixedFlat,4832551.866922054,-4832551.866922054,447868.9133706361,65.0,0.7357162602360211,5217093.714607488,-384541.8476854339,43,volume,PayAsProduced / FixedFlat
PayAsProduced,FixedEscalated,6694361.557413171,-6694361.557413171,447868.9133706361,71.14699267223638,0.7357162602360211,7273837.962741082,-579476.4053279106,43,volume,PayAsProduced / FixedEscalated
PayAsProduced,IndexedWithFloorCap,2942827.639808778,-2942827.639808778,447868.9133706361,58.89757438207104,0.7357162602360211,3175261.3164614593,-232433.67665268108,43,volume,PayAsProduced / IndexedWithFloorCap
PayAsProduced,Floating,0.0,-0.0,447868.9133706361,49.4076691289331,0.7357162602360211,0.0,0.0,43,volume,PayAsProduced / Floating
PayAsNominated,FixedFlat,1727153.3919431649,-1727153.3919431649,447868.91337063606,65.0,0.7357162602360211,2049366.576356283,-322213.18441311806,43,volume,PayAsNominated / FixedFlat
PayAsNominated,FixedEscalated,3588987.1765182223,-3588987.1765182223,447868.91337063606,71.1469926722364,0.7357162602360211,4106110.824489881,-517123.6479716585,43,volume,PayAsNominated / FixedEscalated
PayAsNominated,IndexedWithFloorCap,597338.1416970061,-597338.1416970061,447868.91337063606,61.045179068846814,0.7357162602360211,726108.9060997234,-128770.76440271735,43,volume,PayAsNominated / IndexedWithFloorCap
PayAsNominated,Floating,0.0,-0.0,447868.91337063606,58.87505697948597,0.7357162602360211,0.0,0.0,43,volume,PayAsNominated / Floating
Baseload,FixedFlat,-1054021.9944248376,1054021.9944248376,447868.91337063623,65.0,0.7357162602360211,-721341.8856471276,-332680.10877771,43,volume,Baseload / FixedFlat
Baseload,FixedEscalated,812826.7313297293,-812826.7313297293,447868.91337063623,71.17379605473558,0.7357162602360211,1344370.6020346824,-531543.8707049531,43,volume,Baseload / FixedEscalated
Baseload,IndexedWithFloorCap,-127077.85053100664,127077.85053100664,447868.91337063623,67.06622337375094,0.7357162602360211,-29996.82214710353,-97081.02838390312,43,volume,Baseload / IndexedWithFloorCap
Baseload,Floating,0.0,-0.0,447868.91337063623,67.15587489269694,0.7357162602360211,0.0,0.0,43,volume,Baseload / Floating
PayAsProduced,FixedFlat,4736412.006529868,-4736412.006529868,446963.2717053155,64.99999999999999,0.739311979980962,5125911.987898266,-389499.9813683983,44,volume,PayAsProduced / FixedFlat
PayAsProduced,FixedEscalated,6588212.575167021,-6588212.575167021,446963.2717053155,71.12105684505967,0.739311979980962,7169836.852937773,-581624.2777707521,44,volume,PayAsProduced / FixedEscalated
PayAsProduced,IndexedWithFloorCap,2896158.6611956772,-2896158.6611956772,446963.2717053155,59.03121810478968,0.739311979980962,3132834.315459329,-236675.65426365193,44,volume,PayAsProduced / IndexedWithFloorCap
PayAsProduced,Floating,0.0,-0.0,446963.2717053155,49.64914283427354,0.739311979980962,0.0,0.0,44,volume,PayAsProduced / Floating
PayAsNominated,FixedFlat,1689718.3023077184,-1689718.3023077184,446963.2717053155,64.99999999999999,0.739311979980962,2011333.4763875722,-321615.1740798538,44,volume,PayAsNominated / FixedFlat
PayAsNominated,FixedEscalated,3541542.728535763,-3541542.728535763,446963.2717053155,71.12105684505967,0.739311979980962,4055258.341427079,-513715.61289131595,44,volume,PayAsNominated / FixedEscalated
PayAsNominated,IndexedWithFloorCap,583571.9150425538,-583571.9150425538,446963.2717053155,61.115336877321596,0.739311979980962,714178.467093265,-130606.55205071124,44,volume,PayAsNominated / IndexedWithFloorCap
PayAsNominated,Floating,0.0,-0.0,446963.2717053155,58.976546421092685,0.739311979980962,0.0,0.0,44,volume,PayAsNominated / Floating
Baseload,FixedFlat,-1051890.6425809874,1051890.6425809874,446963.2717053156,64.99999999999996,0.739311979980962,-719883.2506602467,-332007.3919207407,44,volume,Baseload / FixedFlat
Baseload,FixedEscalated,811183.1036239382,-811183.1036239382,446963.2717053156,71.17379605473556,0.739311979980962,1341652.132423403,-530469.0287994648,44,volume,Baseload / FixedEscalated
Baseload,IndexedWithFloorCap,-126820.88472528875,126820.88472528875,446963.2717053156,67.06622337375093,0.739311979980962,-29936.165175492846,-96884.7195497959,44,volume,Baseload / IndexedWithFloorCap
Baseload,Floating,0.0,-0.0,446963.2717053156,67.15587489269693,0.739311979980962,0.0,0.0,44,volume,Baseload / Floating
PayAsProduced,FixedFlat,4710513.089516814,-4710513.089516814,445585.9871161026,64.99999999999999,0.7403212103800172,5087555.128287357,-377042.0387705434,45,volume,PayAsProduced / FixedFlat
PayAsProduced,FixedEscalated,6558796.990845813,-6558796.990845813,445585.9871161026,71.12853695577944,0.7403212103800172,7127671.827989095,-568874.8371432815,45,volume,PayAsProduced / FixedEscalated
PayAsProduced,IndexedWithFloorCap,2876978.920443819,-2876978.920443819,445585.9871161026,59.05554570337798,0.7403212103800172,3108717.3455249136,-231738.42508109473,45,volume,PayAsProduced / IndexedWithFloorCap
PayAsProduced,Floating,0.0,-0.0,445585.9871161026,49.71691858469041,0.7403212103800172,0.0,0.0,45,volume,PayAsProduced / Floating
PayAsNominated,FixedFlat,1680626.4874315576,-1680626.4874315576,445585.9871161025,65.00000000000001,0.7403212103800172,1995322.4900890253,-314696.00265746773,45,volume,PayAsNominated / FixedFlat
PayAsNominated,FixedEscalated,3528934.2733213077,-3528934.2733213077,445585.9871161025,71.12853695577947,0.7403212103800172,4035439.189790763,-506504.91646945523,45,volume,PayAsNominated / FixedEscalated
PayAsNominated,IndexedWithFloorCap,580735.5492369209,-580735.5492369209,445585.9871161025,61.136177245534775,0.7403212103800172,709102.0784394798,-128366.52920255892,45,volume,PayAsNominated / IndexedWithFloorCap
PayAsNominated,Floating,0.0,-0.0,445585.9871161025,59.00602542933146,0.7403212103800172,0.0,0.0,45,volume,PayAsNominated / Floating
Baseload,FixedFlat,-1048649.3185991836,1048649.3185991836,445585.9871161027,64.99999999999996,0.7403212103800172,-717664.9831426902,-330984.3354564934,45,volume,Baseload / FixedFlat
Baseload,FixedEscalated,808683.5022956489,-808683.5022956489,445585.9871161027,71.17379605473558,0.7403212103800172,1337517.9296308083,-528834.4273351594,45,volume,Baseload / FixedEscalated
Baseload,IndexedWithFloorCap,-126430.095456506,126430.095456506,445585.9871161027,67.06622337375092,0.7403212103800172,-29843.91907483495,-96586.17638167104,45,volume,Baseload / IndexedWithFloorCap
Baseload,Floating,0.0,-0.0,445585.9871161027,67.15587489269694,0.7403212103800172,0.0,0.0,45,volume,Baseload / Floating
PayAsProduced,FixedFlat,4733601.83930993,-4733601.83930993,444154.4216995181,65.0,0.738495870723417,5111885.057857016,-378283.21854708623,46,volume,PayAsProduced / FixedFlat
PayAsProduced,FixedEscalated,6574891.826492713,-6574891.826492713,444154.4216995181,71.12994804892605,0.738495870723417,7145915.558146315,-571023.7316536019,46,volume,PayAsProduced / FixedEscalated
PayAsProduced,IndexedWithFloorCap,2881996.2368759476,-2881996.2368759476,444154.4216995181,58.970718806964435,0.738495870723417,3111257.6881677164,-229261.4512917688,46,volume,PayAsProduced / IndexedWithFloorCap
PayAsProduced,Floating,0.0,-0.0,444154.4216995181,49.59433630307508,0.738495870723417,0.0,0.0,46,volume,PayAsProduced / Floating
PayAsNominated,FixedFlat,1696226.2067347877,-1696226.2067347877,444154.4216995181,64.99999999999999,0.738495870723417,2013779.2378866612,-317553.0311518735,46,volume,PayAsNominated / FixedFlat
PayAsNominated,FixedEscalated,3537540.0247386643,-3537540.0247386643,444154.4216995181,71.12994804892605,0.738495870723417,4047809.7381759635,-510269.71343729924,46,volume,PayAsNominated / FixedEscalated
PayAsNominated,IndexedWithFloorCap,584698.9458482134,-584698.9458482134,444154.4216995181,61.07726949595034,0.738495870723417,712144.4726377,-127445.52678948664,46,volume,PayAsNominated / IndexedWithFloorCap
PayAsNominated,Floating,0.0,-0.0,444154.4216995181,58.93108308430211,0.738495870723417,0.0,0.0,46,volume,PayAsNominated / Floating
Baseload,FixedFlat,-1045280.2492342611,1045280.2492342611,444154.42169951816,65.0,0.738495870723417,-715359.2904138489,-329920.95882041217,46,volume,Baseload / FixedFlat
Baseload,FixedEscalated,806085.3879735593,-806085.3879735593,444154.42169951816,71.17379605473559,0.738495870723417,1333220.7917775477,-527135.4038039884,46,volume,Baseload / FixedEscalated
Baseload,IndexedWithFloorCap,-126023.9046033277,126023.9046033277,444154.42169951816,67.06622337375094,0.738495870723417,-29748.037418583604,-96275.8671847441,46,volume,Baseload / IndexedWithFloorCap
Baseload,Floating,0.0,-0.0,444154.42169951816,67.15587489269694,0.738495870723417,0.0,0.0,46,volume,Baseload / Floating
PayAsProduced,FixedFlat,4718424.986652242,-4718424.986652242,444422.56635224074,64.99999999999999,0.7398727954211235,5084269.886921903,-365844.9002696611,47,volume,PayAsProduced / FixedFlat
PayAsProduced,FixedEscalated,6551278.4048128985,-6551278.4048128985,444422.56635224074,71.08805291890069,0.7398727954211235,7105618.396800992,-554339.9919880936,47,volume,PayAsProduced / FixedEscalated
PayAsProduced,IndexedWithFloorCap,2876408.6660936447,-2876408.6660936447,444422.56635224074,59.02260178540019,0.7398727954211235,3099660.8280018135,-223252.1619081688,47,volume,PayAsProduced / IndexedWithFloorCap
PayAsProduced,Floating,0.0,-0.0,444422.56635224074,49.686804885810915,0.7398727954211235,0.0,0.0,47,volume,PayAsProduced / Floating
PayAsNominated,FixedFlat,1675736.522002943,-1675736.522002943,444422.5663522407,65.0,0.7398727954211235,1987160.5284346878,-311424.00643174467,47,volume,PayAsNominated / FixedFlat
PayAsNominated,FixedEscalated,3508613.6319156354,-3508613.6319156354,444422.5663522407,71.08805291890071,0.7398727954211235,4008509.0383137814,-499895.40639814595,47,volume,PayAsNominated / FixedEscalated
PayAsNominated,IndexedWithFloorCap,576675.0939566352,-576675.0939566352,444422.5663522407,61.1311300318577,0.7398727954211235,702622.6557854986,-125947.56182886334,47,volume,PayAsNominated / IndexedWithFloorCap
PayAsNominated,Floating,0.0,-0.0,444422.5663522407,59.01491707326377,0.7398727954211235,0.0,0.0,47,volume,PayAsNominated / Floating
Baseload,FixedFlat,-1045911.3052268066,1045911.3052268066,444422.5663522408,64.99999999999999,0.7398727954211235,-715791.1667143663,-330120.13851244026,47,volume,Baseload / FixedFlat
Baseload,FixedEscalated,806572.0373816541,-806572.0373816541,444422.5663522408,71.17379605473556,0.7398727954211235,1334025.6830692783,-527453.6456876241,47,volume,Baseload / FixedEscalated
Baseload,IndexedWithFloorCap,-126099.98768273348,126099.98768273348,444422.5663522408,67.06622337375093,0.7398727954211235,-29765.99688667661,-96333.99079605687,47,volume,Baseload / IndexedWithFloorCap
Baseload,Floating,0.0,-0.0,444422.5663522408,67.15587489269694,0.7398727954211235,0.0,0.0,47,volume,Baseload / Floating
PayAsProduced,FixedFlat,4778922.759087489,-4778922.759087489,444888.01623860013,65.0,0.7372344604253849,5148483.327077003,-369560.5679895142,48,volume,PayAsProduced / FixedFlat
PayAsProduced,FixedEscalated,6625858.071661746,-6625858.071661746,444888.01623860013,71.1366180803022,0.7372344604253849,7188090.261089947,-562232.189428201,48,volume,PayAsProduced / FixedEscalated
PayAsProduced,IndexedWithFloorCap,2900913.3554677526,-2900913.3554677526,444888.01623860013,58.922241550730085,0.7372344604253849,3128439.3689598935,-227526.01349214092,48,volume,PayAsProduced / IndexedWithFloorCap
PayAsProduced,Floating,0.0,-0.0,444888.01623860013,49.509625190912075,0.7372344604253849,0.0,0.0,48,volume,PayAsProduced / Floating
PayAsNominated,FixedFlat,1707007.3606746194,-1707007.3606746194,444888.0162386002,64.99999999999999,0.7372344604253849,2016557.9020310063,-309550.54135638685,48,volume,PayAsNominated / FixedFlat
PayAsNominated,FixedEscalated,3553966.4963245885,-3553966.4963245885,444888.0162386002,71.13661808030218,0.7372344604253849,4056164.83604395,-502198.3397193616,48,volume,PayAsNominated / FixedEscalated
PayAsNominated,IndexedWithFloorCap,584288.6302782948,-584288.6302782948,444888.0162386002,61.070307162575865,0.7372344604253849,710459.22440945,-126170.59413115517,48,volume,PayAsNominated / IndexedWithFloorCap
PayAsNominated,Floating,0.0,-0.0,444888.0162386002,58.93273013774661,0.7372344604253849,0.0,0.0,48,volume,PayAsNominated / Floating
Baseload,FixedFlat,-1047006.702569375,1047006.702569375,444888.0162386001,64.99999999999999,0.7372344604253849,-716540.8246805242,-330465.87788885087,48,volume,Baseload / FixedFlat
Baseload,FixedEscalated,807416.771406349,-807416.771406349,444888.0162386001,71.17379605473559,0.7372344604253849,1335422.8265754767,-528006.0551691276,48,volume,Baseload / FixedEscalated
Baseload,IndexedWithFloorCap,-126232.05393989637,126232.05393989637,444888.0162386001,67.06622337375094,0.7372344604253849,-29797.171225959137,-96434.88271393723,48,volume,Baseload / IndexedWithFloorCap
Baseload,Floating,0.0,-0.0,444888.0162386001,67.15587489269696,0.7372344604253849,0.0,0.0,48,volume,Baseload / Floating
PayAsProduced,FixedFlat,4760620.249580976,-4760620.249580976,446529.9280654466,65.0,0.73834888513861,5142518.239435071,-381897.9898540955,49,volume,PayAsProduced / FixedFlat
PayAsProduced,FixedEscalated,6612649.279069961,-6612649.279069961,446529.9280654466,71.12872677331502,0.73834888513861,7187020.097285534,-574370.8182155732,49,volume,PayAsProduced / FixedEscalated
PayAsProduced,IndexedWithFloorCap,2903117.868647253,-2903117.868647253,446529.9280654466,58.983889293347396,0.73834888513861,3135584.340808639,-232466.4721613857,49,volume,PayAsProduced / IndexedWithFloorCap
PayAsProduced,Floating,0.0,-0.0,446529.9280654466,49.58446535753075,0.73834888513861,0.0,0.0,49,volume,PayAsProduced / Floating
PayAsNominated,FixedFlat,1705536.41138431,-1705536.41138431,446529.92806544655,65.0,0.73834888513861,2024332.0959824044,-318795.6845980943,49,volume,PayAsNominated / FixedFlat
PayAsNominated,FixedEscalated,3557589.4945310457,-3557589.4945310457,446529.92806544655,71.12872677331502,0.73834888513861,4068833.953832868,-511244.45930182235,49,volume,PayAsNominated / FixedEscalated
PayAsNominated,IndexedWithFloorCap,592878.510393693,-592878.510393693,446529.92806544655,61.09509578926845,0.73834888513861,721682.4252008758,-128803.91480718285,49,volume,PayAsNominated / IndexedWithFloorCap
PayAsNominated,Floating,0.0,-0.0,446529.92806544655,58.93173536766935,0.73834888513861,0.0,0.0,49,volume,PayAsNominated / Floating
Baseload,FixedFlat,-1050870.804601771,1050870.804601771,446529.92806544673,64.99999999999994,0.73834888513861,-719185.3033167672,-331685.50128500385,49,volume,Baseload / FixedFlat
Baseload,FixedEscalated,810396.6384690197,-810396.6384690197,446529.92806544673,71.17379605473558,0.73834888513861,1340351.3624154292,-529954.7239464095,49,volume,Baseload / FixedEscalated
Baseload,IndexedWithFloorCap,-126697.9282604577,126697.9282604577,446529.92806544673,67.06622337375093,0.73834888513861,-29907.141209538397,-96790.7870509193,49,volume,Baseload / IndexedWithFloorCap
Baseload,Floating,0.0,-0.0,446529.92806544673,67.15587489269693,0.73834888513861,0.0,0.0,49,volume,Baseload / Floating
PayAsProduced,FixedFlat,4755660.612568766,-4755660.612568766,448594.26697029656,65.00000000000001,0.7391696956484114,5147819.038317875,-392158.4257491091,50,volume,PayAsProduced / FixedFlat
PayAsProduced,FixedEscalated,6609942.603514604,-6609942.603514604,448594.26697029656,71.10621970596966,0.7391696956484114,7194229.853802871,-584287.2502882667,50,volume,PayAsProduced / FixedEscalated
PayAsProduced,IndexedWithFloorCap,2895713.693344388,-2895713.693344388,448594.26697029656,58.98831794161699,0.7391696956484114,3133091.1418576646,-237377.4485132764,50,volume,PayAsProduced / IndexedWithFloorCap
PayAsProduced,Floating,0.0,-0.0,448594.26697029656,49.63958760543758,0.7391696956484114,0.0,0.0,50,volume,PayAsProduced / Floating
PayAsNominated,FixedFlat,1676556.4221310485,-1676556.4221310485,448594.26697029656,65.0,0.7391696956484114,2004108.5995589592,-327552.17742791073,50,volume,PayAsNominated / FixedFlat
PayAsNominated,FixedEscalated,3530862.354015601,-3530862.354015601,448594.26697029656,71.10621970596965,0.7391696956484114,4050519.4150439547,-519657.06102835387,50,volume,PayAsNominated / FixedEscalated
PayAsNominated,IndexedWithFloorCap,578263.1326324765,-578263.1326324765,448594.26697029656,61.137949517798184,0.7391696956484114,709798.4932586141,-131535.36062613758,50,volume,PayAsNominated / IndexedWithFloorCap
PayAsNominated,Floating,0.0,-0.0,448594.26697029656,59.02000452160927,0.7391696956484114,0.0,0.0,50,volume,PayAsNominated / Floating
Baseload,FixedFlat,-1055729.053398909,1055729.053398909,448594.26697029674,65.0,0.7391696956484114,-722510.1469792168,-333218.9064196922,50,volume,Baseload / FixedFlat
Baseload,FixedEscalated,814143.1584758622,-814143.1584758622,448594.26697029674,71.17379605473555,0.7391696956484114,1346547.8999590343,-532404.741483172,50,volume,Baseload / FixedEscalated
Baseload,IndexedWithFloorCap,-127283.66159216317,127283.66159216317,448594.26697029674,67.06622337375089,0.7391696956484114,-30045.404002815038,-97238.25758934814,50,volume,Baseload / IndexedWithFloorCap
Baseload,Floating,0.0,-0.0,448594.26697029674,67.15587489269691,0.7391696956484114,0.0,0.0,50,volume,Baseload / Floating
PayAsProduced,FixedFlat,4672239.736421871,-4672239.736421871,444258.6515823016,65.0,0.7414972179995729,5046188.252795383,-373948.51637351234,51,volume,PayAsProduced / FixedFlat
PayAsProduced,FixedEscalated,6511691.485803217,-6511691.485803217,444258.6515823016,71.11505179330355,0.7414972179995729,7075752.065827804,-564060.580024587,51,volume,PayAsProduced / FixedEscalated
PayAsProduced,IndexedWithFloorCap,2855960.3833444174,-2855960.3833444174,444258.6515823016,59.07889198903371,0.7414972179995729,3080993.6872688252,-225033.3039244078,51,volume,PayAsProduced / IndexedWithFloorCap
PayAsProduced,Floating,0.0,-0.0,444258.6515823016,49.79589440526215,0.7414972179995729,0.0,0.0,51,volume,PayAsProduced / Floating
PayAsNominated,FixedFlat,1641647.135207367,-1641647.135207367,444258.6515823016,65.0,0.7414972179995729,1958724.9954445194,-317077.86023715255,51,volume,PayAsNominated / FixedFlat
PayAsNominated,FixedEscalated,3481122.6131093986,-3481122.6131093986,444258.6515823016,71.11505179330355,0.7414972179995729,3988288.8084769407,-507166.1953675421,51,volume,PayAsNominated / FixedEscalated
PayAsNominated,IndexedWithFloorCap,569166.1246070961,-569166.1246070961,444258.6515823016,61.19323546391606,0.7414972179995729,695273.464971506,-126107.34036440996,51,volume,PayAsNominated / IndexedWithFloorCap
PayAsNominated,Floating,0.0,-0.0,444258.6515823016,59.098384727265454,0.7414972179995729,0.0,0.0,51,volume,PayAsNominated / Floating
Baseload,FixedFlat,-1045525.5455378233,1045525.5455378233,444258.6515823015,65.00000000000001,0.7414972179995729,-715527.164043706,-329998.3814941173,51,volume,Baseload / FixedFlat
Baseload,FixedEscalated,806274.5523303618,-806274.5523303618,444258.6515823015,71.1737960547356,0.7414972179995729,1333533.6591949642,-527259.1068646024,51,volume,Baseload / FixedEscalated
Baseload,IndexedWithFloorCap,-126053.47867973661,126053.47867973661,444258.6515823015,67.06622337375094,0.7414972179995729,-29755.01840155661,-96298.46027818,51,volume,Baseload / IndexedWithFloorCap
Baseload,Floating,0.0,-0.0,444258.6515823015,67.15587489269696,0.7414972179995729,0.0,0.0,51,volume,Baseload / Floating
PayAsProduced,FixedFlat,4629334.774719191,-4629334.774719191,444583.99888231466,65.00000000000001,0.7432721899167793,5010292.808775724,-380958.0340565331,52,volume,PayAsProduced / FixedFlat
PayAsProduced,FixedEscalated,6469222.843550851,-6469222.843550851,444583.99888231466,71.11385404327483,0.7432721899167793,7040945.127558169,-571722.2840073183,52,volume,PayAsProduced / FixedEscalated
PayAsProduced,IndexedWithFloorCap,2836105.8825384546,-2836105.8825384546,444583.99888231466,59.152732430809955,0.7432721899167793,3068184.383570804,-232078.5010323492,52,volume,PayAsProduced / IndexedWithFloorCap
PayAsProduced,Floating,0.0,-0.0,444583.99888231466,49.915094197272104,0.7432721899167793,0.0,0.0,52,volume,PayAsProduced / Floating
PayAsNominated,FixedFlat,1612621.8819488643,-1612621.8819488643,444583.99888231466,65.0,0.7432721899167793,1933422.0061056875,-320800.12415682315,52,volume,PayAsNominated / FixedFlat
PayAsNominated,FixedEscalated,3452533.6059825867,-3452533.6059825867,444583.99888231466,71.11385404327484,0.7432721899167793,3964074.3248881414,-511540.7189055546,52,volume,PayAsNominated / FixedEscalated
PayAsNominated,IndexedWithFloorCap,560133.5234508517,-560133.5234508517,444583.99888231466,61.25520116613946,0.7432721899167793,689626.4588898587,-129492.93543900701,52,volume,PayAsNominated / IndexedWithFloorCap
PayAsNominated,Floating,0.0,-0.0,444583.99888231466,59.17888535617299,0.7432721899167793,0.0,0.0,52,volume,PayAsNominated / Floating
Baseload,FixedFlat,-1046291.2231720662,1046291.2231720662,444583.9988823147,64.99999999999996,0.7432721899167793,-716051.1714661453,-330240.05170592084,52,volume,Baseload / FixedFlat
Baseload,FixedEscalated,806865.0174743398,-806865.0174743398,444583.9988823147,71.17379605473559,0.7432721899167793,1334510.2559904405,-527645.2385161007,52,volume,Baseload / FixedEscalated
Baseload,IndexedWithFloorCap,-126145.79237762328,126145.79237762328,444583.9988823147,67.06622337375093,0.7432721899167793,-29776.80911933377,-96368.9832582895,52,volume,Baseload / IndexedWithFloorCap
Baseload,Floating,0.0,-0.0,444583.9988823147,67.15587489269693,0.7432721899167793,0.0,0.0,52,volume,Baseload / Floating
PayAsProduced,FixedFlat,4589428.885778549,-4589428.885778549,443978.56260334165,65.0,0.7453693523584158,4956756.018824546,-367327.13304599654,53,volume,PayAsProduced / FixedFlat
PayAsProduced,FixedEscalated,6423504.307163134,-6423504.307163134,443978.56260334165,71.10318923735335,0.7453693523584158,6981105.607772015,-557601.3006088808,53,volume,PayAsProduced / FixedEscalated
PayAsProduced,IndexedWithFloorCap,2797333.029544473,-2797333.029544473,443978.56260334165,59.1637402368215,0.7453693523584158,3020943.5127544473,-223610.48320997413,53,volume,PayAsProduced / IndexedWithFloorCap
PayAsProduced,Floating,0.0,-0.0,443978.56260334165,50.05593097583234,0.7453693523584158,0.0,0.0,53,volume,PayAsProduced / Floating
PayAsNominated,FixedFlat,1606058.6311735858,-1606058.6311735858,443978.56260334165,65.0,0.7453693523584158,1919925.625220467,-313866.99404688133,53,volume,PayAsNominated / FixedFlat
PayAsNominated,FixedEscalated,3440157.7884199726,-3440157.7884199726,443978.56260334165,71.10318923735332,0.7453693523584158,3944275.2141679255,-504117.4257479529,53,volume,PayAsNominated / FixedEscalated
PayAsNominated,IndexedWithFloorCap,547849.1459612274,-547849.1459612274,443978.56260334165,61.243449454371024,0.7453693523584158,673925.9917235818,-126076.84576235444,53,volume,PayAsNominated / IndexedWithFloorCap
PayAsNominated,Floating,0.0,-0.0,443978.56260334165,59.211637418585944,0.7453693523584158,0.0,0.0,53,volume,PayAsNominated / Floating
Baseload,FixedFlat,-1044866.3795733944,1044866.3795733944,443978.5626033416,64.99999999999997,0.7453693523584158,-715076.0500989916,-329790.3294744028,53,volume,Baseload / FixedFlat
Baseload,FixedEscalated,805766.2254461936,-805766.2254461936,443978.5626033416,71.17379605473559,0.7453693523584158,1332692.914552886,-526926.6891066924,53,volume,Baseload / FixedEscalated
Baseload,IndexedWithFloorCap,-125974.00652987079,125974.00652987079,443978.5626033416,67.06622337375094,0.7453693523584158,-29736.25894083853,-96237.74758903227,53,volume,Baseload / IndexedWithFloorCap
Baseload,Floating,0.0,-0.0,443978.5626033416,67.15587489269696,0.7453693523584158,0.0,0.0,53,volume,Baseload / Floating
PayAsProduced,FixedFlat,4721885.037511908,-4721885.037511908,447151.64723492274,65.0,0.7405952106114202,5099284.419356013,-377399.38184410427,54,volume,PayAsProduced / FixedFlat
PayAsProduced,FixedEscalated,6578492.408814428,-6578492.408814428,447151.64723492274,71.1349977620369,0.7405952106114202,7148727.780535063,-570235.3717206344,54,volume,PayAsProduced / FixedEscalated
PayAsProduced,IndexedWithFloorCap,2879636.7847664,-2879636.7847664,447151.64723492274,59.034345398400525,0.7405952106114202,3106411.448156101,-226774.6633897014,54,volume,PayAsProduced / IndexedWithFloorCap
PayAsProduced,Floating,0.0,-0.0,447151.64723492274,49.73531930995108,0.7405952106114202,0.0,0.0,54,volume,PayAsProduced / Floating
PayAsNominated,FixedFlat,1688891.4401955435,-1688891.4401955435,447151.6472349227,65.0,0.7405952106114202,2005317.7180958996,-316426.2779003561,54,volume,PayAsNominated / FixedFlat
PayAsNominated,FixedEscalated,3545522.83449067,-3545522.83449067,447151.6472349227,71.13499776203693,0.7405952106114202,4054761.0792749585,-509238.2447842886,54,volume,PayAsNominated / FixedEscalated
PayAsNominated,IndexedWithFloorCap,579751.3459308892,-579751.3459308892,447151.6472349227,61.112121245366374,0.7405952106114202,706541.8078488725,-126790.46191798325,54,volume,PayAsNominated / IndexedWithFloorCap
PayAsNominated,Floating,0.0,-0.0,447151.6472349227,58.997092114995766,0.7405952106114202,0.0,0.0,54,volume,PayAsNominated / Floating
Baseload,FixedFlat,-1052333.9686201252,1052333.9686201252,447151.6472349228,64.99999999999996,0.7405952106114202,-720186.6500605671,-332147.31855955813,54,volume,Baseload / FixedFlat
Baseload,FixedEscalated,811524.9819312331,-811524.9819312331,447151.6472349228,71.17379605473558,0.7405952106114202,1342217.5802957295,-530692.5983644964,54,volume,Baseload / FixedEscalated
Baseload,IndexedWithFloorCap,-126874.3341982942,126874.3341982942,447151.6472349228,67.06622337375093,0.7405952106114202,-29948.781963780497,-96925.5522345137,54,volume,Baseload / IndexedWithFloorCap
Baseload,Floating,0.0,-0.0,447151.6472349228,67.15587489269694,0.7405952106114202,0.0,0.0,54,volume,Baseload / Floating
PayAsProduced,FixedFlat,4654447.463937308,-4654447.463937308,444215.06173638394,65.00000000000003,0.7423068029428652,5027650.228019689,-373202.7640823815,55,volume,PayAsProduced / FixedFlat
PayAsProduced,FixedEscalated,6490292.633898812,-6490292.633898812,444215.06173638394,71.10253924982797,0.7423068029428652,7052862.443021876,-562569.8091230635,55,volume,PayAsProduced / FixedEscalated
PayAsProduced,IndexedWithFloorCap,2850913.713594024,-2850913.713594024,444215.06173638394,59.12491438790457,0.7423068029428652,3077921.654600879,-227007.9410068551,55,volume,PayAsProduced / IndexedWithFloorCap
PayAsProduced,Floating,0.0,-0.0,444215.06173638394,49.85026279042892,0.7423068029428652,0.0,0.0,55,volume,PayAsProduced / Floating
PayAsNominated,FixedFlat,1644222.719344008,-1644222.719344008,444215.06173638406,65.0,0.7423068029428652,1958933.053611697,-314710.3342676889,55,volume,PayAsNominated / FixedFlat
PayAsNominated,FixedEscalated,3480091.632528642,-3480091.632528642,444215.06173638406,71.10253924982796,0.7423068029428652,3984145.2686138893,-504053.63608524716,55,volume,PayAsNominated / FixedEscalated
PayAsNominated,IndexedWithFloorCap,569213.2862921464,-569213.2862921464,444215.06173638406,61.19698421673095,0.7423068029428652,696849.5662601407,-127636.27996799431,55,volume,PayAsNominated / IndexedWithFloorCap
PayAsNominated,Floating,0.0,-0.0,444215.06173638406,59.09717867643921,0.7423068029428652,0.0,0.0,55,volume,PayAsNominated / Floating
Baseload,FixedFlat,-1045422.9604845648,1045422.9604845648,444215.06173638406,64.99999999999999,0.7423068029428652,-715456.9578277613,-329966.00265680347,55,volume,Baseload / FixedFlat
Baseload,FixedEscalated,806195.4421467375,-806195.4421467375,444215.06173638406,71.17379605473556,0.7423068029428652,1333402.8153126286,-527207.3731658912,55,volume,Baseload / FixedEscalated
Baseload,IndexedWithFloorCap,-126041.1105430814,126041.1105430814,444215.06173638406,67.06622337375093,0.7423068029428652,-29752.098893601556,-96289.01164947986,55,volume,Baseload / IndexedWithFloorCap
Baseload,Floating,0.0,-0.0,444215.06173638406,67.15587489269694,0.7423068029428652,0.0,0.0,55,volume,Baseload / Floating
PayAsProduced,FixedFlat,4720930.633005522,-4720930.633005522,445629.7223550714,65.00000000000001,0.7398087112773251,5099512.723807017,-378582.0908014951,56,volume,PayAsProduced / FixedFlat
PayAsProduced,FixedEscalated,6562132.393289926,-6562132.393289926,445629.7223550714,71.09982393321239,0.7398087112773251,7130270.505250462,-568138.1119605359,56,volume,PayAsProduced / FixedEscalated
PayAsProduced,IndexedWithFloorCap,2886949.6111715934,-2886949.6111715934,445629.7223550714,59.04718710769132,0.7398087112773251,3117697.9640871575,-230748.3529155641,56,volume,PayAsProduced / IndexedWithFloorCap
PayAsProduced,Floating,0.0,-0.0,445629.7223550714,49.6825012590674,0.7398087112773251,0.0,0.0,56,volume,PayAsProduced / Floating
PayAsNominated,FixedFlat,1678201.7856734346,-1678201.7856734346,445629.7223550715,65.0,0.7398087112773251,1996219.1519983343,-318017.3663248997,56,volume,PayAsNominated / FixedFlat
PayAsNominated,FixedEscalated,3519427.368656925,-3519427.368656925,445629.7223550715,71.09982393321238,0.7398087112773251,4026976.9334417805,-507549.5647848556,56,volume,PayAsNominated / FixedEscalated
PayAsNominated,IndexedWithFloorCap,581871.6976758438,-581871.6976758438,445629.7223550715,61.13771385293478,0.7398087112773251,710384.0634463055,-128512.36577046162,56,volume,PayAsNominated / IndexedWithFloorCap
PayAsNominated,Floating,0.0,-0.0,445629.7223550715,59.00392037368369,0.7398087112773251,0.0,0.0,56,volume,PayAsNominated / Floating
Baseload,FixedFlat,-1048752.2458228164,1048752.2458228164,445629.7223550716,64.99999999999999,0.7398087112773251,-717735.4235300419,-331016.82229277445,56,volume,Baseload / FixedFlat
Baseload,FixedEscalated,808762.8763496936,-808762.8763496936,445629.7223550716,71.17379605473558,0.7398087112773251,1337649.2099402682,-528886.3335905746,56,volume,Baseload / FixedEscalated
Baseload,IndexedWithFloorCap,-126442.5048468313,126442.5048468313,445629.7223550716,67.06622337375092,0.7398087112773251,-29846.848320745143,-96595.65652608615,56,volume,Baseload / IndexedWithFloorCap
Baseload,Floating,0.0,-0.0,445629.7223550716,67.15587489269693,0.7398087112773251,0.0,0.0,56,volume,Baseload / Floating
PayAsProduced,FixedFlat,4708302.532056868,-4708302.532056868,444734.32121151173,65.0,0.7394079151098737,5098209.131646873,-389906.59959000535,57,volume,PayAsProduced / FixedFlat
PayAsProduced,FixedEscalated,6554824.052982174,-6554824.052982174,444734.32121151173,71.1343016867317,0.7394079151098737,7136341.81875134,-581517.7657691659,57,volume,PayAsProduced / FixedEscalated
PayAsProduced,IndexedWithFloorCap,2875152.6304533915,-2875152.6304533915,444734.32121151173,59.02152501236404,0.7394079151098737,3111850.1435173964,-236697.51306400495,57,volume,PayAsProduced / IndexedWithFloorCap
PayAsProduced,Floating,0.0,-0.0,444734.32121151173,49.65558544178856,0.7394079151098737,0.0,0.0,57,volume,PayAsProduced / Floating
PayAsNominated,FixedFlat,1682328.9268139713,-1682328.9268139713,444734.32121151173,65.00000000000001,0.7394079151098737,2005427.0322719177,-323098.1054579464,57,volume,PayAsNominated / FixedFlat
PayAsNominated,FixedEscalated,3528874.405892913,-3528874.405892913,444734.32121151173,71.1343016867317,0.7394079151098737,4043559.7193763796,-514685.3134834664,57,volume,PayAsNominated / FixedEscalated
PayAsNominated,IndexedWithFloorCap,584114.265866381,-584114.265866381,444734.32121151173,61.11446404254685,0.7394079151098737,714450.7734853466,-130336.50761896558,57,volume,PayAsNominated / IndexedWithFloorCap
PayAsNominated,Floating,0.0,-0.0,444734.32121151173,58.964134668700105,0.7394079151098737,0.0,0.0,57,volume,PayAsNominated / Floating
Baseload,FixedFlat,-1046644.9941896489,1046644.9941896489,444734.3212115118,64.99999999999996,0.7394079151098737,-716293.2820238617,-330351.71216578723,57,volume,Baseload / FixedFlat
Baseload,FixedEscalated,807137.8339254027,-807137.8339254027,444734.3212115118,71.17379605473556,0.7394079151098737,1334961.4793599634,-527823.6454345607,57,volume,Baseload / FixedEscalated
Baseload,IndexedWithFloorCap,-126188.4446758983,126188.4446758983,444734.3212115118,67.06622337375093,0.7394079151098737,-29786.877226409662,-96401.56744948863,57,volume,Baseload / IndexedWithFloorCap
Baseload,Floating,0.0,-0.0,444734.3212115118,67.15587489269694,0.7394079151098737,0.0,0.0,57,volume,Baseload / Floating
PayAsProduced,FixedFlat,4710540.225142651,-4710540.225142651,446881.2137535801,65.0,0.7409913949257859,5087317.816733881,-376777.59159122966,58,volume,PayAsProduced / FixedFlat
PayAsProduced,FixedEscalated,6552717.230048914,-6552717.230048914,446881.2137535801,71.08801953958653,0.7409913949257859,7119837.745546048,-567120.5154971331,58,volume,PayAsProduced / FixedEscalated
PayAsProduced,IndexedWithFloorCap,2868103.8909509797,-2868103.8909509797,446881.2137535801,59.02984312930085,0.7409913949257859,3094147.009884757,-226043.11893377732,58,volume,PayAsProduced / IndexedWithFloorCap
PayAsProduced,Floating,0.0,-0.0,446881.2137535801,49.76192541420107,0.7409913949257859,0.0,0.0,58,volume,PayAsProduced / Floating
PayAsNominated,FixedFlat,1667679.0912945312,-1667679.0912945312,446881.2137535801,65.0,0.7409913949257859,1986618.725071966,-318939.6337774347,58,volume,PayAsNominated / FixedFlat
PayAsNominated,FixedEscalated,3509879.8791276347,-3509879.8791276347,446881.2137535801,71.08801953958651,0.7409913949257859,4019138.6538841287,-509258.774756494,58,volume,PayAsNominated / FixedEscalated
PayAsNominated,IndexedWithFloorCap,570750.3121934244,-570750.3121934244,446881.2137535801,61.140795803526295,0.7409913949257859,698201.4675903844,-127451.15539695998,58,volume,PayAsNominated / IndexedWithFloorCap
PayAsNominated,Floating,0.0,-0.0,446881.2137535801,59.04946862045538,0.7409913949257859,0.0,0.0,58,volume,PayAsNominated / Floating
Baseload,FixedFlat,-1051697.5260610317,1051697.5260610317,446881.2137535802,64.99999999999999,0.7409913949257859,-719751.0873511351,-331946.43870989664,58,volume,Baseload / FixedFlat
Baseload,FixedEscalated,811034.1785820397,-811034.1785820397,446881.2137535802,71.17379605473558,0.7409913949257859,1341405.8186144223,-530371.6400323827,58,volume,Baseload / FixedEscalated
Baseload,IndexedWithFloorCap,-126797.60168908288,126797.60168908288,446881.2137535802,67.06622337375093,0.7409913949257859,-29930.669197298434,-96866.93249178445,58,volume,Baseload / IndexedWithFloorCap
Baseload,Floating,0.0,-0.0,446881.2137535802,67.15587489269694,0.7409913949257859,0.0,0.0,58,volume,Baseload / Floating
PayAsProduced,FixedFlat,4771729.036549624,-4771729.036549624,443449.98310782557,65.0,0.7360520526477299,5158148.106541314,-386419.0699916901,59,volume,PayAsProduced / FixedFlat
PayAsProduced,FixedEscalated,6609148.176079924,-6609148.176079924,443449.98310782557,71.12419364745573,0.7360520526477299,7187046.201331977,-577898.0252520526,59,volume,PayAsProduced / FixedEscalated
PayAsProduced,IndexedWithFloorCap,2904446.2815198097,-2904446.2815198097,443449.98310782557,58.896571181183816,0.7360520526477299,3136129.239236041,-231682.95771623123,59,volume,PayAsProduced / IndexedWithFloorCap
PayAsProduced,Floating,0.0,-0.0,443449.98310782557,49.430219562123725,0.7360520526477299,0.0,0.0,59,volume,PayAsProduced / Floating
PayAsNominated,FixedFlat,1718020.0744306827,-1718020.0744306827,443449.9831078256,65.0,0.7360520526477299,2042942.8064297496,-324922.7319990669,59,volume,PayAsNominated / FixedFlat
PayAsNominated,FixedEscalated,3555462.99153655,-3555462.99153655,443449.9831078256,71.12419364745573,0.7360520526477299,4071840.9012204125,-516377.90968386224,59,volume,PayAsNominated / FixedEscalated
PayAsNominated,IndexedWithFloorCap,594219.0176482123,-594219.0176482123,443449.9831078256,61.01876237279081,0.7360520526477299,723989.5038820087,-129770.48623379646,59,volume,PayAsNominated / IndexedWithFloorCap
PayAsNominated,Floating,0.0,-0.0,443449.9831078256,58.83341263448555,0.7360520526477299,0.0,0.0,59,volume,PayAsNominated / Floating
Baseload,FixedFlat,-1043622.4119805489,1043622.4119805489,443449.98310782557,65.0,0.7360520526477299,-714224.7149903667,-329397.69699018216,59,volume,Baseload / FixedFlat
Baseload,FixedEscalated,804806.9189822671,-804806.9189822671,443449.98310782557,71.17379605473559,0.7360520526477299,1331106.2745486444,-526299.3555663773,59,volume,Baseload / FixedEscalated
Baseload,IndexedWithFloorCap,-125824.02794435245,125824.02794435245,443449.98310782557,67.06622337375096,0.7360520526477299,-29700.856382977607,-96123.17156137484,59,volume,Baseload / IndexedWithFloorCap
Baseload,Floating,0.0,-0.0,443449.98310782557,67.15587489269696,0.7360520526477299,0.0,0.0,59,volume,Baseload / Floating
PayAsProduced,FixedFlat,4720964.997645393,-4720964.997645393,445229.4289788828,65.00000000000001,0.7390128043370295,5112710.58306252,-391745.58541712724,60,volume,PayAsProduced / FixedFlat
PayAsProduced,FixedEscalated,6568801.6911772145,-6568801.6911772145,445229.4289788828,71.13609948137773,0.7390128043370295,7153710.240220968,-584908.5490437532,60,volume,PayAsProduced / FixedEscalated
PayAsProduced,IndexedWithFloorCap,2890965.2363952026,-2890965.2363952026,445229.4289788828,59.03518206761107,0.7390128043370295,3128682.8807794116,-237717.64438420907,60,volume,PayAsProduced / IndexedWithFloorCap
PayAsProduced,Floating,0.0,-0.0,445229.4289788828,49.62905143215869,0.7390128043370295,0.0,0.0,60,volume,PayAsProduced / Floating
PayAsNominated,FixedFlat,1697064.5149991363,-1697064.5149991363,445229.4289788828,65.0,0.7390128043370295,2021309.2666272584,-324244.75162812206,60,volume,PayAsNominated / FixedFlat
PayAsNominated,FixedEscalated,3544925.138094138,-3544925.138094138,445229.4289788828,71.13609948137774,0.7390128043370295,4062308.9237857154,-517383.7856915775,60,volume,PayAsNominated / FixedEscalated
PayAsNominated,IndexedWithFloorCap,589298.0150353748,-589298.0150353748,445229.4289788828,61.08920893039609,0.7390128043370295,720495.4097945866,-131197.3947592118,60,volume,PayAsNominated / IndexedWithFloorCap
PayAsNominated,Floating,0.0,-0.0,445229.4289788828,58.92309807639884,0.7390128043370295,0.0,0.0,60,volume,PayAsNominated / Floating
Baseload,FixedFlat,-1047810.1888723791,1047810.1888723791,445229.42897888296,64.99999999999999,0.7390128043370295,-717090.7072521849,-330719.4816201943,60,volume,Baseload / FixedFlat
Baseload,FixedEscalated,808036.3933390924,-808036.3933390924,445229.42897888296,71.17379605473556,0.7390128043370295,1336447.647092146,-528411.2537530537,60,volume,Baseload / FixedEscalated
Baseload,IndexedWithFloorCap,-126328.92602876824,126328.92602876824,445229.42897888296,67.0662233737509,0.7390128043370295,-29820.03795535509,-96508.88807341315,60,volume,Baseload / IndexedWithFloorCap
Baseload,Floating,0.0,-0.0,445229.42897888296,67.1558748926969,0.7390128043370295,0.0,0.0,60,volume,Baseload / Floating
PayAsProduced,FixedFlat,4682871.281110271,-4682871.281110271,442229.88022020453,65.00000000000001,0.7394985538682746,5067488.484878644,-384617.20376837347,61,volume,PayAsProduced / FixedFlat
PayAsProduced,FixedEscalated,6517384.297985375,-6517384.297985375,442229.88022020453,71.13292914544506,0.7394985538682746,7093690.334685832,-576306.0367004573,61,volume,PayAsProduced / FixedEscalated
PayAsProduced,IndexedWithFloorCap,2858325.5506360726,-2858325.5506360726,442229.88022020453,59.01859603029629,0.7394985538682746,3091347.6392178116,-233022.088581739,61,volume,PayAsProduced / IndexedWithFloorCap
PayAsProduced,Floating,0.0,-0.0,442229.88022020453,49.661672366908164,0.7394985538682746,0.0,0.0,61,volume,PayAsProduced / Floating
PayAsNominated,FixedFlat,1659911.2434886391,-1659911.2434886391,442229.8802202046,64.99999999999999,0.7394985538682746,1980313.649009342,-320402.40552070295,61,volume,PayAsNominated / FixedFlat
PayAsNominated,FixedEscalated,3494447.9542465843,-3494447.9542465843,442229.8802202046,71.13292914544505,0.7394985538682746,4006515.498816534,-512067.5445699496,61,volume,PayAsNominated / FixedEscalated
PayAsNominated,IndexedWithFloorCap,574723.2593622684,-574723.2593622684,442229.8802202046,61.134449665821045,0.7394985538682746,703210.1554114568,-128486.89604918845,61,volume,PayAsNominated / IndexedWithFloorCap
PayAsNominated,Floating,0.0,-0.0,442229.8802202046,59.00596574507728,0.7394985538682746,0.0,0.0,61,volume,PayAsNominated / Floating
Baseload,FixedFlat,-1040751.0019750288,1040751.0019750288,442229.88022020453,65.00000000000003,0.7394985538682746,-712259.6058002183,-328491.3961748105,61,volume,Baseload / FixedFlat
Baseload,FixedEscalated,802592.583018274,-802592.583018274,442229.88022020453,71.1737960547356,0.7394985538682746,1327443.8849417693,-524851.3019234953,61,volume,Baseload / FixedEscalated
Baseload,IndexedWithFloorCap,-125477.83724489377,125477.83724489377,442229.88022020453,67.06622337375094,0.7394985538682746,-29619.137808125666,-95858.6994367681,61,volume,Baseload / IndexedWithFloorCap
Baseload,Floating,0.0,-0.0,442229.88022020453,67.15587489269694,0.7394985538682746,0.0,0.0,61,volume,Baseload / Floating
PayAsProduced,FixedFlat,4788689.44068113,-4788689.44068113,444692.44398771244,64.99999999999999,0.7362254088838573,5168732.563096989,-380043.12241585925,62,volume,PayAsProduced / FixedFlat
PayAsProduced,FixedEscalated,6637752.639391741,-6637752.639391741,444692.44398771244,71.1482092012466,0.7362254088838573,7211293.69628292,-573541.0568911796,62,volume,PayAsProduced / FixedEscalated
PayAsProduced,IndexedWithFloorCap,2910255.7707762034,-2910255.7707762034,444692.44398771244,58.90004917515629,0.7362254088838573,3142203.8518350334,-231948.08105883002,62,volume,PayAsProduced / IndexedWithFloorCap
PayAsProduced,Floating,0.0,-0.0,444692.44398771244,49.44186145182898,0.7362254088838573,0.0,0.0,62,volume,PayAsProduced / Floating
PayAsNominated,FixedFlat,1727623.5630085526,-1727623.5630085526,444692.44398771244,64.99999999999999,0.7362254088838573,2045946.7508461012,-318323.18783754855,62,volume,PayAsNominated / FixedFlat
PayAsNominated,FixedEscalated,3576710.628160245,-3576710.628160245,444692.44398771244,71.14820920124659,0.7362254088838573,4088507.884032029,-511797.2558717844,62,volume,PayAsNominated / FixedEscalated
PayAsNominated,IndexedWithFloorCap,594039.3156365498,-594039.3156365498,444692.44398771244,61.015624710812816,0.7362254088838573,722255.6012232098,-128216.28558665991,62,volume,PayAsNominated / IndexedWithFloorCap
PayAsNominated,Floating,0.0,-0.0,444692.44398771244,58.841599923527184,0.7362254088838573,0.0,0.0,62,volume,PayAsNominated / Floating
Baseload,FixedFlat,-1046546.4396491745,1046546.4396491745,444692.4439877125,64.99999999999996,0.7362254088838573,-716225.8341732089,-330320.60547596554,62,volume,Baseload / FixedFlat
Baseload,FixedEscalated,807061.8319392817,-807061.8319392817,444692.4439877125,71.17379605473559,0.7362254088838573,1334835.7762649602,-527773.9443256785,62,volume,Baseload / FixedEscalated
Baseload,IndexedWithFloorCap,-126176.56247682677,126176.56247682677,444692.4439877125,67.06622337375094,0.7362254088838573,-29784.0724243818,-96392.49005244498,62,volume,Baseload / IndexedWithFloorCap
Baseload,Floating,0.0,-0.0,444692.4439877125,67.15587489269694,0.7362254088838573,0.0,0.0,62,volume,Baseload / Floating
PayAsProduced,FixedFlat,4737227.354151331,-4737227.354151331,446488.5987585589,64.99999999999999,0.7395112335786734,5116004.878211813,-378777.52406048216,63,volume,PayAsProduced / FixedFlat
PayAsProduced,FixedEscalated,6581331.81974568,-6581331.81974568,446488.5987585589,71.09802318905078,0.7395112335786734,7150075.943528267,-568744.1237825863,63,volume,PayAsProduced / FixedEscalated
PayAsProduced,IndexedWithFloorCap,2892944.534371597,-2892944.534371597,446488.5987585589,59.019398147216876,0.7395112335786734,3121101.15207205,-228156.61770045292,63,volume,PayAsProduced / IndexedWithFloorCap
PayAsProduced,Floating,0.0,-0.0,446488.5987585589,49.66252388395338,0.7395112335786734,0.0,0.0,63,volume,PayAsProduced / Floating
PayAsNominated,FixedFlat,1664487.780664824,-1664487.780664824,446488.59875855886,65.0,0.7395112335786734,1985049.269431087,-320561.488766263,63,volume,PayAsNominated / FixedFlat
PayAsNominated,FixedEscalated,3508616.1214667335,-3508616.1214667335,446488.59875855886,71.09802318905079,0.7395112335786734,4019120.334747541,-510504.2132808077,63,volume,PayAsNominated / FixedEscalated
PayAsNominated,IndexedWithFloorCap,576513.6561270747,-576513.6561270747,446488.59875855886,61.16140745523657,0.7395112335786734,704639.2439555812,-128125.58782850648,63,volume,PayAsNominated / IndexedWithFloorCap
PayAsNominated,Floating,0.0,-0.0,446488.59875855886,59.0489412180317,0.7395112335786734,0.0,0.0,63,volume,PayAsNominated / Floating
Baseload,FixedFlat,-1050773.5395378794,1050773.5395378794,446488.5987585589,64.99999999999999,0.7395112335786734,-719118.7379462424,-331654.80159163696,63,volume,Baseload / FixedFlat
Baseload,FixedEscalated,810321.6308843833,-810321.6308843833,446488.5987585589,71.17379605473559,0.7395112335786734,1340227.3040056452,-529905.6731212619,63,volume,Baseload / FixedEscalated
Baseload,IndexedWithFloorCap,-126686.20152674954,126686.20152674954,446488.5987585589,67.06622337375094,0.7395112335786734,-29904.373105235903,-96781.82842151364,63,volume,Baseload / IndexedWithFloorCap
Baseload,Floating,0.0,-0.0,446488.5987585589,67.15587489269696,0.7395112335786734,0.0,0.0,63,volume,Baseload / Floating
PayAsProduced,FixedFlat,4772693.483293335,-4772693.483293335,446355.59384086874,65.0,0.7379357910421996,5149761.326464402,-377067.8431710666,64,volume,PayAsProduced / FixedFlat
PayAsProduced,FixedEscalated,6615121.07575075,-6615121.07575075,446355.59384086874,71.09197958452884,0.7379357910421996,7181211.141875082,-566090.0661243321,64,volume,PayAsProduced / FixedEscalated
PayAsProduced,IndexedWithFloorCap,2898532.907869682,-2898532.907869682,446355.59384086874,58.94195881540924,0.7379357910421996,3129628.7118638866,-231095.80399420438,64,volume,PayAsProduced / IndexedWithFloorCap
PayAsProduced,Floating,0.0,-0.0,446355.59384086874,49.55672366207331,0.7379357910421996,0.0,0.0,64,volume,PayAsProduced / Floating
PayAsNominated,FixedFlat,1723384.236813423,-1723384.236813423,446355.5938408688,64.99999999999999,0.7379357910421996,2039325.8226391498,-315941.58582572686,64,volume,PayAsNominated / FixedFlat
PayAsNominated,FixedEscalated,3565835.673832571,-3565835.673832571,446355.5938408688,71.09197958452884,0.7379357910421996,4070775.638049836,-504939.96421726467,64,volume,PayAsNominated / FixedEscalated
PayAsNominated,IndexedWithFloorCap,590798.3894266314,-590798.3894266314,446355.5938408688,61.04305210340068,0.7379357910421996,719830.0885184282,-129031.69909179676,64,volume,PayAsNominated / IndexedWithFloorCap
PayAsNominated,Floating,0.0,-0.0,446355.5938408688,58.88440158182856,0.7379357910421996,0.0,0.0,64,volume,PayAsNominated / Floating
Baseload,FixedFlat,-1050460.5235985566,1050460.5235985566,446355.59384086874,64.99999999999999,0.7379357910421996,-718904.5189744297,-331556.00462412694,64,volume,Baseload / FixedFlat
Baseload,FixedEscalated,810080.2433951664,-810080.2433951664,446355.59384086874,71.17379605473559,0.7379357910421996,1339828.0624063099,-529747.8190111435,64,volume,Baseload / FixedEscalated
Baseload,IndexedWithFloorCap,-126648.46285245109,126648.46285245109,446355.59384086874,67.06622337375094,0.7379357910421996,-29895.4648627934,-96752.99798965768,64,volume,Baseload / IndexedWithFloorCap
Baseload,Floating,0.0,-0.0,446355.59384086874,67.15587489269694,0.7379357910421996,0.0,0.0,64,volume,Baseload / Floating
PayAsProduced,FixedFlat,4858914.8663748745,-4858914.8663748745,448587.5791699163,65.00000000000001,0.7350055436148613,5241460.616095457,-382545.74972058274,65,volume,PayAsProduced / FixedFlat
PayAsProduced,FixedEscalated,6718897.686016688,-6718897.686016688,448587.5791699163,71.12596344415326,0.7350055436148613,7294457.6513155615,-575559.9652988734,65,volume,PayAsProduced / FixedEscalated
PayAsProduced,IndexedWithFloorCap,2944029.0106185917,-2944029.0106185917,448587.5791699163,58.84161177979056,0.7350055436148613,3177597.0502931927,-233568.03967460105,65,volume,PayAsProduced / IndexedWithFloorCap
PayAsProduced,Floating,0.0,-0.0,448587.5791699163,49.35994033243832,0.7350055436148613,0.0,0.0,65,volume,PayAsProduced / Floating
PayAsNominated,FixedFlat,1745201.8720672268,-1745201.8720672268,448587.57916991634,64.99999999999999,0.7350055436148613,2067351.5416159614,-322149.66954873456,65,volume,PayAsNominated / FixedFlat
PayAsNominated,FixedEscalated,3605208.7371989484,-3605208.7371989484,448587.57916991634,71.12596344415326,0.7350055436148613,4120348.5768360766,-515139.83963712817,65,volume,PayAsNominated / FixedEscalated
PayAsNominated,IndexedWithFloorCap,599012.9341908896,-599012.9341908896,448587.57916991634,61.00654367081983,0.7350055436148613,729022.6275065069,-130009.69331561727,65,volume,PayAsNominated / IndexedWithFloorCap
PayAsNominated,Floating,0.0,-0.0,448587.57916991634,58.831203965282164,0.7350055436148613,0.0,0.0,65,volume,PayAsNominated / Floating
Baseload,FixedFlat,-1055713.3142205817,1055713.3142205817,448587.5791699163,65.0,0.7350055436148613,-722499.3755450163,-333213.9386755654,65,volume,Baseload / FixedFlat
Baseload,FixedEscalated,814131.0209446328,-814131.0209446328,448587.5791699163,71.17379605473559,0.7350055436148613,1346527.8251515285,-532396.8042068956,65,volume,Baseload / FixedEscalated
Baseload,IndexedWithFloorCap,-127281.76400277544,127281.76400277544,448587.5791699163,67.06622337375094,0.7350055436148613,-30044.9560754088,-97236.80792736664,65,volume,Baseload / IndexedWithFloorCap
Baseload,Floating,0.0,-0.0,448587.5791699163,67.15587489269696,0.7350055436148613,0.0,0.0,65,volume,Baseload / Floating
PayAsProduced,FixedFlat,4720575.281776787,-4720575.281776787,442777.6545376735,65.0,0.7386787276781672,5091977.423647024,-371402.14187023696,66,volume,PayAsProduced / FixedFlat
PayAsProduced,FixedEscalated,6554235.237422678,-6554235.237422678,442777.6545376735,71.11257591868879,0.7386787276781672,7113956.413248724,-559721.1758260466,66,volume,PayAsProduced / FixedEscalated
PayAsProduced,IndexedWithFloorCap,2863510.442918974,-2863510.442918974,442777.6545376735,58.94459801965881,0.7386787276781672,3088911.0011249706,-225400.55820599664,66,volume,PayAsProduced / IndexedWithFloorCap
PayAsProduced,Floating,0.0,-0.0,442777.6545376735,49.60661622185156,0.7386787276781672,0.0,0.0,66,volume,PayAsProduced / Floating
PayAsNominated,FixedFlat,1699253.2175655763,-1699253.2175655763,442777.6545376736,64.99999999999999,0.7386787276781672,2010330.9832120282,-311077.76564645185,66,volume,PayAsNominated / FixedFlat
PayAsNominated,FixedEscalated,3532936.932764803,-3532936.932764803,442777.6545376736,71.11257591868876,0.7386787276781672,4032309.972813724,-499373.040048921,66,volume,PayAsNominated / FixedEscalated
PayAsNominated,IndexedWithFloorCap,579380.6950909131,-579380.6950909131,442777.6545376736,61.05469235865,0.7386787276781672,705262.6675884032,-125881.97249749012,66,volume,PayAsNominated / IndexedWithFloorCap
PayAsNominated,Floating,0.0,-0.0,442777.6545376736,58.92263677329484,0.7386787276781672,0.0,0.0,66,volume,PayAsNominated / Floating
Baseload,FixedFlat,-1042040.1429744523,1042040.1429744523,442777.65453767375,64.99999999999993,0.7386787276781672,-713141.8562696896,-328898.2867047627,66,volume,Baseload / FixedFlat
Baseload,FixedEscalated,803586.725712001,-803586.725712001,442777.65453767375,71.17379605473556,0.7386787276781672,1329088.1421495555,-525501.4164375545,66,volume,Baseload / FixedEscalated
Baseload,IndexedWithFloorCap,-125633.26214883768,125633.26214883768,442777.65453767375,67.0662233737509,0.7386787276781672,-29655.825973545136,-95977.43617529253,66,volume,Baseload / IndexedWithFloorCap
Baseload,Floating,0.0,-0.0,442777.65453767375,67.15587489269691,0.7386787276781672,0.0,0.0,66,volume,Baseload / Floating
PayAsProduced,FixedFlat,4748556.772927024,-4748556.772927024,447293.4290913839,65.0,0.7394491161766631,5126620.853677974,-378064.0807509497,67,volume,PayAsProduced / FixedFlat
PayAsProduced,FixedEscalated,6597765.055264446,-6597765.055264446,447293.4290913839,71.11005014904754,0.7394491161766631,7168377.4626214355,-570612.4073569896,67,volume,PayAsProduced / FixedEscalated
PayAsProduced,IndexedWithFloorCap,2900338.730323574,-2900338.730323574,447293.4290913839,59.026364605925345,0.7394491161766631,3130449.096041617,-230110.36571804294,67,volume,PayAsProduced / IndexedWithFloorCap
PayAsProduced,Floating,0.0,-0.0,447293.4290913839,49.65835233547531,0.7394491161766631,0.0,0.0,67,volume,PayAsProduced / Floating
PayAsNominated,FixedFlat,1696148.8244248736,-1696148.8244248736,447293.4290913838,64.99999999999999,0.7394491161766631,2013787.1881723946,-317638.36374752107,67,volume,PayAsNominated / FixedFlat
PayAsNominated,FixedEscalated,3545381.01697502,-3545381.01697502,447293.4290913838,71.11005014904757,0.7394491161766631,4055543.7971158703,-510162.7801408502,67,volume,PayAsNominated / FixedEscalated
PayAsNominated,IndexedWithFloorCap,585667.0376390297,-585667.0376390297,447293.4290913838,61.11005601190495,0.7394491161766631,713909.3389945109,-128242.30135548126,67,volume,PayAsNominated / IndexedWithFloorCap
PayAsNominated,Floating,0.0,-0.0,447293.4290913838,58.9736496233947,0.7394491161766631,0.0,0.0,67,volume,PayAsNominated / Floating
Baseload,FixedFlat,-1052667.640350087,1052667.640350087,447293.42909138394,64.99999999999994,0.7394491161766631,-720415.0052525372,-332252.6350975499,67,volume,Baseload / FixedFlat
Baseload,FixedEscalated,811782.2984796886,-811782.2984796886,447293.42909138394,71.17379605473558,0.7394491161766631,1342643.1676808773,-530860.8692011887,67,volume,Baseload / FixedEscalated
Baseload,IndexedWithFloorCap,-126914.56323189187,126914.56323189187,447293.42909138394,67.06622337375092,0.7394491161766631,-29958.27805740295,-96956.28517448892,67,volume,Baseload / IndexedWithFloorCap
Baseload,Floating,0.0,-0.0,447293.42909138394,67.15587489269693,0.7394491161766631,0.0,0.0,67,volume,Baseload / Floating
PayAsProduced,FixedFlat,4736800.950420588,-4736800.950420588,443540.21759001596,65.0,0.7379215524733577,5117596.188708297,-380795.2382877087,68,volume,PayAsProduced / FixedFlat
PayAsProduced,FixedEscalated,6564336.929639939,-6564336.929639939,443540.21759001596,71.08267783695682,0.7379215524733577,7133150.463221877,-568813.5335819377,68,volume,PayAsProduced / FixedEscalated
PayAsProduced,IndexedWithFloorCap,2894001.0150588467,-2894001.0150588467,443540.21759001596,58.99156443564064,0.7379215524733577,3126642.811019178,-232641.79596033134,68,volume,PayAsProduced / IndexedWithFloorCap
PayAsProduced,Floating,0.0,-0.0,443540.21759001596,49.55576745852551,0.7379215524733577,0.0,0.0,68,volume,PayAsProduced / Floating
PayAsNominated,FixedFlat,1694827.1608359672,-1694827.1608359672,443540.2175900159,65.0,0.7379215524733577,2012932.8348067622,-318105.673970795,68,volume,PayAsNominated / FixedFlat
PayAsNominated,FixedEscalated,3522386.7087968313,-3522386.7087968313,443540.2175900159,71.08267783695683,0.7379215524733577,4028487.1093203467,-506100.4005235154,68,volume,PayAsNominated / FixedEscalated
PayAsNominated,IndexedWithFloorCap,586446.7637985001,-586446.7637985001,443540.2175900159,61.085532908428675,0.7379215524733577,715836.2121773735,-129389.4483788734,68,volume,PayAsNominated / IndexedWithFloorCap
PayAsNominated,Floating,0.0,-0.0,443540.2175900159,58.925233323465505,0.7379215524733577,0.0,0.0,68,volume,PayAsNominated / Floating
Baseload,FixedFlat,-1043834.7712804353,1043834.7712804353,443540.21759001596,64.99999999999999,0.7379215524733577,-714370.0474963579,-329464.72378407733,68,volume,Baseload / FixedFlat
Baseload,FixedEscalated,804970.6834165077,-804970.6834165077,443540.21759001596,71.1737960547356,0.7379215524733577,1331377.1318944597,-526406.448477952,68,volume,Baseload / FixedEscalated
Baseload,IndexedWithFloorCap,-125849.63098063874,125849.63098063874,443540.21759001596,67.06622337375094,0.7379215524733577,-29706.899998944475,-96142.73098169427,68,volume,Baseload / IndexedWithFloorCap
Baseload,Floating,0.0,-0.0,443540.21759001596,67.15587489269696,0.7379215524733577,0.0,0.0,68,volume,Baseload / Floating
PayAsProduced,FixedFlat,4744495.133371685,-4744495.133371685,446396.09804937936,64.99999999999999,0.7386709129359017,5133764.824341904,-389269.6909702197,69,volume,PayAsProduced / FixedFlat
PayAsProduced,FixedEscalated,6605724.13917439,-6605724.13917439,446396.09804937936,71.16288793072718,0.7386709129359017,7189046.438006172,-583322.2988317823,69,volume,PayAsProduced / FixedEscalated
PayAsProduced,IndexedWithFloorCap,2914915.903581944,-2914915.903581944,446396.09804937936,59.0470225063461,0.7386709129359017,3148486.927552317,-233571.02397037297,69,volume,PayAsProduced / IndexedWithFloorCap
PayAsProduced,Floating,0.0,-0.0,446396.09804937936,49.60609141599765,0.7386709129359017,0.0,0.0,69,volume,PayAsProduced / Floating
PayAsNominated,FixedFlat,1689412.6118647289,-1689412.6118647289,446396.09804937924,65.00000000000001,0.7386709129359017,2011972.4016962573,-322559.78983152844,69,volume,PayAsNominated / FixedFlat
PayAsNominated,FixedEscalated,3550665.6422711564,-3550665.6422711564,446396.09804937924,71.1628879307272,0.7386709129359017,4067254.01536052,-516588.3730893638,69,volume,PayAsNominated / FixedEscalated
PayAsNominated,IndexedWithFloorCap,594089.911428076,-594089.911428076,446396.09804937924,61.133762723622155,0.7386709129359017,722608.3117564926,-128518.40032841661,69,volume,PayAsNominated / IndexedWithFloorCap
PayAsNominated,Floating,0.0,-0.0,446396.09804937924,58.96697739670651,0.7386709129359017,0.0,0.0,69,volume,PayAsNominated / Floating
Baseload,FixedFlat,-1050555.8468624905,1050555.8468624905,446396.09804937936,65.0,0.7386709129359017,-718969.7554337358,-331586.09142875473,69,volume,Baseload / FixedFlat
Baseload,FixedEscalated,810153.7535282117,-810153.7535282117,446396.09804937936,71.17379605473558,0.7386709129359017,1339949.6441137083,-529795.8905854966,69,volume,Baseload / FixedEscalated
Baseload,IndexedWithFloorCap,-126659.9554736207,126659.9554736207,446396.09804937936,67.06622337375093,0.7386709129359017,-29898.177704664657,-96761.77776895605,69,volume,Baseload / IndexedWithFloorCap
Baseload,Floating,0.0,-0.0,446396.09804937936,67.15587489269694,0.7386709129359017,0.0,0.0,69,volume,Baseload / Floating
PayAsProduced,FixedFlat,4679214.928894984,-4679214.928894984,441734.8686036855,64.99999999999999,0.7400325800091909,5049980.992780909,-370766.06388592534,70,volume,PayAsProduced / FixedFlat
PayAsProduced,FixedEscalated,6498566.552714083,-6498566.552714083,441734.8686036855,71.08391899476098,0.7400325800091909,7057740.919510771,-559174.3667966872,70,volume,PayAsProduced / FixedEscalated
PayAsProduced,IndexedWithFloorCap,2850730.96102315,-2850730.96102315,441734.8686036855,59.010316866610765,0.7400325800091909,3073319.9327989505,-222588.97177580046,70,volume,PayAsProduced / IndexedWithFloorCap
PayAsProduced,Floating,0.0,-0.0,441734.8686036855,49.69753535961695,0.7400325800091909,0.0,0.0,70,volume,PayAsProduced / Floating
PayAsNominated,FixedFlat,1664187.1420684736,-1664187.1420684736,441734.8686036855,65.0,0.7400325800091909,1978211.864010997,-314024.72194252326,70,volume,PayAsNominated / FixedFlat
PayAsNominated,FixedEscalated,3483562.2208577716,-3483562.2208577716,441734.8686036855,71.08391899476098,0.7400325800091909,3985971.790740854,-502409.5698830825,70,volume,PayAsNominated / FixedEscalated
PayAsNominated,IndexedWithFloorCap,569186.5971194815,-569186.5971194815,441734.8686036855,61.11082210999317,0.7400325800091909,694740.5485310206,-125553.9514115391,70,volume,PayAsNominated / IndexedWithFloorCap
PayAsNominated,Floating,0.0,-0.0,441734.8686036855,59.0056176164844,0.7400325800091909,0.0,0.0,70,volume,PayAsNominated / Floating
Baseload,FixedFlat,-1039586.0335752796,1039586.0335752796,441734.86860368546,65.00000000000004,0.7400325800091909,-711462.3354333432,-328123.69814193645,70,volume,Baseload / FixedFlat
Baseload,FixedEscalated,801694.1981064987,-801694.1981064987,441734.86860368546,71.1737960547356,0.7400325800091909,1325958.0058261375,-524263.8077196388,70,volume,Baseload / FixedEscalated
Baseload,IndexedWithFloorCap,-125337.38317376458,125337.38317376458,441734.86860368546,67.06622337375094,0.7400325800091909,-29585.983519060323,-95751.39965470426,70,volume,Baseload / IndexedWithFloorCap
Baseload,Floating,0.0,-0.0,441734.86860368546,67.15587489269697,0.7400325800091909,0.0,0.0,70,volume,Baseload / Floating
PayAsProduced,FixedFlat,4782665.641088781,-4782665.641088781,448093.6357408991,65.00000000000001,0.737959624157513,5169277.929576939,-386612.288488158,71,volume,PayAsProduced / FixedFlat
PayAsProduced,FixedEscalated,6638691.852526228,-6638691.852526228,448093.6357408991,71.12252598939106,0.737959624157513,7218863.665704005,-580171.8131777775,71,volume,PayAsProduced / FixedEscalated
PayAsProduced,IndexedWithFloorCap,2914231.052313503,-2914231.052313503,448093.6357408991,58.96400408761383,0.737959624157513,3148659.1283199666,-234428.07600646373,71,volume,PayAsProduced / IndexedWithFloorCap
PayAsProduced,Floating,0.0,-0.0,448093.6357408991,49.55832419578362,0.737959624157513,0.0,0.0,71,volume,PayAsProduced / Floating
PayAsNominated,FixedFlat,1709700.2233414426,-1709700.2233414426,448093.6357408991,65.00000000000001,0.737959624157513,2034254.605992575,-324554.3826511323,71,volume,PayAsNominated / FixedFlat
PayAsNominated,FixedEscalated,3565750.556482108,-3565750.556482108,448093.6357408991,71.12252598939104,0.737959624157513,4083840.342119632,-518089.785637524,71,volume,PayAsNominated / FixedEscalated
PayAsNominated,IndexedWithFloorCap,591721.7813961002,-591721.7813961002,448093.6357408991,61.080980659303265,0.737959624157513,722317.9716334188,-130596.19023731863,71,volume,PayAsNominated / IndexedWithFloorCap
PayAsNominated,Floating,0.0,-0.0,448093.6357408991,58.92327118856578,0.737959624157513,0.0,0.0,71,volume,PayAsNominated / Floating
Baseload,FixedFlat,-1054550.8597106948,1054550.8597106948,448093.6357408993,64.99999999999997,0.737959624157513,-721703.8256109726,-332847.03409972216,71,volume,Baseload / FixedFlat
Baseload,FixedEscalated,813234.5746611694,-813234.5746611694,448093.6357408993,71.17379605473555,0.737959624157513,1345045.1524202575,-531810.577759088,71,volume,Baseload / FixedEscalated
Baseload,IndexedWithFloorCap,-127141.61301803506,127141.61301803506,448093.6357408993,67.06622337375092,0.737959624157513,-30011.873330099294,-97129.73968793577,71,volume,Baseload / IndexedWithFloorCap
Baseload,Floating,0.0,-0.0,448093.6357408993,67.15587489269691,0.737959624157513,0.0,0.0,71,volume,Baseload / Floating
PayAsProduced,FixedFlat,4728712.013161589,-4728712.013161589,447247.3136575121,65.0,0.7401962408653132,5109327.769817531,-380615.7566559417,72,volume,PayAsProduced / FixedFlat
PayAsProduced,FixedEscalated,6579186.954542565,-6579186.954542565,447247.3136575121,71.11047839065013,0.7401962408653132,7151016.9640419,-571830.0094993347,72,volume,PayAsProduced / FixedEscalated
PayAsProduced,IndexedWithFloorCap,2890598.280709721,-2890598.280709721,447247.3136575121,59.0510558430728,0.7401962408653132,3121611.8782390025,-231013.5975292814,72,volume,PayAsProduced / IndexedWithFloorCap
PayAsProduced,Floating,0.0,-0.0,447247.3136575121,49.70852614759555,0.7401962408653132,0.0,0.0,72,volume,PayAsProduced / Floating
PayAsNominated,FixedFlat,1674540.9727576175,-1674540.9727576175,447247.3136575121,65.0,0.7401962408653132,1996638.018400725,-322097.0456431075,72,volume,PayAsNominated / FixedFlat
PayAsNominated,FixedEscalated,3525039.87200848,-3525039.87200848,447247.3136575121,71.11047839065012,0.7401962408653132,4038327.212625089,-513287.34061660897,72,volume,PayAsNominated / FixedEscalated
PayAsNominated,IndexedWithFloorCap,582234.0927937422,-582234.0927937422,447247.3136575121,61.1536765679773,0.7401962408653132,711469.0861827668,-129234.99338902463,72,volume,PayAsNominated / IndexedWithFloorCap
PayAsNominated,Floating,0.0,-0.0,447247.3136575121,59.024353216982654,0.7401962408653132,0.0,0.0,72,volume,PayAsNominated / Floating
Baseload,FixedFlat,-1052559.1115370071,1052559.1115370071,447247.3136575121,65.00000000000001,0.7401962408653132,-720340.7313008474,-332218.3802361598,72,volume,Baseload / FixedFlat
Baseload,FixedEscalated,811698.6046660328,-811698.6046660328,447247.3136575121,71.17379605473559,0.7401962408653132,1342504.7427271763,-530806.1380611435,72,volume,Baseload / FixedEscalated
Baseload,IndexedWithFloorCap,-126901.4784875889,126901.4784875889,447247.3136575121,67.06622337375093,0.7401962408653132,-29955.189393673914,-96946.289093915,72,volume,Baseload / IndexedWithFloorCap
Baseload,Floating,0.0,-0.0,447247.3136575121,67.15587489269694,0.7401962408653132,0.0,0.0,72,volume,Baseload / Floating
PayAsProduced,FixedFlat,4754257.854502567,-4754257.854502567,444276.7125051023,64.99999999999999,0.7377352577239741,5130246.369670638,-375988.5151680708,73,volume,PayAsProduced / FixedFlat
PayAsProduced,FixedEscalated,6595950.228548689,-6595950.228548689,444276.7125051023,71.12720897926884,0.7377352577239741,7163927.7832991965,-567977.5547505077,73,volume,PayAsProduced / FixedEscalated
PayAsProduced,IndexedWithFloorCap,2896579.4668150805,-2896579.4668150805,444276.7125051023,58.96167367226011,0.7377352577239741,3126065.989386969,-229486.5225718883,73,volume,PayAsProduced / IndexedWithFloorCap
PayAsProduced,Floating,0.0,-0.0,444276.7125051023,49.54325667164272,0.7377352577239741,0.0,0.0,73,volume,PayAsProduced / Floating
PayAsNominated,FixedFlat,1692517.474776557,-1692517.474776557,444276.7125051022,64.99999999999999,0.7377352577239741,2010312.955087902,-317795.4803113451,73,volume,PayAsNominated / FixedFlat
PayAsNominated,FixedEscalated,3534233.6385960397,-3534233.6385960397,444276.7125051022,71.12720897926884,0.7377352577239741,4043994.36871646,-509760.73012042046,73,volume,PayAsNominated / FixedEscalated
PayAsNominated,IndexedWithFloorCap,586475.018958375,-586475.018958375,444276.7125051022,61.09560245941835,0.7377352577239741,714404.6979085591,-127929.67895018414,73,volume,PayAsNominated / IndexedWithFloorCap
PayAsNominated,Floating,0.0,-0.0,444276.7125051022,58.94319704796944,0.7377352577239741,0.0,0.0,73,volume,PayAsNominated / Floating
Baseload,FixedFlat,-1045568.0504076707,1045568.0504076707,444276.7125051025,64.99999999999994,0.7377352577239741,-715556.2531359049,-330011.79727176577,73,volume,Baseload / FixedFlat
Baseload,FixedEscalated,806307.3306733246,-806307.3306733246,444276.7125051025,71.17379605473556,0.7377352577239741,1333587.8727671376,-527280.542093813,73,volume,Baseload / FixedEscalated
Baseload,IndexedWithFloorCap,-126058.60326681918,126058.60326681918,444276.7125051025,67.06622337375089,0.7377352577239741,-29756.228064194518,-96302.37520262465,73,volume,Baseload / IndexedWithFloorCap
Baseload,Floating,0.0,-0.0,444276.7125051025,67.15587489269691,0.7377352577239741,0.0,0.0,73,volume,Baseload / Floating
PayAsProduced,FixedFlat,4698418.929929456,-4698418.929929456,442396.786348395,64.99999999999999,0.7394646366854474,5070153.858129536,-371734.92820008006,74,volume,PayAsProduced / FixedFlat
PayAsProduced,FixedEscalated,6525572.5794406105,-6525572.5794406105,442396.786348395,71.09559293913932,0.7394646366854474,7084780.615690815,-559208.0362502048,74,volume,PayAsProduced / FixedEscalated
PayAsProduced,IndexedWithFloorCap,2856787.380385244,-2856787.380385244,442396.786348395,58.98754435225755,0.7394646366854474,3083004.4294305453,-226217.0490453015,74,volume,PayAsProduced / IndexedWithFloorCap
PayAsProduced,Floating,0.0,-0.0,442396.786348395,49.65939462882149,0.7394646366854474,0.0,0.0,74,volume,PayAsProduced / Floating
PayAsNominated,FixedFlat,1681755.833456263,-1681755.833456263,442396.78634839493,65.0,0.7394646366854474,1996897.9735532918,-315142.1400970288,74,volume,PayAsNominated / FixedFlat
PayAsNominated,FixedEscalated,3508933.1340236943,-3508933.1340236943,442396.78634839493,71.09559293913934,0.7394646366854474,4011524.73111457,-502591.59709087573,74,volume,PayAsNominated / FixedEscalated
PayAsNominated,IndexedWithFloorCap,577585.8218359991,-577585.8218359991,442396.78634839493,61.09055629281005,0.7394646366854474,704805.4768393481,-127219.65500334895,74,volume,PayAsNominated / IndexedWithFloorCap
PayAsNominated,Floating,0.0,-0.0,442396.78634839493,58.958048486108794,0.7394646366854474,0.0,0.0,74,volume,PayAsNominated / Floating
Baseload,FixedFlat,-1041143.8015752357,1041143.8015752357,442396.78634839505,65.00000000000001,0.7394646366854474,-712528.4263806269,-328615.3751946088,74,volume,Baseload / FixedFlat
Baseload,FixedEscalated,802895.4970151287,-802895.4970151287,442396.78634839505,71.1737960547356,0.7394646366854474,1327944.8879927467,-525049.3909776179,74,volume,Baseload / FixedEscalated
Baseload,IndexedWithFloorCap,-125525.19501270869,125525.19501270869,442396.78634839505,67.06622337375093,0.7394646366854474,-29630.316644828396,-95894.8783678803,74,volume,Baseload / IndexedWithFloorCap
Baseload,Floating,0.0,-0.0,442396.78634839505,67.15587489269696,0.7394646366854474,0.0,0.0,74,volume,Baseload / Floating
PayAsProduced,FixedFlat,4741857.513826672,-4741857.513826672,445089.0306665114,64.99999999999999,0.7381527740797781,5130303.212040253,-388445.698213581,75,volume,PayAsProduced / FixedFlat
PayAsProduced,FixedEscalated,6587849.870829664,-6587849.870829664,445089.0306665114,71.12763443346081,0.7381527740797781,7167844.491418325,-579994.6205886612,75,volume,PayAsProduced / FixedEscalated
PayAsProduced,IndexedWithFloorCap,2893000.3177626384,-2893000.3177626384,445089.0306665114,58.97595598529753,0.7381527740797781,3127207.4852910507,-234207.1675284123,75,volume,PayAsProduced / IndexedWithFloorCap
PayAsProduced,Floating,0.0,-0.0,445089.0306665114,49.57129534779874,0.7381527740797781,0.0,0.0,75,volume,PayAsProduced / Floating
PayAsNominated,FixedFlat,1701407.0869900356,-1701407.0869900356,445089.03066651133,65.0,0.7381527740797781,2026000.1115833258,-324593.0245932902,75,volume,PayAsNominated / FixedFlat
PayAsNominated,FixedEscalated,3547423.3197016995,-3547423.3197016995,445089.03066651133,71.12763443346083,0.7381527740797781,4063541.390961397,-516118.07125969743,75,volume,PayAsNominated / FixedEscalated
PayAsNominated,IndexedWithFloorCap,587639.4226850645,-587639.4226850645,445089.03066651133,61.06539912626301,0.7381527740797781,717679.292975308,-130039.87029024353,75,volume,PayAsNominated / IndexedWithFloorCap
PayAsNominated,Floating,0.0,-0.0,445089.03066651133,58.90707409386924,0.7381527740797781,0.0,0.0,75,volume,PayAsNominated / Floating
Baseload,FixedFlat,-1047479.7731976097,1047479.7731976097,445089.0306665114,65.0,0.7381527740797781,-716864.5804093519,-330615.19278825785,75,volume,Baseload / FixedFlat
Baseload,FixedEscalated,807781.5877521848,-807781.5877521848,445089.0306665114,71.17379605473559,0.7381527740797781,1336026.2126989677,-528244.6249467828,75,volume,Baseload / FixedEscalated
Baseload,IndexedWithFloorCap,-126289.08956050334,126289.08956050334,445089.0306665114,67.06622337375093,0.7381527740797781,-29810.634527079277,-96478.45503342406,75,volume,Baseload / IndexedWithFloorCap
Baseload,Floating,0.0,-0.0,445089.0306665114,67.15587489269694,0.7381527740797781,0.0,0.0,75,volume,Baseload / Floating
PayAsProduced,FixedFlat,4738308.648603959,-4738308.648603959,444803.1043960121,65.00000000000001,0.738830442367981,5111884.572619931,-373575.92401597183,76,volume,PayAsProduced / FixedFlat
PayAsProduced,FixedEscalated,6578781.611083935,-6578781.611083935,444803.1043960121,71.10903844212407,0.738830442367981,7141937.423644746,-563155.8125608107,76,volume,PayAsProduced / FixedEscalated
PayAsProduced,IndexedWithFloorCap,2890637.912322063,-2890637.912322063,444803.1043960121,58.99944150697621,0.738830442367981,3117879.9527588794,-227242.0404368164,76,volume,PayAsProduced / IndexedWithFloorCap
PayAsProduced,Floating,0.0,-0.0,444803.1043960121,49.616804754580095,0.738830442367981,0.0,0.0,76,volume,PayAsProduced / Floating
PayAsNominated,FixedFlat,1691960.2956985752,-1691960.2956985752,444803.10439601215,65.0,0.738830442367981,2003912.9789748865,-311952.68327631126,76,volume,PayAsNominated / FixedFlat
PayAsNominated,FixedEscalated,3532456.927668095,-3532456.927668095,444803.10439601215,71.10903844212406,0.738830442367981,4033965.8299997007,-501508.90233160555,76,volume,PayAsNominated / FixedEscalated
PayAsNominated,IndexedWithFloorCap,585012.1379326532,-585012.1379326532,444803.10439601215,61.111514352802274,0.738830442367981,711756.8648748418,-126744.72694218857,76,volume,PayAsNominated / IndexedWithFloorCap
PayAsNominated,Floating,0.0,-0.0,444803.10439601215,58.96962427995463,0.738830442367981,0.0,0.0,76,volume,PayAsNominated / Floating
Baseload,FixedFlat,-1046806.8696562096,1046806.8696562096,444803.1043960121,64.99999999999999,0.738830442367981,-716404.0648679499,-330402.8047882597,76,volume,Baseload / FixedFlat
Baseload,FixedEscalated,807262.6669052294,-807262.6669052294,444803.1043960121,71.17379605473559,0.738830442367981,1335167.9462265002,-527905.2793212708,76,volume,Baseload / FixedEscalated
Baseload,IndexedWithFloorCap,-126207.96114372626,126207.96114372626,444803.1043960121,67.06622337375094,0.738830442367981,-29791.484103302297,-96416.47704042397,76,volume,Baseload / IndexedWithFloorCap
Baseload,Floating,0.0,-0.0,444803.1043960121,67.15587489269693,0.738830442367981,0.0,0.0,76,volume,Baseload / Floating
PayAsProduced,FixedFlat,4751658.5731108235,-4751658.5731108235,445652.44719354686,65.0,0.7393761817691766,5109443.580100683,-357785.00698985904,77,volume,PayAsProduced / FixedFlat
PayAsProduced,FixedEscalated,6592137.519013438,-6592137.519013438,445652.44719354686,71.10158315952775,0.7393761817691766,7140890.632572955,-548753.1135595171,77,volume,PayAsProduced / FixedEscalated
PayAsProduced,IndexedWithFloorCap,2882749.757776734,-2882749.757776734,445652.44719354686,58.98161667105564,0.7393761817691766,3105696.8877129722,-222947.12993623829,77,volume,PayAsProduced / IndexedWithFloorCap
PayAsProduced,Floating,0.0,-0.0,445652.44719354686,49.653454361530784,0.7393761817691766,0.0,0.0,77,volume,PayAsProduced / Floating
PayAsNominated,FixedFlat,1703773.9271719211,-1703773.9271719211,445652.447193547,64.99999999999999,0.7393761817691766,2007834.274086072,-304060.346914151,77,volume,PayAsNominated / FixedFlat
PayAsNominated,FixedEscalated,3544276.6295789285,-3544276.6295789285,445652.447193547,71.10158315952772,0.7393761817691766,4039281.3265583403,-495004.6969794119,77,volume,PayAsNominated / FixedEscalated
PayAsNominated,IndexedWithFloorCap,579796.3453513818,-579796.3453513818,445652.447193547,61.0875675851519,0.7393761817691766,705238.0315470671,-125441.6861956853,77,volume,PayAsNominated / IndexedWithFloorCap
PayAsNominated,Floating,0.0,-0.0,445652.447193547,58.969339353946346,0.7393761817691766,0.0,0.0,77,volume,PayAsNominated / Floating
Baseload,FixedFlat,-1048805.7268277658,1048805.7268277658,445652.44719354674,65.00000000000001,0.7393761817691766,-717772.0243686966,-331033.7024590692,77,volume,Baseload / FixedFlat
Baseload,FixedEscalated,808804.119123252,-808804.119123252,445652.44719354674,71.1737960547356,0.7393761817691766,1337717.4232139962,-528913.3040907442,77,volume,Baseload / FixedEscalated
Baseload,IndexedWithFloorCap,-126448.9527684015,126448.9527684015,445652.44719354674,67.06622337375096,0.7393761817691766,-29848.370357474174,-96600.58241092734,77,volume,Baseload / IndexedWithFloorCap
Baseload,Floating,0.0,-0.0,445652.44719354674,67.15587489269696,0.7393761817691766,0.0,0.0,77,volume,Baseload / Floating
PayAsProduced,FixedFlat,4710201.1067532115,-4710201.1067532115,446285.4798776948,65.00000000000001,0.7403010034962233,5095994.149829147,-385793.0430759359,78,volume,PayAsProduced / FixedFlat
PayAsProduced,FixedEscalated,6565777.816719236,-6565777.816719236,446285.4798776948,71.14758232154395,0.7403010034962233,7145663.4063938465,-579885.5896746106,78,volume,PayAsProduced / FixedEscalated
PayAsProduced,IndexedWithFloorCap,2870866.8656312036,-2870866.8656312036,446285.4798776948,59.02953333600786,0.7403010034962233,3105377.135129988,-234510.26949878456,78,volume,PayAsProduced / IndexedWithFloorCap
PayAsProduced,Floating,0.0,-0.0,446285.4798776948,49.71556157373038,0.7403010034962233,0.0,0.0,78,volume,PayAsProduced / Floating
PayAsNominated,FixedFlat,1666183.4543836827,-1666183.4543836827,446285.47987769486,65.0,0.7403010034962233,1989130.6028413805,-322947.1484576978,78,volume,PayAsNominated / FixedFlat
PayAsNominated,FixedEscalated,3521784.1596684926,-3521784.1596684926,446285.47987769486,71.14758232154394,0.7403010034962233,4038799.85940608,-517015.6997375875,78,volume,PayAsNominated / FixedEscalated
PayAsNominated,IndexedWithFloorCap,573502.8010562119,-573502.8010562119,446285.47987769486,61.143200873598715,0.7403010034962233,703232.800313873,-129729.99925766105,78,volume,PayAsNominated / IndexedWithFloorCap
PayAsNominated,Floating,0.0,-0.0,446285.47987769486,59.033991537851946,0.7403010034962233,0.0,0.0,78,volume,PayAsNominated / Floating
Baseload,FixedFlat,-1050295.5162557934,1050295.5162557934,446285.47987769486,65.0,0.7403010034962233,-718791.592765675,-331503.92349011835,78,volume,Baseload / FixedFlat
Baseload,FixedEscalated,809952.9952165012,-809952.9952165012,446285.47987769486,71.17379605473559,0.7403010034962233,1339617.600934055,-529664.6057175538,78,volume,Baseload / FixedEscalated
Baseload,IndexedWithFloorCap,-126628.56879089345,126628.56879089345,446285.47987769486,67.06622337375094,0.7403010034962233,-29890.76885461234,-96737.79993628111,78,volume,Baseload / IndexedWithFloorCap
Baseload,Floating,0.0,-0.0,446285.47987769486,67.15587489269696,0.7403010034962233,0.0,0.0,78,volume,Baseload / Floating
PayAsProduced,FixedFlat,4719245.967533179,-4719245.967533179,444711.9825980419,65.0,0.7398482621823637,5088128.232392401,-368882.2648592228,79,volume,PayAsProduced / FixedFlat
PayAsProduced,FixedEscalated,6558319.921888089,-6558319.921888089,444711.9825980419,71.1057841789608,0.7398482621823637,7116684.028936905,-558364.107048816,79,volume,PayAsProduced / FixedEscalated
PayAsProduced,IndexedWithFloorCap,2878197.311570178,-2878197.311570178,444711.9825980419,59.01990013944472,0.7398482621823637,3101329.177515055,-223131.86594487727,79,volume,PayAsProduced / IndexedWithFloorCap
PayAsProduced,Floating,0.0,-0.0,444711.9825980419,49.685157334698054,0.7398482621823637,0.0,0.0,79,volume,PayAsProduced / Floating
PayAsNominated,FixedFlat,1681049.2347158727,-1681049.2347158727,444711.9825980418,65.00000000000001,0.7398482621823637,1993278.7771909104,-312229.54247503774,79,volume,PayAsNominated / FixedFlat
PayAsNominated,FixedEscalated,3520147.006632784,-3520147.006632784,444711.9825980418,71.10578417896079,0.7398482621823637,4021834.573735404,-501687.5671026199,79,volume,PayAsNominated / FixedEscalated
PayAsNominated,IndexedWithFloorCap,578830.718218141,-578830.718218141,444711.9825980418,61.12080827185784,0.7398482621823637,704475.1386434349,-125644.42042529385,79,volume,PayAsNominated / IndexedWithFloorCap
PayAsNominated,Floating,0.0,-0.0,444711.9825980418,59.000396714370794,0.7398482621823637,0.0,0.0,79,volume,PayAsNominated / Floating
Baseload,FixedFlat,-1046592.4221329173,1046592.4221329173,444711.98259804194,65.00000000000001,0.7398482621823637,-716257.3032428155,-330335.1188901018,79,volume,Baseload / FixedFlat
Baseload,FixedEscalated,807097.2921025008,-807097.2921025008,444711.98259804194,71.17379605473559,0.7398482621823637,1334894.425419986,-527797.1333174852,79,volume,Baseload / FixedEscalated
Baseload,IndexedWithFloorCap,-126182.10634140161,126182.10634140161,444711.98259804194,67.06622337375094,0.7398482621823637,-29785.38105778224,-96396.72528361937,79,volume,Baseload / IndexedWithFloorCap
Baseload,Floating,0.0,-0.0,444711.98259804194,67.15587489269694,0.7398482621823637,0.0,0.0,79,volume,Baseload / Floating
PayAsProduced,FixedFlat,4638266.160489274,-4638266.160489274,441121.29437979596,65.0,0.7413828164053816,5013083.908179054,-374817.74768977985,80,volume,PayAsProduced / FixedFlat
PayAsProduced,FixedEscalated,6466275.53394088,-6466275.53394088,441121.29437979596,71.12282985902146,0.7413828164053816,7030878.211193778,-564602.677252898,80,volume,PayAsProduced / FixedEscalated
PayAsProduced,IndexedWithFloorCap,2838762.247080583,-2838762.247080583,441121.29437979596,59.093456283773826,0.7413828164053816,3066567.2589293355,-227805.0118487524,80,volume,PayAsProduced / IndexedWithFloorCap
PayAsProduced,Floating,0.0,-0.0,441121.29437979596,49.788211666115124,0.7413828164053816,0.0,0.0,80,volume,PayAsProduced / Floating
PayAsNominated,FixedFlat,1645967.3678479358,-1645967.3678479358,441121.294379796,64.99999999999999,0.7413828164053816,1960850.285158096,-314882.91731016035,80,volume,PayAsNominated / FixedFlat
PayAsNominated,FixedEscalated,3474000.2967332834,-3474000.2967332834,441121.294379796,71.12282985902145,0.7413828164053816,3978644.58817282,-504644.2914395365,80,volume,PayAsNominated / FixedEscalated
PayAsNominated,IndexedWithFloorCap,570665.4517699025,-570665.4517699025,441121.294379796,61.16616165408005,0.7413828164053816,697399.0132468806,-126733.56147697812,80,volume,PayAsNominated / IndexedWithFloorCap
PayAsNominated,Floating,0.0,-0.0,441121.294379796,59.04996205158323,0.7413828164053816,0.0,0.0,80,volume,PayAsNominated / Floating
Baseload,FixedFlat,-1038142.0380045115,1038142.0380045115,441121.2943797959,65.0,0.7413828164053816,-710474.1070155414,-327667.9309889701,80,volume,Baseload / FixedFlat
Baseload,FixedEscalated,800580.6367139944,-800580.6367139944,441121.2943797959,71.17379605473559,0.7413828164053816,1324116.2366741924,-523535.5999601979,80,volume,Baseload / FixedEscalated
Baseload,IndexedWithFloorCap,-125163.28827415139,125163.28827415139,441121.2943797959,67.06622337375093,0.7413828164053816,-29544.88828712817,-95618.39998702322,80,volume,Baseload / IndexedWithFloorCap
Baseload,Floating,0.0,-0.0,441121.2943797959,67.15587489269694,0.7413828164053816,0.0,0.0,80,volume,Baseload / Floating
PayAsProduced,FixedFlat,4748634.583127126,-4748634.583127126,445537.1629812841,65.0,0.7387926507466747,5121165.469771232,-372530.88664410636,81,volume,PayAsProduced / FixedFlat
PayAsProduced,FixedEscalated,6592293.091917102,-6592293.091917102,445537.1629812841,71.11144657667658,0.7387926507466747,7155370.068487693,-563076.9765705904,81,volume,PayAsProduced / FixedEscalated
PayAsProduced,IndexedWithFloorCap,2892551.9894158784,-2892551.9894158784,445537.1629812841,58.984109143902174,0.7387926507466747,3118766.7428391706,-226214.7534232922,81,volume,PayAsProduced / IndexedWithFloorCap
PayAsProduced,Floating,0.0,-0.0,445537.1629812841,49.61426682518763,0.7387926507466747,0.0,0.0,81,volume,PayAsProduced / Floating
PayAsNominated,FixedFlat,1702544.6077227762,-1702544.6077227762,445537.16298128414,65.00000000000001,0.7387926507466747,2016902.2243694218,-314357.6166466456,81,volume,PayAsNominated / FixedFlat
PayAsNominated,FixedEscalated,3546226.974970946,-3546226.974970946,445537.16298128414,71.11144657667657,0.7387926507466747,4051106.823085873,-504879.84811492683,81,volume,PayAsNominated / FixedEscalated
PayAsNominated,IndexedWithFloorCap,587328.9838013917,-587328.9838013917,445537.16298128414,61.08617097082768,0.7387926507466747,714178.0804463911,-126849.09664499946,81,volume,PayAsNominated / IndexedWithFloorCap
PayAsNominated,Floating,0.0,-0.0,445537.16298128414,58.94053567552083,0.7387926507466747,0.0,0.0,81,volume,PayAsNominated / Floating
Baseload,FixedFlat,-1048534.4150851837,1048534.4150851837,445537.1629812841,65.0,0.7387926507466747,-717586.3465317707,-330948.06855341303,81,volume,Baseload / FixedFlat
Baseload,FixedEscalated,808594.8925245086,-808594.8925245086,445537.1629812841,71.17379605473559,0.7387926507466747,1337371.373954457,-528776.4814299484,81,volume,Baseload / FixedEscalated
Baseload,IndexedWithFloorCap,-126416.24214826885,126416.24214826885,445537.1629812841,67.06622337375093,0.7387926507466747,-29840.64899100204,-96575.59315726682,81,volume,Baseload / IndexedWithFloorCap
Baseload,Floating,0.0,-0.0,445537.1629812841,67.15587489269693,0.7387926507466747,0.0,0.0,81,volume,Baseload / Floating
PayAsProduced,FixedFlat,4747378.937534069,-4747378.937534069,448728.190690323,65.00000000000001,0.7402704112470931,5124575.424084376,-377196.4865503069,82,volume,PayAsProduced / FixedFlat
PayAsProduced,FixedEscalated,6600210.9858450955,-6600210.9858450955,448728.190690323,71.10108921962261,0.7402704112470931,7169877.255551749,-569666.2697066534,82,volume,PayAsProduced / FixedEscalated
PayAsProduced,IndexedWithFloorCap,2892626.8260581912,-2892626.8260581912,448728.190690323,59.030027529625784,0.7402704112470931,3123228.584540611,-230601.7584824199,82,volume,PayAsProduced / IndexedWithFloorCap
PayAsProduced,Floating,0.0,-0.0,448728.190690323,49.71350712447509,0.7402704112470931,0.0,0.0,82,volume,PayAsProduced / Floating
PayAsNominated,FixedFlat,1680599.0875285878,-1680599.0875285878,448728.190690323,65.00000000000001,0.7402704112470931,2000006.5190892566,-319407.43156066886,82,volume,PayAsNominated / FixedFlat
PayAsNominated,FixedEscalated,3533455.028702786,-3533455.028702786,448728.190690323,71.10108921962262,0.7402704112470931,4045308.3505566344,-511853.3218538482,82,volume,PayAsNominated / FixedEscalated
PayAsNominated,IndexedWithFloorCap,580581.3742152676,-580581.3742152676,448728.190690323,61.1527594468192,0.7402704112470931,710274.8226229309,-129693.44840766327,82,volume,PayAsNominated / IndexedWithFloorCap
PayAsNominated,Floating,0.0,-0.0,448728.190690323,59.03402567530288,0.7402704112470931,0.0,0.0,82,volume,PayAsNominated / Floating
Baseload,FixedFlat,-1056044.2316626133,1056044.2316626133,448728.1906903228,65.00000000000004,0.7402704112470931,-722725.8457827163,-333318.38587989705,82,volume,Baseload / FixedFlat
Baseload,FixedEscalated,814386.2134777766,-814386.2134777766,448728.1906903228,71.17379605473565,0.7402704112470931,1346949.8995324576,-532563.686054681,82,volume,Baseload / FixedEscalated
Baseload,IndexedWithFloorCap,-127321.66096646214,127321.66096646214,448728.1906903228,67.06622337375099,0.7402704112470931,-30054.37378366959,-97267.28718279254,82,volume,Baseload / IndexedWithFloorCap
Baseload,Floating,0.0,-0.0,448728.1906903228,67.15587489269697,0.7402704112470931,0.0,0.0,82,volume,Baseload / Floating
PayAsProduced,FixedFlat,4679264.963671485,-4679264.963671485,442384.13607937,65.0,0.740418249869387,5048843.672825313,-369578.7091538282,83,volume,PayAsProduced / FixedFlat
PayAsProduced,FixedEscalated,6505580.084651072,-6505580.084651072,442384.13607937,71.10217252308567,0.740418249869387,7065587.348686674,-560007.2640356021,83,volume,PayAsProduced / FixedEscalated
PayAsProduced,IndexedWithFloorCap,2838652.5771246217,-2838652.5771246217,442384.13607937,59.00200595612724,0.740418249869387,3066530.5687510725,-227877.9916264508,83,volume,PayAsProduced / IndexedWithFloorCap
PayAsProduced,Floating,0.0,-0.0,442384.13607937,49.72343535649818,0.740418249869387,0.0,0.0,83,volume,PayAsProduced / Floating
PayAsNominated,FixedFlat,1669749.810546725,-1669749.810546725,442384.13607937004,65.0,0.740418249869387,1981643.7196763642,-311893.90912963916,83,volume,PayAsNominated / FixedFlat
PayAsNominated,FixedEscalated,3496088.6392132305,-3496088.6392132305,442384.13607937004,71.10217252308566,0.740418249869387,3998387.3955377205,-502298.75632449007,83,volume,PayAsNominated / FixedEscalated
PayAsNominated,IndexedWithFloorCap,567239.8847929141,-567239.8847929141,442384.13607937004,61.10657895836171,0.740418249869387,694883.5971980409,-127643.71240512677,83,volume,PayAsNominated / IndexedWithFloorCap
PayAsNominated,Floating,0.0,-0.0,442384.13607937004,59.00403134940304,0.740418249869387,0.0,0.0,83,volume,PayAsNominated / Floating
Baseload,FixedFlat,-1041114.0302260977,1041114.0302260977,442384.13607936987,65.00000000000001,0.740418249869387,-712508.0517383149,-328605.97848778276,83,volume,Baseload / FixedFlat
Baseload,FixedEscalated,802872.5383401348,-802872.5383401348,442384.13607936987,71.1737960547356,0.740418249869387,1327906.9156100303,-525034.3772698955,83,volume,Baseload / FixedEscalated
Baseload,IndexedWithFloorCap,-125521.60563879067,125521.60563879067,442384.13607936987,67.06622337375096,0.740418249869387,-29629.469370407376,-95892.1362683833,83,volume,Baseload / IndexedWithFloorCap
Baseload,Floating,0.0,-0.0,442384.13607936987,67.15587489269696,0.740418249869387,0.0,0.0,83,volume,Baseload / Floating
PayAsProduced,FixedFlat,4728942.773915263,-4728942.773915263,442273.16766730545,65.00000000000001,0.7377274192482894,5107284.540747949,-378341.76683268603,84,volume,PayAsProduced / FixedFlat
PayAsProduced,FixedEscalated,6566238.906439988,-6566238.906439988,442273.16766730545,71.13832314496558,0.7377274192482894,7135466.972442731,-569228.0660027433,84,volume,PayAsProduced / FixedEscalated
PayAsProduced,IndexedWithFloorCap,2885473.8091393257,-2885473.8091393257,442273.16766730545,58.97024888047946,0.7377274192482894,3114975.72948348,-229501.92034415435,84,volume,PayAsProduced / IndexedWithFloorCap
PayAsProduced,Floating,0.0,-0.0,442273.16766730545,49.54273027195031,0.7377274192482894,0.0,0.0,84,volume,PayAsProduced / Floating
PayAsNominated,FixedFlat,1700984.6036315057,-1700984.6036315057,442273.16766730545,65.0,0.7377274192482894,2018033.7725238388,-317049.16889233305,84,volume,PayAsNominated / FixedFlat
PayAsNominated,FixedEscalated,3538304.441306035,-3538304.441306035,442273.16766730545,71.13832314496558,0.7377274192482894,4046216.204218625,-507911.76291259006,84,volume,PayAsNominated / FixedEscalated
PayAsNominated,IndexedWithFloorCap,588010.0627862465,-588010.0627862465,442273.16766730545,61.05894409708951,0.7377274192482894,715857.2406210189,-127847.17783477239,84,volume,PayAsNominated / IndexedWithFloorCap
PayAsNominated,Floating,0.0,-0.0,442273.16766730545,58.89239191720333,0.7377274192482894,0.0,0.0,84,volume,PayAsNominated / Floating
Baseload,FixedFlat,-1040852.8753579871,1040852.8753579871,442273.16766730545,65.00000000000001,0.7377274192482894,-712329.3249697936,-328523.5503881936,84,volume,Baseload / FixedFlat
Baseload,FixedEscalated,802671.1443854158,-802671.1443854158,442273.16766730545,71.17379605473559,0.7377274192482894,1327573.8211118856,-524902.6767264698,84,volume,Baseload / FixedEscalated
Baseload,IndexedWithFloorCap,-125490.11957922946,125490.11957922946,442273.16766730545,67.06622337375094,0.7377274192482894,-29622.03706237869,-95868.08251685077,84,volume,Baseload / IndexedWithFloorCap
Baseload,Floating,0.0,-0.0,442273.16766730545,67.15587489269694,0.7377274192482894,0.0,0.0,84,volume,Baseload / Floating
PayAsProduced,FixedFlat,4719683.701530292,-4719683.701530292,446474.59974506724,65.0,0.739962383537771,5105738.727430796,-386055.02590050455,85,volume,PayAsProduced / FixedFlat
PayAsProduced,FixedEscalated,6562905.192231977,-6562905.192231977,446474.59974506724,71.09929907610179,0.739962383537771,7140171.591913282,-577266.3996813046,85,volume,PayAsProduced / FixedEscalated
PayAsProduced,IndexedWithFloorCap,2879915.9257929185,-2879915.9257929185,446474.59974506724,59.029507841418344,0.739962383537771,3114269.6564770453,-234353.73068412673,85,volume,PayAsProduced / IndexedWithFloorCap
PayAsProduced,Floating,0.0,-0.0,446474.59974506724,49.692821254164386,0.739962383537771,0.0,0.0,85,volume,PayAsProduced / Floating
PayAsNominated,FixedFlat,1664498.1304479646,-1664498.1304479646,446474.59974506724,65.0,0.739962383537771,1989639.8239079374,-325141.69345997274,85,volume,PayAsNominated / FixedFlat
PayAsNominated,FixedEscalated,3507743.432148358,-3507743.432148358,446474.59974506724,71.0992990761018,0.739962383537771,4024072.6883904277,-516329.2562420699,85,volume,PayAsNominated / FixedEscalated
PayAsNominated,IndexedWithFloorCap,576365.2275729878,-576365.2275729878,446474.59974506724,61.15531747576908,0.739962383537771,707238.6195721871,-130873.39199919929,85,volume,PayAsNominated / IndexedWithFloorCap
PayAsNominated,Floating,0.0,-0.0,446474.59974506724,59.03499198641584,0.739962383537771,0.0,0.0,85,volume,PayAsNominated / Floating
Baseload,FixedFlat,-1050740.5940315493,1050740.5940315493,446474.5997450672,65.0,0.739962383537771,-719096.1910033935,-331644.4030281558,85,volume,Baseload / FixedFlat
Baseload,FixedEscalated,810296.2244048568,-810296.2244048568,446474.5997450672,71.1737960547356,0.739962383537771,1340185.28308919,-529889.0586843332,85,volume,Baseload / FixedEscalated
Baseload,IndexedWithFloorCap,-126682.22946150688,126682.22946150688,446474.5997450672,67.06622337375094,0.739962383537771,-29903.435496244674,-96778.79396526222,85,volume,Baseload / IndexedWithFloorCap
Baseload,Floating,0.0,-0.0,446474.5997450672,67.15587489269694,0.739962383537771,0.0,0.0,85,volume,Baseload / Floating
PayAsProduced,FixedFlat,4804076.974942252,-4804076.974942252,446666.90882637276,65.00000000000001,0.7362328330873379,5191515.715305022,-387438.7403627699,86,volume,PayAsProduced / FixedFlat
PayAsProduced,FixedEscalated,6658099.018846834,-6658099.018846834,446666.90882637276,71.14212071033056,0.7362328330873379,7241114.256981187,-583015.2381343525,86,volume,PayAsProduced / FixedEscalated
PayAsProduced,IndexedWithFloorCap,2922360.6930658864,-2922360.6930658864,446666.90882637276,58.905929322397064,0.7362328330873379,3157951.257237851,-235590.56417196477,86,volume,PayAsProduced / IndexedWithFloorCap
PayAsProduced,Floating,0.0,-0.0,446666.90882637276,49.4423600307091,0.7362328330873379,0.0,0.0,86,volume,PayAsProduced / Floating
PayAsNominated,FixedFlat,1721484.0312280343,-1721484.0312280343,446666.90882637276,65.00000000000001,0.7362328330873379,2045686.3704746764,-324202.3392466421,86,volume,PayAsNominated / FixedFlat
PayAsNominated,FixedEscalated,3575530.122191645,-3575530.122191645,446666.90882637276,71.14212071033056,0.7362328330873379,4095284.9121508403,-519754.78995919507,86,volume,PayAsNominated / FixedEscalated
PayAsNominated,IndexedWithFloorCap,594981.5392740949,-594981.5392740949,446666.90882637276,61.043173642887425,0.7362328330873379,725310.8986016515,-130329.35932755668,86,volume,PayAsNominated / IndexedWithFloorCap
PayAsNominated,Floating,0.0,-0.0,446666.90882637276,58.86960306253055,0.7362328330873379,0.0,0.0,86,volume,PayAsNominated / Floating
Baseload,FixedFlat,-1051193.177355313,1051193.177355313,446666.90882637276,65.00000000000003,0.7362328330873379,-719405.9258190785,-331787.2515362345,86,volume,Baseload / FixedFlat
Baseload,FixedEscalated,810645.2416223858,-810645.2416223858,446666.90882637276,71.17379605473559,0.7362328330873379,1340762.5383254634,-530117.2967030776,86,volume,Baseload / FixedEscalated
Baseload,IndexedWithFloorCap,-126736.79503629966,126736.79503629966,446666.90882637276,67.06622337375093,0.7362328330873379,-29916.315741203023,-96820.47929509664,86,volume,Baseload / IndexedWithFloorCap
Baseload,Floating,0.0,-0.0,446666.90882637276,67.15587489269696,0.7362328330873379,0.0,0.0,86,volume,Baseload / Floating
PayAsProduced,FixedFlat,4703412.082480351,-4703412.082480351,443110.5026604457,65.00000000000001,0.7395072061954205,5077387.1386636235,-373975.05618327204,87,volume,PayAsProduced / FixedFlat
PayAsProduced,FixedEscalated,6538693.451041478,-6538693.451041478,443110.5026604457,71.12425974765527,0.7395072061954205,7104753.904534153,-566060.453492675,87,volume,PayAsProduced / FixedEscalated
PayAsProduced,IndexedWithFloorCap,2869020.4523745803,-2869020.4523745803,443110.5026604457,59.0197396156575,0.7395072061954205,3097689.729664925,-228669.2772903447,87,volume,PayAsProduced / IndexedWithFloorCap
PayAsProduced,Floating,0.0,-0.0,443110.5026604457,49.66225342150751,0.7395072061954205,0.0,0.0,87,volume,PayAsProduced / Floating
PayAsNominated,FixedFlat,1675527.2625586365,-1675527.2625586365,443110.5026604457,65.0,0.7395072061954205,1990913.547320899,-315386.2847622626,87,volume,PayAsNominated / FixedFlat
PayAsNominated,FixedEscalated,3510832.3931317423,-3510832.3931317423,443110.5026604457,71.12425974765526,0.7395072061954205,4018280.313191429,-507447.9200596865,87,volume,PayAsNominated / FixedEscalated
PayAsNominated,IndexedWithFloorCap,578161.0517105861,-578161.0517105861,443110.5026604457,61.11736447211979,0.7395072061954205,705611.068727266,-127450.01701667998,87,volume,PayAsNominated / IndexedWithFloorCap
PayAsNominated,Floating,0.0,-0.0,443110.5026604457,58.98585795911307,0.7395072061954205,0.0,0.0,87,volume,PayAsNominated / Floating
Baseload,FixedFlat,-1042823.4731671299,1042823.4731671299,443110.5026604456,64.99999999999999,0.7395072061954205,-713677.9445878258,-329145.5285793041,87,volume,Baseload / FixedFlat
Baseload,FixedEscalated,804190.8039223545,-804190.8039223545,443110.5026604456,71.1737960547356,0.7395072061954205,1330087.2542063117,-525896.4502839572,87,volume,Baseload / FixedEscalated
Baseload,IndexedWithFloorCap,-125727.70412221947,125727.70412221947,443110.5026604456,67.06622337375096,0.7395072061954205,-29678.119072357564,-96049.5850498619,87,volume,Baseload / IndexedWithFloorCap
Baseload,Floating,0.0,-0.0,443110.5026604456,67.15587489269697,0.7395072061954205,0.0,0.0,87,volume,Baseload / Floating
PayAsProduced,FixedFlat,4729271.614593953,-4729271.614593953,445248.5775881305,65.00000000000001,0.7395827084353868,5100199.692725778,-370928.07813182473,88,volume,PayAsProduced / FixedFlat
PayAsProduced,FixedEscalated,6577888.497892352,-6577888.497892352,445248.5775881305,71.13580458839526,0.7395827084353868,7141189.0380167235,-563300.5401243716,88,volume,PayAsProduced / FixedEscalated
PayAsProduced,IndexedWithFloorCap,2869809.855096064,-2869809.855096064,445248.5775881305,58.979204676904885,0.7395827084353868,3097466.5665998342,-227656.7115037702,88,volume,PayAsProduced / IndexedWithFloorCap
PayAsProduced,Floating,0.0,-0.0,445248.5775881305,49.66732384048882,0.7395827084353868,0.0,0.0,88,volume,PayAsProduced / Floating
PayAsNominated,FixedFlat,1685185.6852819184,-1685185.6852819184,445248.57758813055,65.0,0.7395827084353868,1999077.420983142,-313891.7357012236,88,volume,PayAsNominated / FixedFlat
PayAsNominated,FixedEscalated,3533826.421520543,-3533826.421520543,445248.57758813055,71.13580458839526,0.7395827084353868,4040066.766274093,-506240.34475355037,88,volume,PayAsNominated / FixedEscalated
PayAsNominated,IndexedWithFloorCap,578549.9426994392,-578549.9426994392,445248.57758813055,61.11077222947831,0.7395827084353868,705380.3472436242,-126830.40454418492,88,volume,PayAsNominated / IndexedWithFloorCap
PayAsNominated,Floating,0.0,-0.0,445248.57758813055,58.99019478444305,0.7395827084353868,0.0,0.0,88,volume,PayAsNominated / Floating
Baseload,FixedFlat,-1047855.253521225,1047855.253521225,445248.5775881305,64.99999999999997,0.7395827084353868,-717121.5481824222,-330733.70533880277,88,volume,Baseload / FixedFlat
Baseload,FixedEscalated,808071.1456985429,-808071.1456985429,445248.5775881305,71.17379605473559,0.7395827084353868,1336505.125578751,-528433.9798802081,88,volume,Baseload / FixedEscalated
Baseload,IndexedWithFloorCap,-126334.35923484984,126334.35923484984,445248.5775881305,67.06622337375094,0.7395827084353868,-29821.3204677397,-96513.03876711013,88,volume,Baseload / IndexedWithFloorCap
Baseload,Floating,0.0,-0.0,445248.5775881305,67.15587489269696,0.7395827084353868,0.0,0.0,88,volume,Baseload / Floating
PayAsProduced,FixedFlat,4735628.425912697,-4735628.425912697,449915.7214552873,65.0,0.7410542674380837,5120443.6053791875,-384815.17946649063,89,volume,PayAsProduced / FixedFlat
PayAsProduced,FixedEscalated,6596251.566357041,-6596251.566357041,449915.7214552873,71.10729101980053,0.7410542674380837,7173242.764567039,-576991.1982099982,89,volume,PayAsProduced / FixedEscalated
PayAsProduced,IndexedWithFloorCap,2890673.1502950806,-2890673.1502950806,449915.7214552873,59.05320565645794,0.7410542674380837,3121591.022669787,-230917.87237470644,89,volume,PayAsProduced / IndexedWithFloorCap
PayAsProduced,Floating,0.0,-0.0,449915.7214552873,49.76614767277112,0.7410542674380837,0.0,0.0,89,volume,PayAsProduced / Floating
PayAsNominated,FixedFlat,1667977.884520722,-1667977.884520722,449915.72145528725,65.0,0.7410542674380837,1992706.600129415,-324728.71560869296,89,volume,PayAsNominated / FixedFlat
PayAsNominated,FixedEscalated,3528625.0045880037,-3528625.0045880037,449915.72145528725,71.10729101980057,0.7410542674380837,4045505.7593172817,-516880.7547292779,89,volume,PayAsNominated / FixedEscalated
PayAsNominated,IndexedWithFloorCap,576662.8978714294,-576662.8978714294,449915.72145528725,61.172002547365544,0.7410542674380837,706029.7532812188,-129366.85540978936,89,volume,PayAsNominated / IndexedWithFloorCap
PayAsNominated,Floating,0.0,-0.0,449915.72145528725,59.071490593905715,0.7410542674380837,0.0,0.0,89,volume,PayAsNominated / Floating
Baseload,FixedFlat,-1058838.9859042251,1058838.9859042251,449915.7214552871,65.00000000000007,0.7410542674380837,-724638.4940056449,-334200.4918985802,89,volume,Baseload / FixedFlat
Baseload,FixedEscalated,816541.435064323,-816541.435064323,449915.7214552871,71.17379605473563,0.7410542674380837,1350514.5172180394,-533973.0821537164,89,volume,Baseload / FixedEscalated
Baseload,IndexedWithFloorCap,-127658.60968637967,127658.60968637967,449915.7214552871,67.06622337375099,0.7410542674380837,-30133.91078231285,-97524.69890406681,89,volume,Baseload / IndexedWithFloorCap
Baseload,Floating,0.0,-0.0,449915.7214552871,67.155874892697,0.7410542674380837,0.0,0.0,89,volume,Baseload / Floating
PayAsProduced,FixedFlat,4680001.05299516,-4680001.05299516,444216.07012433984,65.00000000000001,0.7400951068791128,5076952.955393446,-396951.90239828546,90,volume,PayAsProduced / FixedFlat
PayAsProduced,FixedEscalated,6528816.71841931,-6528816.71841931,444216.07012433984,71.15020653741001,0.7400951068791128,7117988.853553225,-589172.1351339156,90,volume,PayAsProduced / FixedEscalated
PayAsProduced,IndexedWithFloorCap,2847620.583847952,-2847620.583847952,444216.07012433984,59.003192430154655,0.7400951068791128,3086824.7458837335,-239204.16203578142,90,volume,PayAsProduced / IndexedWithFloorCap
PayAsProduced,Floating,0.0,-0.0,444216.07012433984,49.70173440627089,0.7400951068791128,0.0,0.0,90,volume,PayAsProduced / Floating
PayAsNominated,FixedFlat,1677126.999721734,-1677126.999721734,444216.0701243398,65.00000000000001,0.7400951068791128,2005431.8994365076,-328304.8997147735,90,volume,PayAsNominated / FixedFlat
PayAsNominated,FixedEscalated,3525966.6220868654,-3525966.6220868654,444216.0701243398,71.15020653741003,0.7400951068791128,4046467.797596292,-520501.17550942674,90,volume,PayAsNominated / FixedEscalated
PayAsNominated,IndexedWithFloorCap,574850.0258563375,-574850.0258563375,444216.0701243398,61.08654086816365,0.7400951068791128,706693.3082244225,-131843.282368085,90,volume,PayAsNominated / IndexedWithFloorCap
PayAsNominated,Floating,0.0,-0.0,444216.0701243398,58.9570781732133,0.7400951068791128,0.0,0.0,90,volume,PayAsNominated / Floating
Baseload,FixedFlat,-1045425.3336412024,1045425.3336412024,444216.07012433995,64.99999999999999,0.7400951068791128,-715458.5819468858,-329966.7516943166,90,volume,Baseload / FixedFlat
Baseload,FixedEscalated,806197.2722462637,-806197.2722462637,444216.07012433995,71.17379605473556,0.7400951068791128,1333405.8421963549,-527208.5699500912,90,volume,Baseload / FixedEscalated
Baseload,IndexedWithFloorCap,-126041.39666201067,126041.39666201067,444216.07012433995,67.06622337375093,0.7400951068791128,-29752.16643218518,-96289.23022982548,90,volume,Baseload / IndexedWithFloorCap
Baseload,Floating,0.0,-0.0,444216.07012433995,67.15587489269693,0.7400951068791128,0.0,0.0,90,volume,Baseload / Floating
PayAsProduced,FixedFlat,4670105.765882144,-4670105.765882144,446832.8919879904,64.99999999999999,0.7421614924823455,5060536.535271122,-390430.76938897837,91,volume,PayAsProduced / FixedFlat
PayAsProduced,FixedEscalated,6521136.624944313,-6521136.624944313,446832.8919879904,71.1281291881553,0.7421614924823455,7106226.07162959,-585089.4466852769,91,volume,PayAsProduced / FixedEscalated
PayAsProduced,IndexedWithFloorCap,2861135.4688914954,-2861135.4688914954,446832.8919879904,59.1143044657952,0.7421614924823455,3095776.1004247945,-234640.6315332991,91,volume,PayAsProduced / IndexedWithFloorCap
PayAsProduced,Floating,0.0,-0.0,446832.8919879904,49.84050433932164,0.7421614924823455,0.0,0.0,91,volume,PayAsProduced / Floating
PayAsNominated,FixedFlat,1644810.7911527571,-1644810.7911527571,446832.8919879904,65.0,0.7421614924823455,1972343.6868726772,-327532.89571992005,91,volume,PayAsNominated / FixedFlat
PayAsNominated,FixedEscalated,3495865.6033137785,-3495865.6033137785,446832.8919879904,71.12812918815531,0.7421614924823455,4018033.223231147,-522167.6199173685,91,volume,PayAsNominated / FixedEscalated
PayAsNominated,IndexedWithFloorCap,571662.0197622112,-571662.0197622112,446832.8919879904,61.19533896843192,0.7421614924823455,702273.3240100225,-130611.3042478112,91,volume,PayAsNominated / IndexedWithFloorCap
PayAsNominated,Floating,0.0,-0.0,446832.8919879904,59.09158784762913,0.7421614924823455,0.0,0.0,91,volume,PayAsNominated / Floating
Baseload,FixedFlat,-1051583.8048309567,1051583.8048309567,446832.8919879906,65.00000000000001,0.7421614924823455,-719673.2598608271,-331910.5449701296,91,volume,Baseload / FixedFlat
Baseload,FixedEscalated,810946.4805489685,-810946.4805489685,446832.8919879906,71.17379605473558,0.7421614924823455,1341260.7709025685,-530314.2903535999,91,volume,Baseload / FixedEscalated
Baseload,IndexedWithFloorCap,-126783.89092255791,126783.89092255791,446832.8919879906,67.06622337375092,0.7421614924823455,-29927.43276055333,-96856.45816200458,91,volume,Baseload / IndexedWithFloorCap
Baseload,Floating,0.0,-0.0,446832.8919879906,67.15587489269693,0.7421614924823455,0.0,0.0,91,volume,Baseload / Floating
PayAsProduced,FixedFlat,4664176.110595103,-4664176.110595103,443089.168492009,64.99999999999999,0.7406890121372942,5050870.9920251025,-386694.88142999914,92,volume,PayAsProduced / FixedFlat
PayAsProduced,FixedEscalated,6499023.78550578,-6499023.78550578,443089.168492009,71.11337098825922,0.7406890121372942,7074535.720700303,-575511.9351945231,92,volume,PayAsProduced / FixedEscalated
PayAsProduced,IndexedWithFloorCap,2860967.847943386,-2860967.847943386,443089.168492009,59.093701682493666,0.7406890121372942,3095752.023271886,-234784.1753285001,92,volume,PayAsProduced / IndexedWithFloorCap
PayAsProduced,Floating,0.0,-0.0,443089.168492009,49.74161863348742,0.7406890121372942,0.0,0.0,92,volume,PayAsProduced / Floating
PayAsNominated,FixedFlat,1651805.0527401655,-1651805.0527401655,443089.16849200893,65.0,0.7406890121372942,1972124.6938113503,-320319.6410711848,92,volume,PayAsNominated / FixedFlat
PayAsNominated,FixedEscalated,3486676.4996859794,-3486676.4996859794,443089.16849200893,71.11337098825923,0.7406890121372942,3995789.422486551,-509112.92280057166,92,volume,PayAsNominated / FixedEscalated
PayAsNominated,IndexedWithFloorCap,575455.5771212644,-575455.5771212644,443089.16849200893,61.171553456871024,0.7406890121372942,704821.8833279501,-129366.30620668572,92,volume,PayAsNominated / IndexedWithFloorCap
PayAsNominated,Floating,0.0,-0.0,443089.16849200893,59.04232839682458,0.7406890121372942,0.0,0.0,92,volume,PayAsNominated / Floating
Baseload,FixedFlat,-1042773.2649876965,1042773.2649876965,443089.1684920091,64.99999999999999,0.7406890121372942,-713643.5835754103,-329129.68141228624,92,volume,Baseload / FixedFlat
Baseload,FixedEscalated,804152.0850430615,-804152.0850430615,443089.1684920091,71.17379605473556,0.7406890121372942,1330023.2153145494,-525871.1302714879,92,volume,Baseload / FixedEscalated
Baseload,IndexedWithFloorCap,-125721.6507878915,125721.6507878915,443089.1684920091,67.06622337375093,0.7406890121372942,-29676.690178238907,-96044.9606096526,92,volume,Baseload / IndexedWithFloorCap
Baseload,Floating,0.0,-0.0,443089.1684920091,67.15587489269694,0.7406890121372942,0.0,0.0,92,volume,Baseload / Floating
PayAsProduced,FixedFlat,4682863.77524724,-4682863.77524724,443170.53535322193,65.0,0.7400738112425135,5065477.012372738,-382613.2371254973,93,volume,PayAsProduced / FixedFlat
PayAsProduced,FixedEscalated,6519244.870535435,-6519244.870535435,443170.53535322193,71.12766154048688,0.7400738112425135,7094244.723789683,-574999.8532542475,93,volume,PayAsProduced / FixedEscalated
PayAsProduced,IndexedWithFloorCap,2855450.1391936205,-2855450.1391936205,443170.53535322193,59.032173975076624,0.7400738112425135,3089628.2050059596,-234178.06581233907,93,volume,PayAsProduced / IndexedWithFloorCap
PayAsProduced,Floating,0.0,-0.0,443170.53535322193,49.70030427916363,0.7400738112425135,0.0,0.0,93,volume,PayAsProduced / Floating
PayAsNominated,FixedFlat,1661026.4419888663,-1661026.4419888663,443170.5353532218,65.00000000000001,0.7400738112425135,1980690.7265962672,-319664.2846074009,93,volume,PayAsNominated / FixedFlat
PayAsNominated,FixedEscalated,3497431.2507165996,-3497431.2507165996,443170.5353532218,71.12766154048688,0.7400738112425135,4009458.438013207,-512027.18729660753,93,volume,PayAsNominated / FixedEscalated
PayAsNominated,IndexedWithFloorCap,572184.3440627721,-572184.3440627721,443170.5353532218,61.13768832371213,0.7400738112425135,701943.0071752457,-129758.66311247356,93,volume,PayAsNominated / IndexedWithFloorCap
PayAsNominated,Floating,0.0,-0.0,443170.5353532218,59.017549510147646,0.7400738112425135,0.0,0.0,93,volume,PayAsNominated / Floating
Baseload,FixedFlat,-1042964.7550839628,1042964.7550839628,443170.53535322193,64.99999999999999,0.7400738112425135,-713774.6338076192,-329190.1212763436,93,volume,Baseload / FixedFlat
Baseload,FixedEscalated,804299.755841065,-804299.755841065,443170.53535322193,71.17379605473558,0.7400738112425135,1330267.4546732788,-525967.6988322139,93,volume,Baseload / FixedEscalated
Baseload,IndexedWithFloorCap,-125744.73773480552,125744.73773480552,443170.53535322193,67.06622337375094,0.7400738112425135,-29682.13986940857,-96062.59786539695,93,volume,Baseload / IndexedWithFloorCap
Baseload,Floating,0.0,-0.0,443170.53535322193,67.15587489269694,0.7400738112425135,0.0,0.0,93,volume,Baseload / Floating
PayAsProduced,FixedFlat,4753151.678598593,-4753151.678598593,450319.98922736244,64.99999999999999,0.7401447802236603,5145592.485005986,-392440.80640739296,94,volume,PayAsProduced / FixedFlat
PayAsProduced,FixedEscalated,6623378.506556033,-6623378.506556033,450319.98922736244,71.1398400952629,0.7401447802236603,7211186.482294769,-587807.9757387359,94,volume,PayAsProduced / FixedEscalated
PayAsProduced,IndexedWithFloorCap,2909886.5564920558,-2909886.5564920558,450319.98922736244,59.05384900036263,0.7401447802236603,3145160.287871108,-235273.73137905216,94,volume,PayAsProduced / IndexedWithFloorCap
PayAsProduced,Floating,0.0,-0.0,450319.98922736244,49.7050702631828,0.7401447802236603,0.0,0.0,94,volume,PayAsProduced / Floating
PayAsNominated,FixedFlat,1677234.9345663344,-1677234.9345663344,450319.9892273624,65.00000000000001,0.7401447802236603,2004519.0379260702,-327284.1033597358,94,volume,PayAsNominated / FixedFlat
PayAsNominated,FixedEscalated,3547485.9256150024,-3547485.9256150024,450319.9892273624,71.1398400952629,0.7401447802236603,4070113.0352148428,-522627.10959984036,94,volume,PayAsNominated / FixedEscalated
PayAsNominated,IndexedWithFloorCap,584309.3224604311,-584309.3224604311,450319.9892273624,61.16530299899902,0.7401447802236603,714432.1653379373,-130122.84287750616,94,volume,PayAsNominated / IndexedWithFloorCap
PayAsNominated,Floating,0.0,-0.0,450319.9892273624,59.04170113927009,0.7401447802236603,0.0,0.0,94,volume,PayAsNominated / Floating
Baseload,FixedFlat,-1059790.3962626653,1059790.3962626653,450319.9892273625,65.00000000000003,0.7401447802236603,-725289.611482896,-334500.78477976925,94,volume,Baseload / FixedFlat
Baseload,FixedEscalated,817275.1311123134,-817275.1311123134,450319.9892273625,71.17379605473558,0.7401447802236603,1351728.01003235,-534452.8789200366,94,volume,Baseload / FixedEscalated
Baseload,IndexedWithFloorCap,-127773.31619531686,127773.31619531686,450319.9892273625,67.06622337375093,0.7401447802236603,-30160.987339976764,-97612.32885534009,94,volume,Baseload / IndexedWithFloorCap
Baseload,Floating,0.0,-0.0,450319.9892273625,67.15587489269694,0.7401447802236603,0.0,0.0,94,volume,Baseload / Floating
PayAsProduced,FixedFlat,4709937.81232962,-4709937.81232962,445789.3320565802,65.00000000000001,0.7399439644143682,5098314.1829456445,-388376.37061602436,95,volume,PayAsProduced / FixedFlat
PayAsProduced,FixedEscalated,6561228.882596578,-6561228.882596578,445789.3320565802,71.1344572556361,0.7399439644143682,7141333.594470801,-580104.7118742224,95,volume,PayAsProduced / FixedEscalated
PayAsProduced,IndexedWithFloorCap,2894741.548330726,-2894741.548330726,445789.3320565802,59.08360934208147,0.7399439644143682,3127919.6628455375,-233178.11451481143,95,volume,PayAsProduced / IndexedWithFloorCap
PayAsProduced,Floating,0.0,-0.0,445789.3320565802,49.691584301817535,0.7399439644143682,0.0,0.0,95,volume,PayAsProduced / Floating
PayAsNominated,FixedFlat,1673446.2981302042,-1673446.2981302042,445789.33205658034,65.0,0.7399439644143682,2000292.6355288748,-326846.3373986706,95,volume,PayAsNominated / FixedFlat
PayAsNominated,FixedEscalated,3524761.3272528825,-3524761.3272528825,445789.33205658034,71.1344572556361,0.7399439644143682,4043312.0470540365,-518550.719801154,95,volume,PayAsNominated / FixedEscalated
PayAsNominated,IndexedWithFloorCap,589539.7250839316,-589539.7250839316,445789.33205658034,61.1551339134461,0.7399439644143682,719798.5800315584,-130258.85494762682,95,volume,PayAsNominated / IndexedWithFloorCap
PayAsNominated,Floating,0.0,-0.0,445789.33205658034,58.993835985016325,0.7399439644143682,0.0,0.0,95,volume,PayAsNominated / Floating
Baseload,FixedFlat,-1049127.8738936451,1049127.8738936451,445789.3320565801,65.00000000000004,0.7399439644143682,-717992.4924169692,-331135.381476676,95,volume,Baseload / FixedFlat
Baseload,FixedEscalated,809052.5482337938,-809052.5482337938,445789.3320565801,71.1737960547356,0.7399439644143682,1338128.3112667988,-529075.763033005,95,volume,Baseload / FixedEscalated
Baseload,IndexedWithFloorCap,-126487.79233427715,126487.79233427715,445789.3320565801,67.06622337375094,0.7399439644143682,-29857.538466201036,-96630.25386807612,95,volume,Baseload / IndexedWithFloorCap
Baseload,Floating,0.0,-0.0,445789.3320565801,67.15587489269696,0.7399439644143682,0.0,0.0,95,volume,Baseload / Floating
PayAsProduced,FixedFlat,4709073.188676812,-4709073.188676812,442762.5541457369,65.0,0.7383934599183243,5098140.630180697,-389067.4415038852,96,volume,PayAsProduced / FixedFlat
PayAsProduced,FixedEscalated,6546884.8995739985,-6546884.8995739985,442762.5541457369,71.13448518556615,0.7383934599183243,7127297.781887775,-580412.8823137768,96,volume,PayAsProduced / FixedEscalated
PayAsProduced,IndexedWithFloorCap,2873810.5810100753,-2873810.5810100753,442762.5541457369,58.98643608433207,0.7383934599183243,3108981.6612363374,-235171.0802262621,96,volume,PayAsProduced / IndexedWithFloorCap
PayAsProduced,Floating,0.0,-0.0,442762.5541457369,49.5874588158606,0.7383934599183243,0.0,0.0,96,volume,PayAsProduced / Floating
PayAsNominated,FixedFlat,1679913.304123661,-1679913.304123661,442762.55414573685,65.00000000000001,0.7383934599183243,2003974.3760349723,-324061.07191131124,96,volume,PayAsNominated / FixedFlat
PayAsNominated,FixedEscalated,3517748.859581803,-3517748.859581803,442762.55414573685,71.13448518556615,0.7383934599183243,4033131.527742046,-515382.66816024296,96,volume,PayAsNominated / FixedEscalated
PayAsNominated,IndexedWithFloorCap,579904.9416523753,-579904.9416523753,442762.55414573685,61.088968351802365,0.7383934599183243,710288.3372837736,-130383.3956313983,96,volume,PayAsNominated / IndexedWithFloorCap
PayAsNominated,Floating,0.0,-0.0,442762.55414573685,58.941646603517825,0.7383934599183243,0.0,0.0,96,volume,PayAsNominated / Floating
Baseload,FixedFlat,-1042004.6054661537,1042004.6054661537,442762.55414573685,65.0,0.7383934599183243,-713117.5354363547,-328887.070029799,96,volume,Baseload / FixedFlat
Baseload,FixedEscalated,803559.3203667016,-803559.3203667016,442762.55414573685,71.1737960547356,0.7383934599183243,1329042.815219302,-525483.4948526004,96,volume,Baseload / FixedEscalated
Baseload,IndexedWithFloorCap,-125628.9775796429,125628.9775796429,442762.55414573685,67.06622337375093,0.7383934599183243,-29654.814597770543,-95974.16298187236,96,volume,Baseload / IndexedWithFloorCap
Baseload,Floating,0.0,-0.0,442762.55414573685,67.15587489269696,0.7383934599183243,0.0,0.0,96,volume,Baseload / Floating
PayAsProduced,FixedFlat,4634428.81220507,-4634428.81220507,443371.9376063863,65.0,0.742927805349509,5004293.934766749,-369865.1225616792,97,volume,PayAsProduced / FixedFlat
PayAsProduced,FixedEscalated,6463606.607926451,-6463606.607926451,443371.9376063863,71.094823798003,0.742927805349509,7023106.659218509,-559500.0512920581,97,volume,PayAsProduced / FixedEscalated
PayAsProduced,IndexedWithFloorCap,2835474.0009185807,-2835474.0009185807,443371.9376063863,59.13455222534043,0.742927805349509,3061458.342707496,-225984.34178891545,97,volume,PayAsProduced / IndexedWithFloorCap
PayAsProduced,Floating,0.0,-0.0,443371.9376063863,49.891966750357525,0.742927805349509,0.0,0.0,97,volume,PayAsProduced / Floating
PayAsNominated,FixedFlat,1627423.0471227006,-1627423.0471227006,443371.9376063863,65.0,0.742927805349509,1942863.716122563,-315440.6689998624,97,volume,PayAsNominated / FixedFlat
PayAsNominated,FixedEscalated,3456624.554527592,-3456624.554527592,443371.9376063863,71.094823798003,0.742927805349509,3961676.4405743224,-505051.88604673045,97,volume,PayAsNominated / FixedEscalated
PayAsNominated,IndexedWithFloorCap,567127.5540528834,-567127.5540528834,443371.9376063863,61.23213420454942,0.742927805349509,694818.5446814259,-127690.9906285425,97,volume,PayAsNominated / IndexedWithFloorCap
PayAsNominated,Floating,0.0,-0.0,443371.9376063863,59.13446731840068,0.742927805349509,0.0,0.0,97,volume,PayAsNominated / Floating
Baseload,FixedFlat,-1043438.7384264639,1043438.7384264639,443371.9376063863,64.99999999999999,0.742927805349509,-714099.014171458,-329339.72425500595,97,volume,Baseload / FixedFlat
Baseload,FixedEscalated,804665.2760418083,-804665.2760418083,443371.9376063863,71.1737960547356,0.742927805349509,1330872.0049339884,-526206.7288921801,97,volume,Baseload / FixedEscalated
Baseload,IndexedWithFloorCap,-125801.88339653856,125801.88339653856,443371.9376063863,67.06622337375094,0.742927805349509,-29695.629145819228,-96106.25425071933,97,volume,Baseload / IndexedWithFloorCap
Baseload,Floating,0.0,-0.0,443371.9376063863,67.15587489269694,0.742927805349509,0.0,0.0,97,volume,Baseload / Floating
PayAsProduced,FixedFlat,4813834.946296799,-4813834.946296799,451122.9801928588,64.99999999999999,0.7383394433547986,5195628.401225992,-381793.45492919255,98,volume,PayAsProduced / FixedFlat
PayAsProduced,FixedEscalated,6682158.27562259,-6682158.27562259,451122.9801928588,71.11460978088847,0.7383394433547986,7256402.4385340605,-574244.16291147,98,volume,PayAsProduced / FixedEscalated
PayAsProduced,IndexedWithFloorCap,2930406.9490131317,-2930406.9490131317,451122.9801928588,58.96591276132081,0.7383394433547986,3161992.443100284,-231585.49408715218,98,volume,PayAsProduced / IndexedWithFloorCap
PayAsProduced,Floating,0.0,-0.0,451122.9801928588,49.583831286278354,0.7383394433547986,0.0,0.0,98,volume,PayAsProduced / Floating
PayAsNominated,FixedFlat,1728678.5485644068,-1728678.5485644068,451122.9801928588,64.99999999999999,0.7383394433547986,2050283.5245368571,-321604.97597245034,98,volume,PayAsNominated / FixedFlat
PayAsNominated,FixedEscalated,3597026.0818209373,-3597026.0818209373,451122.9801928588,71.11460978088847,0.7383394433547986,4111057.561844926,-514031.4800239885,98,volume,PayAsNominated / FixedEscalated
PayAsNominated,IndexedWithFloorCap,596142.3329743916,-596142.3329743916,451122.9801928588,61.07011864589805,0.7383394433547986,725816.7548752981,-129674.42190090648,98,volume,PayAsNominated / IndexedWithFloorCap
PayAsNominated,Floating,0.0,-0.0,451122.9801928588,58.916517063120644,0.7383394433547986,0.0,0.0,98,volume,PayAsNominated / Floating
Baseload,FixedFlat,-1061680.1682778469,1061680.1682778469,451122.9801928589,64.99999999999997,0.7383394433547986,-726582.9162868753,-335097.2519909716,98,volume,Baseload / FixedFlat
Baseload,FixedEscalated,818732.4604832211,-818732.4604832211,451122.9801928589,71.17379605473558,0.7383394433547986,1354138.352468467,-535405.891985246,98,volume,Baseload / FixedEscalated
Baseload,IndexedWithFloorCap,-128001.15600032388,128001.15600032388,451122.9801928589,67.06622337375093,0.7383394433547986,-30214.769097219763,-97786.38690310412,98,volume,Baseload / IndexedWithFloorCap
Baseload,Floating,0.0,-0.0,451122.9801928589,67.15587489269693,0.7383394433547986,0.0,0.0,98,volume,Baseload / Floating
PayAsProduced,FixedFlat,4767299.789857332,-4767299.789857332,444812.8090174457,65.00000000000001,0.7369654771427543,5153615.780227783,-386315.9903704515,99,volume,PayAsProduced / FixedFlat
PayAsProduced,FixedEscalated,6609999.1176584475,-6609999.1176584475,444812.8090174457,71.12340417158364,0.7369654771427543,7188486.80414069,-578487.6864822423,99,volume,PayAsProduced / FixedEscalated
PayAsProduced,IndexedWithFloorCap,2907517.6403993336,-2907517.6403993336,444812.8090174457,58.95109986534091,0.7369654771427543,3143503.2242608266,-235985.58386149304,99,volume,PayAsProduced / IndexedWithFloorCap
PayAsProduced,Floating,0.0,-0.0,444812.8090174457,49.49156138323551,0.7369654771427543,0.0,0.0,99,volume,PayAsProduced / Floating
PayAsNominated,FixedFlat,1712770.1154254205,-1712770.1154254205,444812.8090174458,64.99999999999999,0.7369654771427543,2032657.7493241336,-319887.63389871316,99,volume,PayAsNominated / FixedFlat
PayAsNominated,FixedEscalated,3555493.255834352,-3555493.255834352,444812.8090174458,71.12340417158363,0.7369654771427543,4067528.773237045,-512035.5174026927,99,volume,PayAsNominated / FixedEscalated
PayAsNominated,IndexedWithFloorCap,591765.9596563046,-591765.9596563046,444812.8090174458,61.05425980923297,0.7369654771427543,721447.1617003025,-129681.20204399794,99,volume,PayAsNominated / IndexedWithFloorCap
PayAsNominated,Floating,0.0,-0.0,444812.8090174458,58.88325609075755,0.7369654771427543,0.0,0.0,99,volume,PayAsNominated / Floating
Baseload,FixedFlat,-1046829.7086703351,1046829.7086703351,444812.8090174456,64.99999999999999,0.7369654771427543,-716419.6952225508,-330410.01344778435,99,volume,Baseload / FixedFlat
Baseload,FixedEscalated,807280.2795938603,-807280.2795938603,444812.8090174456,71.17379605473562,0.7369654771427543,1335197.0766424935,-527916.7970486332,99,volume,Baseload / FixedEscalated
Baseload,IndexedWithFloorCap,-126210.71472272053,126210.71472272053,444812.8090174456,67.06622337375097,0.7369654771427543,-29792.134087698556,-96418.58063502196,99,volume,Baseload / IndexedWithFloorCap
Baseload,Floating,0.0,-0.0,444812.8090174456,67.15587489269697,0.7369654771427543,0.0,0.0,99,volume,Baseload / Floating
PayAsProduced,FixedFlat,4690931.666342306,-4690931.666342306,442442.2365694678,65.0,0.7395875836098609,5067945.612635438,-377013.9462931324,100,volume,PayAsProduced / FixedFlat
PayAsProduced,FixedEscalated,6524964.747314433,-6524964.747314433,442442.2365694678,71.1290338252259,0.7395875836098609,7093832.876522875,-568868.1292084428,100,volume,PayAsProduced / FixedEscalated
PayAsProduced,IndexedWithFloorCap,2860175.9931583335,-2860175.9931583335,442442.2365694678,59.01351780794785,0.7395875836098609,3089177.282388805,-229001.28923047148,100,volume,PayAsProduced / IndexedWithFloorCap
PayAsProduced,Floating,0.0,-0.0,442442.2365694678,49.66765123709585,0.7395875836098609,0.0,0.0,100,volume,PayAsProduced / Floating
PayAsNominated,FixedFlat,1665933.7248275937,-1665933.7248275937,442442.2365694679,64.99999999999999,0.7395875836098609,1982932.993152242,-316999.26832464826,100,volume,PayAsNominated / FixedFlat
PayAsNominated,FixedEscalated,3499990.443752491,-3499990.443752491,442442.2365694679,71.12903382522587,0.7395875836098609,4008820.2570396746,-508829.81328718364,100,volume,PayAsNominated / FixedEscalated
PayAsNominated,IndexedWithFloorCap,574069.6640649794,-574069.6640649794,442442.2365694679,61.12467591324919,0.7395875836098609,701985.6310294233,-127915.96696444391,100,volume,PayAsNominated / IndexedWithFloorCap
PayAsNominated,Floating,0.0,-0.0,442442.2365694679,59.00091821256356,0.7395875836098609,0.0,0.0,100,volume,PayAsNominated / Floating
Baseload,FixedFlat,-1041250.7648656808,1041250.7648656808,442442.2365694678,65.00000000000001,0.7395875836098609,-712601.6289343002,-328649.1359313807,100,volume,Baseload / FixedFlat
Baseload,FixedEscalated,802977.9835497596,-802977.9835497596,442442.2365694678,71.17379605473559,0.7395875836098609,1328081.316173498,-525103.3326237384,100,volume,Baseload / FixedEscalated
Baseload,IndexedWithFloorCap,-125538.09101023752,125538.09101023752,442442.2365694678,67.06622337375094,0.7395875836098609,-29633.360754730107,-95904.73025550741,100,volume,Baseload / IndexedWithFloorCap
Baseload,Floating,0.0,-0.0,442442.2365694678,67.15587489269694,0.7395875836098609,0.0,0.0,100,volume,Baseload / Floating
PayAsProduced,FixedFlat,4629651.971680982,-4629651.971680982,444351.10462041764,65.0,0.7430289922613627,5013089.8895516535,-383437.9178706715,101,volume,PayAsProduced / FixedFlat
PayAsProduced,FixedEscalated,6469870.154608877,-6469870.154608877,444351.10462041764,71.11670571577696,0.7430289922613627,7043625.112851155,-573754.9582422776,101,volume,PayAsProduced / FixedEscalated
PayAsProduced,IndexedWithFloorCap,2835716.472236149,-2835716.472236149,444351.10462041764,59.13576625406918,0.7430289922613627,3066366.6479772343,-230650.17574108532,101,volume,PayAsProduced / IndexedWithFloorCap
PayAsProduced,Floating,0.0,-0.0,444351.10462041764,49.898762045950754,0.7430289922613627,0.0,0.0,101,volume,PayAsProduced / Floating
PayAsNominated,FixedFlat,1623577.8192579509,-1623577.8192579509,444351.1046204177,65.0,0.7430289922613627,1945576.8189476724,-321998.9996897215,101,volume,PayAsNominated / FixedFlat
PayAsNominated,FixedEscalated,3463819.7063688925,-3463819.7063688925,444351.1046204177,71.11670571577696,0.7430289922613627,3976112.042247174,-512292.3358782814,101,volume,PayAsNominated / FixedEscalated
PayAsNominated,IndexedWithFloorCap,560881.4635410235,-560881.4635410235,444351.1046204177,61.216841303856256,0.7430289922613627,689698.6804853712,-128817.2169443476,101,volume,PayAsNominated / IndexedWithFloorCap
PayAsNominated,Floating,0.0,-0.0,444351.1046204177,59.13921969321826,0.7430289922613627,0.0,0.0,101,volume,PayAsNominated / Floating
Baseload,FixedFlat,-1045743.1260233549,1045743.1260233549,444351.1046204178,64.99999999999996,0.7430289922613627,-715676.0697767449,-330067.05624661,101,volume,Baseload / FixedFlat
Baseload,FixedEscalated,806442.3431694442,-806442.3431694442,444351.1046204178,71.17379605473556,0.7430289922613627,1333811.1759924062,-527368.832822962,101,volume,Baseload / FixedEscalated
Baseload,IndexedWithFloorCap,-126079.71120672862,126079.71120672862,444351.1046204178,67.06622337375093,0.7430289922613627,-29761.21060926363,-96318.500597465,101,volume,Baseload / IndexedWithFloorCap
Baseload,Floating,0.0,-0.0,444351.1046204178,67.15587489269691,0.7430289922613627,0.0,0.0,101,volume,Baseload / Floating
PayAsProduced,FixedFlat,4621614.991563107,-4621614.991563107,439296.71547708457,65.0,0.7415570380555441,4988508.823599817,-366893.83203671034,102,volume,PayAsProduced / FixedFlat
PayAsProduced,FixedEscalated,6438059.424526099,-6438059.424526099,439296.71547708457,71.10345522345841,0.7415570380555441,6991598.515091985,-553539.0905658863,102,volume,PayAsProduced / FixedEscalated
PayAsProduced,IndexedWithFloorCap,2816186.9358537886,-2816186.9358537886,439296.71547708457,59.05882193839242,0.7415570380555441,3038676.786692984,-222489.8508391953,102,volume,PayAsProduced / IndexedWithFloorCap
PayAsProduced,Floating,0.0,-0.0,439296.71547708457,49.799911673457025,0.7415570380555441,0.0,0.0,102,volume,PayAsProduced / Floating
PayAsNominated,FixedFlat,1640883.8082861616,-1640883.8082861616,439296.71547708457,65.0,0.7415570380555441,1949885.3402061467,-309001.5319199851,102,volume,PayAsNominated / FixedFlat
PayAsNominated,FixedEscalated,3457351.676137283,-3457351.676137283,439296.71547708457,71.10345522345841,0.7415570380555441,3952975.0316983154,-495623.3555610324,102,volume,PayAsNominated / FixedEscalated
PayAsNominated,IndexedWithFloorCap,564824.5561662621,-564824.5561662621,439296.71547708457,61.158902851473215,0.7415570380555441,689277.730165507,-124453.17399924481,102,volume,PayAsNominated / IndexedWithFloorCap
PayAsNominated,Floating,0.0,-0.0,439296.71547708457,59.05865952215015,0.7415570380555441,0.0,0.0,102,volume,PayAsNominated / Floating
Baseload,FixedFlat,-1033848.04430098,1033848.04430098,439296.71547708433,65.00000000000004,0.7415570380555441,-707535.4230682928,-326312.62123268726,102,volume,Baseload / FixedFlat
Baseload,FixedEscalated,797269.2514821363,-797269.2514821363,439296.71547708433,71.17379605473563,0.7415570380555441,1318639.3880591863,-521370.13657704997,102,volume,Baseload / FixedEscalated
Baseload,IndexedWithFloorCap,-124645.58419119603,124645.58419119603,439296.71547708433,67.06622337375097,0.7415570380555441,-29422.68384916864,-95222.9003420274,102,volume,Baseload / IndexedWithFloorCap
Baseload,Floating,0.0,-0.0,439296.71547708433,67.15587489269699,0.7415570380555441,0.0,0.0,102,volume,Baseload / Floating
PayAsProduced,FixedFlat,4738982.315185502,-4738982.315185502,444900.7943439402,65.0,0.7386369579191681,5117326.03961905,-378343.7244335478,103,volume,PayAsProduced / FixedFlat
PayAsProduced,FixedEscalated,6579531.611606986,-6579531.611606986,444900.7943439402,71.10920722260697,0.7386369579191681,7147880.839910832,-568349.228303846,103,volume,PayAsProduced / FixedEscalated
PayAsProduced,IndexedWithFloorCap,2889064.2122305534,-2889064.2122305534,444900.7943439402,58.98541750269545,0.7386369579191681,3118222.2415912123,-229158.02936065895,103,volume,PayAsProduced / IndexedWithFloorCap
PayAsProduced,Floating,0.0,-0.0,444900.7943439402,49.60381113714188,0.7386369579191681,0.0,0.0,103,volume,PayAsProduced / Floating
PayAsNominated,FixedFlat,1684978.8177073721,-1684978.8177073721,444900.79434394016,65.00000000000001,0.7386369579191681,2001784.5638260231,-316805.746118651,103,volume,PayAsNominated / FixedFlat
PayAsNominated,FixedEscalated,3525551.912647357,-3525551.912647357,444900.79434394016,71.10920722260698,0.7386369579191681,4032339.3641178044,-506787.45147044724,103,volume,PayAsNominated / FixedEscalated
PayAsNominated,IndexedWithFloorCap,581510.5697756445,-581510.5697756445,444900.79434394016,61.111548803021314,0.7386369579191681,709356.110178628,-127845.54040298355,103,volume,PayAsNominated / IndexedWithFloorCap
PayAsNominated,Floating,0.0,-0.0,444900.79434394016,58.97735204503136,0.7386369579191681,0.0,0.0,103,volume,PayAsNominated / Floating
Baseload,FixedFlat,-1047036.7747705785,1047036.7747705785,444900.7943439404,64.99999999999994,0.7386369579191681,-716561.4052172127,-330475.36955336574,103,volume,Baseload / FixedFlat
Baseload,FixedEscalated,807439.9620884575,-807439.9620884575,444900.7943439404,71.17379605473556,0.7386369579191681,1335461.1826851694,-528021.2205967118,103,volume,Baseload / FixedEscalated
Baseload,IndexedWithFloorCap,-126235.67958595479,126235.67958595479,444900.7943439404,67.06622337375093,0.7386369579191681,-29798.02706243207,-96437.65252352272,103,volume,Baseload / IndexedWithFloorCap
Baseload,Floating,0.0,-0.0,444900.7943439404,67.15587489269693,0.7386369579191681,0.0,0.0,103,volume,Baseload / Floating
PayAsProduced,FixedFlat,4761036.879759412,-4761036.879759412,445626.3547402322,64.99999999999999,0.7385268320638882,5128133.690304356,-367096.81054494344,104,volume,PayAsProduced / FixedFlat
PayAsProduced,FixedEscalated,6599776.256397817,-6599776.256397817,445626.3547402322,71.09078034524467,0.7385268320638882,7155865.350278597,-556089.09388078,104,volume,PayAsProduced / FixedEscalated
PayAsProduced,IndexedWithFloorCap,2890876.8104190337,-2890876.8104190337,445626.3547402322,58.9533899494526,0.7385268320638882,3115107.1255578585,-224230.31513882475,104,volume,PayAsProduced / IndexedWithFloorCap
PayAsProduced,Floating,0.0,-0.0,445626.3547402322,49.59641553898229,0.7385268320638882,0.0,0.0,104,volume,PayAsProduced / Floating
PayAsNominated,FixedFlat,1709088.0243133432,-1709088.0243133432,445626.3547402321,65.00000000000001,0.7385268320638882,2023298.228747165,-314210.20443382184,104,volume,PayAsNominated / FixedFlat
PayAsNominated,FixedEscalated,3547851.245408415,-3547851.245408415,445626.3547402321,71.0907803452447,0.7385268320638882,4051029.8887214065,-503178.6433129916,104,volume,PayAsNominated / FixedEscalated
PayAsNominated,IndexedWithFloorCap,582719.8905463949,-582719.8905463949,445626.3547402321,61.05322862333065,0.7385268320638882,709346.1862308298,-126626.29568443494,104,volume,PayAsNominated / IndexedWithFloorCap
PayAsNominated,Floating,0.0,-0.0,445626.3547402321,58.922536533074535,0.7385268320638882,0.0,0.0,104,volume,PayAsNominated / Floating
Baseload,FixedFlat,-1048744.3204232107,1048744.3204232107,445626.3547402322,65.00000000000001,0.7385268320638882,-717729.9996178974,-331014.3208053133,104,volume,Baseload / FixedFlat
Baseload,FixedEscalated,808756.7645449215,-808756.7645449215,445626.3547402322,71.17379605473559,0.7385268320638882,1337639.1013521166,-528882.3368071951,104,volume,Baseload / FixedEscalated
Baseload,IndexedWithFloorCap,-126441.54932336816,126441.54932336816,445626.3547402322,67.06622337375094,0.7385268320638882,-29846.622768713325,-96594.92655465484,104,volume,Baseload / IndexedWithFloorCap
Baseload,Floating,0.0,-0.0,445626.3547402322,67.15587489269696,0.7385268320638882,0.0,0.0,104,volume,Baseload / Floating
PayAsProduced,FixedFlat,4704076.67670083,-4704076.67670083,445036.29139133845,65.0,0.7402832873443929,5082125.6205218965,-378048.94382106606,105,volume,PayAsProduced / FixedFlat
PayAsProduced,FixedEscalated,6535079.746433873,-6535079.746433873,445036.29139133845,71.07415742710732,0.7402832873443929,7101645.573524618,-566565.8270907449,105,volume,PayAsProduced / FixedEscalated
PayAsProduced,IndexedWithFloorCap,2871082.6517266063,-2871082.6517266063,445036.29139133845,59.04263326132275,0.7402832873443929,3101435.9297308307,-230353.2780042244,105,volume,PayAsProduced / IndexedWithFloorCap
PayAsProduced,Floating,0.0,-0.0,445036.29139133845,49.71437183005446,0.7402832873443929,0.0,0.0,105,volume,PayAsProduced / Floating
PayAsNominated,FixedFlat,1650008.923861713,-1650008.923861713,445036.29139133845,65.0,0.7402832873443929,1973870.8081259867,-323861.8842642738,105,volume,PayAsNominated / FixedFlat
PayAsNominated,FixedEscalated,3481035.703104195,-3481035.703104195,445036.29139133845,71.07415742710731,0.7402832873443929,3993390.761128703,-512355.05802450795,105,volume,PayAsNominated / FixedEscalated
PayAsNominated,IndexedWithFloorCap,569323.6770534357,-569323.6770534357,445036.29139133845,61.16921961075938,0.7402832873443929,700222.9772156803,-130899.30016224459,105,volume,PayAsNominated / IndexedWithFloorCap
PayAsNominated,Floating,0.0,-0.0,445036.29139133845,59.06314257430234,0.7402832873443929,0.0,0.0,105,volume,PayAsNominated / Floating
Baseload,FixedFlat,-1047355.655728541,1047355.655728541,445036.29139133845,65.0,0.7402832873443929,-716779.638036566,-330576.017691975,105,volume,Baseload / FixedFlat
Baseload,FixedEscalated,807685.8724851238,-807685.8724851238,445036.29139133845,71.17379605473559,0.7402832873443929,1335867.9049240798,-528182.032438956,105,volume,Baseload / FixedEscalated
Baseload,IndexedWithFloorCap,-126274.12537449397,126274.12537449397,445036.29139133845,67.06622337375094,0.7402832873443929,-29807.102219722587,-96467.02315477139,105,volume,Baseload / IndexedWithFloorCap
Baseload,Floating,0.0,-0.0,445036.29139133845,67.15587489269696,0.7402832873443929,0.0,0.0,105,volume,Baseload / Floating
PayAsProduced,FixedFlat,4808537.249431156,-4808537.249431156,447560.3024188047,65.0,0.7370366898442517,5183849.287400566,-375312.0379694104,106,volume,PayAsProduced / FixedFlat
PayAsProduced,FixedEscalated,6661367.009588707,-6661367.009588707,447560.3024188047,71.113593642173,0.7370366898442517,7228008.9038631115,-566641.8942744043,106,volume,PayAsProduced / FixedEscalated
PayAsProduced,IndexedWithFloorCap,2912222.2206878825,-2912222.2206878825,447560.3024188047,58.89504319471691,0.7370366898442517,3142577.509780065,-230355.28909218265,106,volume,PayAsProduced / IndexedWithFloorCap
PayAsProduced,Floating,0.0,-0.0,447560.3024188047,49.49634373450805,0.7370366898442517,0.0,0.0,106,volume,PayAsProduced / Floating
PayAsNominated,FixedFlat,1717852.3707033603,-1717852.3707033603,447560.3024188047,65.0,0.7370366898442517,2032906.1123247591,-315053.74162139883,106,volume,PayAsNominated / FixedFlat
PayAsNominated,FixedEscalated,3570706.149548666,-3570706.149548666,447560.3024188047,71.113593642173,0.7370366898442517,4077065.7287873034,-506359.57923863735,106,volume,PayAsNominated / FixedEscalated
PayAsNominated,IndexedWithFloorCap,587769.7975373543,-587769.7975373543,447560.3024188047,61.06228117620425,0.7370366898442517,716278.5653020841,-128508.7677647298,106,volume,PayAsNominated / IndexedWithFloorCap
PayAsNominated,Floating,0.0,-0.0,447560.3024188047,58.92006290342885,0.7370366898442517,0.0,0.0,106,volume,PayAsNominated / Floating
Baseload,FixedFlat,-1053295.7043849626,1053295.7043849626,447560.30241880467,65.00000000000001,0.7370366898442517,-720844.833944543,-332450.87044041953,106,volume,Baseload / FixedFlat
Baseload,FixedEscalated,812266.6405894684,-812266.6405894684,447560.30241880467,71.1737960547356,0.7370366898442517,1343444.2428284055,-531177.602238937,106,volume,Baseload / FixedEscalated
Baseload,IndexedWithFloorCap,-126990.28558680492,126990.28558680492,447560.30241880467,67.06622337375096,0.7370366898442517,-29976.15237619876,-97014.13321060616,106,volume,Baseload / IndexedWithFloorCap
Baseload,Floating,0.0,-0.0,447560.30241880467,67.15587489269696,0.7370366898442517,0.0,0.0,106,volume,Baseload / Floating
PayAsProduced,FixedFlat,4689455.089069786,-4689455.089069786,443610.6195022906,65.00000000000001,0.7407456675403881,5055554.188257232,-366099.09918744676,107,volume,PayAsProduced / FixedFlat
PayAsProduced,FixedEscalated,6520977.728445645,-6520977.728445645,443610.6195022906,71.09788204656613,0.7407456675403881,7076467.248068193,-555489.5196225476,107,volume,PayAsProduced / FixedEscalated
PayAsProduced,IndexedWithFloorCap,2858604.293514048,-2858604.293514048,443610.6195022906,59.04088835571407,0.7407456675403881,3080631.3454005555,-222027.0518865073,107,volume,PayAsProduced / IndexedWithFloorCap
PayAsProduced,Floating,0.0,-0.0,443610.6195022906,49.74542337664957,0.7407456675403881,0.0,0.0,107,volume,PayAsProduced / Floating
PayAsNominated,FixedFlat,1665524.637414357,-1665524.637414357,443610.6195022907,64.99999999999999,0.7407456675403881,1977714.1874234797,-312189.5500091228,107,volume,PayAsNominated / FixedFlat
PayAsNominated,FixedEscalated,3497070.9887567367,-3497070.9887567367,443610.6195022907,71.0978820465661,0.7407456675403881,3998627.24723444,-501556.2584777032,107,volume,PayAsNominated / FixedEscalated
PayAsNominated,IndexedWithFloorCap,572352.44849111,-572352.44849111,443610.6195022907,61.1379555887188,0.7407456675403881,697785.2008135786,-125432.75232246856,107,volume,PayAsNominated / IndexedWithFloorCap
PayAsNominated,Floating,0.0,-0.0,443610.6195022907,59.03246578165176,0.7407456675403881,0.0,0.0,107,volume,PayAsNominated / Floating
Baseload,FixedFlat,-1044000.4562873014,1044000.4562873014,443610.6195022905,65.00000000000001,0.7407456675403881,-714483.4374786386,-329517.0188086628,107,volume,Baseload / FixedFlat
Baseload,FixedEscalated,805098.4541872067,-805098.4541872067,443610.6195022905,71.17379605473562,0.7407456675403881,1331588.457705123,-526490.0035179162,107,volume,Baseload / FixedEscalated
Baseload,IndexedWithFloorCap,-125869.60674456891,125869.60674456891,443610.6195022905,67.06622337375096,0.7407456675403881,-29711.61529303672,-96157.99145153219,107,volume,Baseload / IndexedWithFloorCap
Baseload,Floating,0.0,-0.0,443610.6195022905,67.15587489269697,0.7407456675403881,0.0,0.0,107,volume,Baseload / Floating
PayAsProduced,FixedFlat,4631418.479161809,-4631418.479161809,443111.861657306,65.00000000000001,0.7427773036607581,5004704.326066491,-373285.846904682,108,volume,PayAsProduced / FixedFlat
PayAsProduced,FixedEscalated,6463107.565041795,-6463107.565041795,443111.861657306,71.10869062494601,0.7427773036607581,7026923.312374516,-563815.747332721,108,volume,PayAsProduced / FixedEscalated
PayAsProduced,IndexedWithFloorCap,2839095.2863370944,-2839095.2863370944,443111.861657306,59.14593226116445,0.7427773036607581,3066775.6183557063,-227680.33201861195,108,volume,PayAsProduced / IndexedWithFloorCap
PayAsProduced,Floating,0.0,-0.0,443111.861657306,49.881859677776646,0.7427773036607581,0.0,0.0,108,volume,PayAsProduced / Floating
PayAsNominated,FixedFlat,1643656.7793769864,-1643656.7793769864,443111.86165730626,64.99999999999999,0.7427773036607581,1960112.3569799117,-316455.57760292524,108,volume,PayAsNominated / FixedFlat
PayAsNominated,FixedEscalated,3475369.682141153,-3475369.682141153,443111.86165730626,71.10869062494596,0.7427773036607581,3982331.343287934,-506961.66114678094,108,volume,PayAsNominated / FixedEscalated
PayAsNominated,IndexedWithFloorCap,568593.1262989214,-568593.1262989214,443111.86165730626,61.182373518428406,0.7427773036607581,696326.5102814449,-127733.38398252346,108,volume,PayAsNominated / IndexedWithFloorCap
PayAsNominated,Floating,0.0,-0.0,443111.86165730626,59.07892020597409,0.7427773036607581,0.0,0.0,108,volume,PayAsNominated / Floating
Baseload,FixedFlat,-1042826.6714524727,1042826.6714524727,443111.8616573063,65.0,0.7427773036607581,-713680.1334009275,-329146.53805154515,108,volume,Baseload / FixedFlat
Baseload,FixedEscalated,804193.270333715,-804193.270333715,443111.8616573063,71.17379605473553,0.7427773036607581,1330091.3335147281,-525898.0631810131,108,volume,Baseload / FixedEscalated
Baseload,IndexedWithFloorCap,-125728.08972254752,125728.08972254752,443111.8616573063,67.06622337375089,0.7427773036607581,-29678.210093604885,-96049.87962894264,108,volume,Baseload / IndexedWithFloorCap
Baseload,Floating,0.0,-0.0,443111.8616573063,67.1558748926969,0.7427773036607581,0.0,0.0,108,volume,Baseload / Floating
PayAsProduced,FixedFlat,4736569.996877033,-4736569.996877033,445459.6201465654,65.0,0.738971411150886,5116279.039475573,-379709.04259853996,109,volume,PayAsProduced / FixedFlat
PayAsProduced,FixedEscalated,6583970.515079267,-6583970.515079267,445459.6201465654,71.12946963707171,0.738971411150886,7156127.558053849,-572157.042974582,109,volume,PayAsProduced / FixedEscalated
PayAsProduced,IndexedWithFloorCap,2890062.4379956475,-2890062.4379956475,445459.6201465654,59.000416126581584,0.738971411150886,3119655.677111489,-229593.2391158417,109,volume,PayAsProduced / IndexedWithFloorCap
PayAsProduced,Floating,0.0,-0.0,445459.6201465654,49.62627163652862,0.738971411150886,0.0,0.0,109,volume,PayAsProduced / Floating
PayAsNominated,FixedFlat,1686761.973834187,-1686761.973834187,445459.6201465654,65.00000000000001,0.738971411150886,2003726.8525748637,-316964.8787406767,109,volume,PayAsNominated / FixedFlat
PayAsNominated,FixedEscalated,3534186.25694858,-3534186.25694858,445459.6201465654,71.1294696370717,0.738971411150886,4043575.3711531307,-509389.1142045506,109,volume,PayAsNominated / FixedEscalated
PayAsNominated,IndexedWithFloorCap,583559.6505262433,-583559.6505262433,445459.6201465654,61.115055024989886,0.738971411150886,710841.8688393906,-127282.21831314731,109,volume,PayAsNominated / IndexedWithFloorCap
PayAsNominated,Floating,0.0,-0.0,445459.6201465654,58.979071096709205,0.738971411150886,0.0,0.0,109,volume,PayAsNominated / Floating
Baseload,FixedFlat,-1048351.9245151455,1048351.9245151455,445459.6201465654,64.99999999999999,0.738971411150886,-717461.4553126256,-330890.46920251986,109,volume,Baseload / FixedFlat
Baseload,FixedEscalated,808454.1618620296,-808454.1618620296,445459.6201465654,71.17379605473559,0.738971411150886,1337138.613197266,-528684.4513352363,109,volume,Baseload / FixedEscalated
Baseload,IndexedWithFloorCap,-126394.24022657718,126394.24022657718,445459.6201465654,67.06622337375094,0.738971411150886,-29835.455420851755,-96558.78480572543,109,volume,Baseload / IndexedWithFloorCap
Baseload,Floating,0.0,-0.0,445459.6201465654,67.15587489269696,0.738971411150886,0.0,0.0,109,volume,Baseload / Floating
PayAsProduced,FixedFlat,4632183.343947913,-4632183.343947913,442241.00680092024,65.0,0.7427205700743914,4996127.280594872,-363943.93664695974,110,volume,PayAsProduced / FixedFlat
PayAsProduced,FixedEscalated,6462022.521893951,-6462022.521893951,442241.00680092024,71.10563689726439,0.7427205700743914,7013363.049175118,-551340.527281167,110,volume,PayAsProduced / FixedEscalated
PayAsProduced,IndexedWithFloorCap,2833418.2110940204,-2833418.2110940204,442241.00680092024,59.125613719668976,0.7427205700743914,3055294.191019865,-221875.97992584482,110,volume,PayAsProduced / IndexedWithFloorCap
PayAsProduced,Floating,0.0,-0.0,442241.00680092024,49.87804968414837,0.7427205700743914,0.0,0.0,110,volume,PayAsProduced / Floating
PayAsNominated,FixedFlat,1642325.7069470377,-1642325.7069470377,442241.00680092024,65.0,0.7427205700743914,1949692.6236927481,-307366.9167457104,110,volume,PayAsNominated / FixedFlat
PayAsNominated,FixedEscalated,3472188.529374689,-3472188.529374689,442241.00680092024,71.1056368972644,0.7427205700743914,3966928.3922729986,-494739.8628983097,110,volume,PayAsNominated / FixedEscalated
PayAsNominated,IndexedWithFloorCap,567532.5324849449,-567532.5324849449,442241.00680092024,61.19351784178949,0.7427205700743914,692072.4783734083,-124539.94588846341,110,volume,PayAsNominated / IndexedWithFloorCap
PayAsNominated,Floating,0.0,-0.0,442241.00680092024,59.09879826297106,0.7427205700743914,0.0,0.0,110,volume,PayAsNominated / Floating
Baseload,FixedFlat,-1040777.1874512854,1040777.1874512854,442241.00680092024,64.99999999999999,0.7427205700743914,-712277.5263758223,-328499.66107546317,110,volume,Baseload / FixedFlat
Baseload,FixedEscalated,802612.7763872803,-802612.7763872803,442241.00680092024,71.17379605473559,0.7427205700743914,1327477.2836608242,-524864.5072735439,110,volume,Baseload / FixedEscalated
Baseload,IndexedWithFloorCap,-125480.99428910675,125480.99428910675,442241.00680092024,67.06622337375093,0.7427205700743914,-29619.88303079479,-95861.11125831195,110,volume,Baseload / IndexedWithFloorCap
Baseload,Floating,0.0,-0.0,442241.00680092024,67.15587489269696,0.7427205700743914,0.0,0.0,110,volume,Baseload / Floating
PayAsProduced,FixedFlat,4773001.468137255,-4773001.468137255,445982.7573140567,65.00000000000001,0.7373900183580522,5157671.604885384,-384670.1367481295,111,volume,PayAsProduced / FixedFlat
PayAsProduced,FixedEscalated,6616247.865488607,-6616247.865488607,445982.7573140567,71.10911583563286,0.7373900183580522,7193134.102512558,-576886.2370239506,111,volume,PayAsProduced / FixedEscalated
PayAsProduced,IndexedWithFloorCap,2902623.9546492654,-2902623.9546492654,445982.7573140567,58.932196491842454,0.7373900183580522,3135973.733028632,-233349.77837936673,111,volume,PayAsProduced / IndexedWithFloorCap
PayAsProduced,Floating,0.0,-0.0,445982.7573140567,49.52007181997686,0.7373900183580522,0.0,0.0,111,volume,PayAsProduced / Floating
PayAsNominated,FixedFlat,1703174.8719186003,-1703174.8719186003,445982.7573140567,64.99999999999999,0.7373900183580522,2029411.125123315,-326236.25320471474,111,volume,PayAsNominated / FixedFlat
PayAsNominated,FixedEscalated,3546445.1279621487,-3546445.1279621487,445982.7573140567,71.10911583563286,0.7373900183580522,4064873.6227504984,-518428.4947883496,111,volume,PayAsNominated / FixedEscalated
PayAsNominated,IndexedWithFloorCap,589765.5103047212,-589765.5103047212,445982.7573140567,61.07286872450771,0.7373900183580522,720951.9880581483,-131186.4777534271,111,volume,PayAsNominated / IndexedWithFloorCap
PayAsNominated,Floating,0.0,-0.0,445982.7573140567,58.90904639316464,0.7373900183580522,0.0,0.0,111,volume,PayAsNominated / Floating
Baseload,FixedFlat,-1049583.0840445866,1049583.0840445866,445982.75731405674,65.00000000000003,0.7373900183580522,-718304.0249565016,-331279.0590880851,111,volume,Baseload / FixedFlat
Baseload,FixedEscalated,809403.5911731395,-809403.5911731395,445982.75731405674,71.1737960547356,0.7373900183580522,1338708.9169352916,-529305.3257621521,111,volume,Baseload / FixedEscalated
Baseload,IndexedWithFloorCap,-126542.67461171301,126542.67461171301,445982.75731405674,67.06622337375093,0.7373900183580522,-29870.493469046887,-96672.18114266612,111,volume,Baseload / IndexedWithFloorCap
Baseload,Floating,0.0,-0.0,445982.75731405674,67.15587489269694,0.7373900183580522,0.0,0.0,111,volume,Baseload / Floating
PayAsProduced,FixedFlat,4663343.797445757,-4663343.797445757,445024.7660015942,65.00000000000001,0.7429267928506278,5022971.846940374,-359628.0494946167,112,volume,PayAsProduced / FixedFlat
PayAsProduced,FixedEscalated,6493375.977470953,-6493375.977470953,445024.7660015942,71.06425936209492,0.7429267928506278,7039148.701636037,-545772.7241650838,112,volume,PayAsProduced / FixedEscalated
PayAsProduced,IndexedWithFloorCap,2852514.8192299027,-2852514.8192299027,445024.7660015942,59.1301727651271,0.7429267928506278,3071437.6025467208,-218922.78331681807,112,volume,PayAsProduced / IndexedWithFloorCap
PayAsProduced,Floating,0.0,-0.0,445024.7660015942,49.89189875510935,0.7429267928506278,0.0,0.0,112,volume,PayAsProduced / Floating
PayAsNominated,FixedFlat,1643883.7695927238,-1643883.7695927238,445024.76600159425,65.0,0.7429267928506278,1954730.147904086,-310846.3783113621,112,volume,PayAsNominated / FixedFlat
PayAsNominated,FixedEscalated,3473939.6503739264,-3473939.6503739264,445024.76600159425,71.0642593620949,0.7429267928506278,3970907.0025997492,-496967.35222582286,112,volume,PayAsNominated / FixedEscalated
PayAsNominated,IndexedWithFloorCap,569749.4602016171,-569749.4602016171,445024.76600159425,61.21147410600059,0.7429267928506278,695163.6015520607,-125414.14135044359,112,volume,PayAsNominated / IndexedWithFloorCap
PayAsNominated,Floating,0.0,-0.0,445024.76600159425,59.12056012239768,0.7429267928506278,0.0,0.0,112,volume,PayAsNominated / Floating
Baseload,FixedFlat,-1047328.5316886215,1047328.5316886215,445024.76600159414,65.0,0.7429267928506278,-716761.0751354072,-330567.45655321435,112,volume,Baseload / FixedFlat
Baseload,FixedEscalated,807664.9553270147,-807664.9553270147,445024.76600159414,71.17379605473559,0.7429267928506278,1335833.3090977415,-528168.3537707268,112,volume,Baseload / FixedEscalated
Baseload,IndexedWithFloorCap,-126270.85517263006,126270.85517263006,445024.76600159414,67.06622337375096,0.7429267928506278,-29806.33028610958,-96464.52488652049,112,volume,Baseload / IndexedWithFloorCap
Baseload,Floating,0.0,-0.0,445024.76600159414,67.15587489269696,0.7429267928506278,0.0,0.0,112,volume,Baseload / Floating
PayAsProduced,FixedFlat,4753249.519489145,-4753249.519489145,445556.2353344568,65.0,0.7383586626316756,5131086.019225178,-377836.4997360334,113,volume,PayAsProduced / FixedFlat
PayAsProduced,FixedEscalated,6595216.138522932,-6595216.138522932,445556.2353344568,71.1063577028486,0.7383586626316756,7163683.785089984,-568467.6465670513,113,volume,PayAsProduced / FixedEscalated
PayAsProduced,IndexedWithFloorCap,2885692.599283426,-2885692.599283426,445556.2353344568,58.95485709840814,0.7383586626316756,3118864.5683958083,-233171.96911238227,113,volume,PayAsProduced / IndexedWithFloorCap
PayAsProduced,Floating,0.0,-0.0,445556.2353344568,49.585121973631836,0.7383586626316756,0.0,0.0,113,volume,PayAsProduced / Floating
PayAsNominated,FixedFlat,1701456.069828272,-1701456.069828272,445556.2353344568,65.0,0.7383586626316756,2017361.9210390083,-315905.8512107362,113,volume,PayAsNominated / FixedFlat
PayAsNominated,FixedEscalated,3543446.4662998766,-3543446.4662998766,445556.2353344568,71.10635770284858,0.7383586626316756,4049959.6869038087,-506513.22060393216,113,volume,PayAsNominated / FixedEscalated
PayAsNominated,IndexedWithFloorCap,580480.6803955636,-580480.6803955636,445556.2353344568,61.0713153241948,0.7383586626316756,709637.0736878995,-129156.39329233591,113,volume,PayAsNominated / IndexedWithFloorCap
PayAsNominated,Floating,0.0,-0.0,445556.2353344568,58.939414028269994,0.7383586626316756,0.0,0.0,113,volume,PayAsNominated / Floating
Baseload,FixedFlat,-1048579.3002717404,1048579.3002717404,445556.2353344568,65.0,0.7383586626316756,-717617.0646432422,-330962.23562849825,113,volume,Baseload / FixedFlat
Baseload,FixedEscalated,808629.5064886068,-808629.5064886068,445556.2353344568,71.17379605473558,0.7383586626316756,1337428.6235427745,-528799.1170541677,113,volume,Baseload / FixedEscalated
Baseload,IndexedWithFloorCap,-126421.65371753255,126421.65371753255,445556.2353344568,67.06622337375093,0.7383586626316756,-29841.926396004274,-96579.72732152828,113,volume,Baseload / IndexedWithFloorCap
Baseload,Floating,0.0,-0.0,445556.2353344568,67.15587489269696,0.7383586626316756,0.0,0.0,113,volume,Baseload / Floating
PayAsProduced,FixedFlat,4785460.59844843,-4785460.59844843,448048.5753020609,65.00000000000001,0.7380026202352443,5167791.599176054,-382331.0007276237,114,volume,PayAsProduced / FixedFlat
PayAsProduced,FixedEscalated,6645472.046653492,-6645472.046653492,448048.5753020609,71.1321870566633,0.7380026202352443,7220405.056061269,-574933.0094077764,114,volume,PayAsProduced / FixedEscalated
PayAsProduced,IndexedWithFloorCap,2916661.5141676813,-2916661.5141676813,448048.5753020609,58.967417900814404,0.7380026202352443,3148518.6901576873,-231857.17599000596,114,volume,PayAsProduced / IndexedWithFloorCap
PayAsProduced,Floating,0.0,-0.0,448048.5753020609,49.56121163500062,0.7380026202352443,0.0,0.0,114,volume,PayAsProduced / Floating
PayAsNominated,FixedFlat,1718312.4088860962,-1718312.4088860962,448048.5753020609,65.00000000000001,0.7380026202352443,2036040.4021756735,-317727.9932895773,114,volume,PayAsNominated / FixedFlat
PayAsNominated,FixedEscalated,3578347.888754856,-3578347.888754856,448048.5753020609,71.13218705666331,0.7380026202352443,4088653.8590608933,-510305.97030603746,114,volume,PayAsNominated / FixedEscalated
PayAsNominated,IndexedWithFloorCap,589108.7451757813,-589108.7451757813,448048.5753020609,61.06031928920083,0.7380026202352443,717319.76171013,-128211.01653434872,114,volume,PayAsNominated / IndexedWithFloorCap
PayAsNominated,Floating,0.0,-0.0,448048.5753020609,58.917324979437986,0.7380026202352443,0.0,0.0,114,volume,PayAsNominated / Floating
Baseload,FixedFlat,-1054444.8137401084,1054444.8137401084,448048.5753020609,65.00000000000001,0.7380026202352443,-721631.2508442285,-332813.56289587985,114,volume,Baseload / FixedFlat
Baseload,FixedEscalated,813152.7955331265,-813152.7955331265,448048.5753020609,71.17379605473559,0.7380026202352443,1344909.8942510015,-531757.0987178751,114,volume,Baseload / FixedEscalated
Baseload,IndexedWithFloorCap,-127128.82761690421,127128.82761690421,448048.5753020609,67.06622337375094,0.7380026202352443,-30008.855326555797,-97119.9722903484,114,volume,Baseload / IndexedWithFloorCap
Baseload,Floating,0.0,-0.0,448048.5753020609,67.15587489269696,0.7380026202352443,0.0,0.0,114,volume,Baseload / Floating
PayAsProduced,FixedFlat,4634251.670736635,-4634251.670736635,441685.02762082795,65.0,0.7414721222672978,5017511.415921398,-383259.74518476333,115,volume,PayAsProduced / FixedFlat
PayAsProduced,FixedEscalated,6462490.89438862,-6462490.89438862,441685.02762082795,71.11650516779075,0.7414721222672978,7035797.387706397,-573306.4933177773,115,volume,PayAsProduced / FixedEscalated
PayAsProduced,IndexedWithFloorCap,2830933.662373289,-2830933.662373289,441685.02762082795,59.076800357035104,0.7414721222672978,3063011.1875179387,-232077.52514464967,115,volume,PayAsProduced / IndexedWithFloorCap
PayAsProduced,Floating,0.0,-0.0,441685.02762082795,49.794209079405135,0.7414721222672978,0.0,0.0,115,volume,PayAsProduced / Floating
PayAsNominated,FixedFlat,1649735.6542483082,-1649735.6542483082,441685.027620828,64.99999999999999,0.7414721222672978,1967897.1559550697,-318161.50170676154,115,volume,PayAsNominated / FixedFlat
PayAsNominated,FixedEscalated,3477998.5242812033,-3477998.5242812033,441685.027620828,71.11650516779073,0.7414721222672978,3986183.127740068,-508184.6034588646,115,volume,PayAsNominated / FixedEscalated
PayAsNominated,IndexedWithFloorCap,569308.3582383522,-569308.3582383522,441685.027620828,61.1504983882806,0.7414721222672978,697662.7838482219,-128354.42560986965,115,volume,PayAsNominated / IndexedWithFloorCap
PayAsNominated,Floating,0.0,-0.0,441685.027620828,59.036200373808,0.7414721222672978,0.0,0.0,115,volume,PayAsNominated / Floating
Baseload,FixedFlat,-1039468.7369945451,1039468.7369945451,441685.02762082807,64.99999999999999,0.7414721222672978,-711382.0610774291,-328086.675917116,115,volume,Baseload / FixedFlat
Baseload,FixedEscalated,801603.7428818273,-801603.7428818273,441685.02762082807,71.17379605473558,0.7414721222672978,1325808.397871382,-524204.6549895548,115,volume,Baseload / FixedEscalated
Baseload,IndexedWithFloorCap,-125323.24134614324,125323.24134614324,441685.02762082807,67.06622337375093,0.7414721222672978,-29582.645330009964,-95740.59601613328,115,volume,Baseload / IndexedWithFloorCap
Baseload,Floating,0.0,-0.0,441685.02762082807,67.15587489269693,0.7414721222672978,0.0,0.0,115,volume,Baseload / Floating
PayAsProduced,FixedFlat,4707624.632272046,-4707624.632272046,446765.38058693986,65.00000000000001,0.740596674305063,5094846.65493177,-387222.02265972365,116,volume,PayAsProduced / FixedFlat
PayAsProduced,FixedEscalated,6557354.755534875,-6557354.755534875,446765.38058693986,71.11791511892518,0.740596674305063,7136817.969535368,-579463.2140004924,116,volume,PayAsProduced / FixedEscalated
PayAsProduced,IndexedWithFloorCap,2883902.2292274805,-2883902.2292274805,446765.38058693986,59.072642349428065,0.740596674305063,3116477.544117674,-232575.31489019375,116,volume,PayAsProduced / IndexedWithFloorCap
PayAsProduced,Floating,0.0,-0.0,446765.38058693986,49.73541760557823,0.740596674305063,0.0,0.0,116,volume,PayAsProduced / Floating
PayAsNominated,FixedFlat,1663306.5937785828,-1663306.5937785828,446765.3805869399,65.0,0.740596674305063,1987974.4552684636,-324667.86148988083,116,volume,PayAsNominated / FixedFlat
PayAsNominated,FixedEscalated,3513060.6004563756,-3513060.6004563756,446765.3805869399,71.11791511892518,0.740596674305063,4029945.7698720666,-516885.16941569094,116,volume,PayAsNominated / FixedEscalated
PayAsNominated,IndexedWithFloorCap,579882.2420077573,-579882.2420077573,446765.3805869399,61.17108684655058,0.740596674305063,710001.3756377468,-130119.13362998946,116,volume,PayAsNominated / IndexedWithFloorCap
PayAsNominated,Floating,0.0,-0.0,446765.3805869399,59.04386394219011,0.740596674305063,0.0,0.0,116,volume,PayAsNominated / Floating
Baseload,FixedFlat,-1051424.9224002776,1051424.9224002776,446765.3805869399,64.99999999999997,0.740596674305063,-719564.5253631285,-331860.39703714906,116,volume,Baseload / FixedFlat
Baseload,FixedEscalated,810823.9556989395,-810823.9556989395,446765.3805869399,71.17379605473558,0.740596674305063,1341058.1215554825,-530234.165856543,116,volume,Baseload / FixedEscalated
Baseload,IndexedWithFloorCap,-126764.73530921724,126764.73530921724,446765.3805869399,67.06622337375092,0.740596674305063,-29922.911063624248,-96841.82424559299,116,volume,Baseload / IndexedWithFloorCap
Baseload,Floating,0.0,-0.0,446765.3805869399,67.15587489269693,0.740596674305063,0.0,0.0,116,volume,Baseload / Floating
PayAsProduced,FixedFlat,4758994.900678182,-4758994.900678182,448052.19180473825,64.99999999999999,0.7390815793002155,5143579.262241468,-384584.3615632858,117,volume,PayAsProduced / FixedFlat
PayAsProduced,FixedEscalated,6612204.816213741,-6612204.816213741,448052.19180473825,71.10941832074539,0.7390815793002155,7188587.896852549,-576383.0806388082,117,volume,PayAsProduced / FixedEscalated
PayAsProduced,IndexedWithFloorCap,2912231.4199297237,-2912231.4199297237,448052.19180473825,59.030058522545076,0.7390815793002155,3145257.7807900934,-233026.36086036963,117,volume,PayAsProduced / IndexedWithFloorCap
PayAsProduced,Floating,0.0,-0.0,448052.19180473825,49.633670074982135,0.7390815793002155,0.0,0.0,117,volume,PayAsProduced / Floating
PayAsNominated,FixedFlat,1686203.4551251684,-1686203.4551251684,448052.1918047382,65.0,0.7390815793002155,2008166.5244530363,-321963.0693278678,117,volume,PayAsNominated / FixedFlat
PayAsNominated,FixedEscalated,3539437.3321843217,-3539437.3321843217,448052.1918047382,71.1094183207454,0.7390815793002155,4053175.159064118,-513737.8268797961,117,volume,PayAsNominated / FixedEscalated
PayAsNominated,IndexedWithFloorCap,585198.8709762483,-585198.8709762483,448052.1918047382,61.13424575544399,0.7390815793002155,714180.6825346306,-128981.81155838235,117,volume,PayAsNominated / IndexedWithFloorCap
PayAsNominated,Floating,0.0,-0.0,448052.1918047382,59.00064667309619,0.7390815793002155,0.0,0.0,117,volume,PayAsNominated / Floating
Baseload,FixedFlat,-1054453.3248764053,1054453.3248764053,448052.19180473825,65.00000000000003,0.7390815793002155,-721637.0756174523,-332816.24925895303,117,volume,Baseload / FixedFlat
Baseload,FixedEscalated,813159.3590385678,-813159.3590385678,448052.19180473825,71.17379605473559,0.7390815793002155,1344920.749927162,-531761.3908885942,117,volume,Baseload / FixedEscalated
Baseload,IndexedWithFloorCap,-127129.85375953862,127129.85375953862,448052.19180473825,67.06622337375093,0.7390815793002155,-30009.0975482913,-97120.75621124731,117,volume,Baseload / IndexedWithFloorCap
Baseload,Floating,0.0,-0.0,448052.19180473825,67.15587489269693,0.7390815793002155,0.0,0.0,117,volume,Baseload / Floating
PayAsProduced,FixedFlat,4702827.323458307,-4702827.323458307,445954.74768580525,64.99999999999999,0.7408185745325844,5080637.545547334,-377810.2220890261,118,volume,PayAsProduced / FixedFlat
PayAsProduced,FixedEscalated,6544828.919321531,-6544828.919321531,445954.74768580525,71.09210462137105,0.7408185745325844,7110304.691033734,-565475.7717122026,118,volume,PayAsProduced / FixedEscalated
PayAsProduced,IndexedWithFloorCap,2869966.1547074514,-2869966.1547074514,445954.74768580525,59.05034561457887,0.7408185745325844,3098429.6250322424,-228463.47032479104,118,volume,PayAsProduced / IndexedWithFloorCap
PayAsProduced,Floating,0.0,-0.0,445954.74768580525,49.75031950949631,0.7408185745325844,0.0,0.0,118,volume,PayAsProduced / Floating
PayAsNominated,FixedFlat,1661936.7322924132,-1661936.7322924132,445954.7476858052,64.99999999999999,0.7408185745325844,1981163.0677480188,-319226.3354556055,118,volume,PayAsNominated / FixedFlat
PayAsNominated,FixedEscalated,3503962.1546370145,-3503962.1546370145,445954.7476858052,71.09210462137106,0.7408185745325844,4010830.2132344237,-506868.05859740917,118,volume,PayAsNominated / FixedEscalated
PayAsNominated,IndexedWithFloorCap,572638.7370993951,-572638.7370993951,445954.7476858052,61.15703933794836,0.7408185745325844,700828.6871136584,-128189.95001426328,118,volume,PayAsNominated / IndexedWithFloorCap
PayAsNominated,Floating,0.0,-0.0,445954.7476858052,59.05348177036929,0.7408185745325844,0.0,0.0,118,volume,PayAsNominated / Floating
Baseload,FixedFlat,-1049517.1657293139,1049517.1657293139,445954.7476858053,64.99999999999999,0.7408185745325844,-718258.9123857255,-331258.2533435883,118,volume,Baseload / FixedFlat
Baseload,FixedEscalated,809352.7571592177,-809352.7571592177,445954.7476858053,71.17379605473558,0.7408185745325844,1338624.8402787626,-529272.0831195449,118,volume,Baseload / FixedEscalated
Baseload,IndexedWithFloorCap,-126534.72718949619,126534.72718949619,445954.7476858053,67.06622337375093,0.7408185745325844,-29868.617474058214,-96666.10971543798,118,volume,Baseload / IndexedWithFloorCap
Baseload,Floating,0.0,-0.0,445954.7476858053,67.15587489269694,0.7408185745325844,0.0,0.0,118,volume,Baseload / Floating
PayAsProduced,FixedFlat,4657289.580845663,-4657289.580845663,445952.06528844056,65.0,0.7425696626293901,5041428.57060371,-384138.98975804634,119,volume,PayAsProduced / FixedFlat
PayAsProduced,FixedEscalated,6506395.093295285,-6506395.093295285,445952.06528844056,71.12795338296387,0.7425696626293901,7083026.936234781,-576631.842939496,119,volume,PayAsProduced / FixedEscalated
PayAsProduced,IndexedWithFloorCap,2859581.5833288673,-2859581.5833288673,445952.06528844056,59.1448600961179,0.7425696626293901,3090721.162884279,-231139.57955541182,119,volume,PayAsProduced / IndexedWithFloorCap
PayAsProduced,Floating,0.0,-0.0,445952.06528844056,49.86791536265152,0.7425696626293901,0.0,0.0,119,volume,PayAsProduced / Floating
PayAsNominated,FixedFlat,1636432.7841859972,-1636432.7841859972,445952.06528844056,65.0,0.7425696626293901,1959170.715096938,-322737.93091094075,119,volume,PayAsNominated / FixedFlat
PayAsNominated,FixedEscalated,3485562.185814198,-3485562.185814198,445952.06528844056,71.12795338296385,0.7425696626293901,4000769.080728004,-515206.8949138061,119,volume,PayAsNominated / FixedEscalated
PayAsNominated,IndexedWithFloorCap,568748.8856580538,-568748.8856580538,445952.06528844056,61.21222343649489,0.7425696626293901,697229.2546859768,-128480.36902792298,119,volume,PayAsNominated / IndexedWithFloorCap
PayAsNominated,Floating,0.0,-0.0,445952.06528844056,59.119457081524956,0.7425696626293901,0.0,0.0,119,volume,PayAsNominated / Floating
Baseload,FixedFlat,-1049510.8529316718,1049510.8529316718,445952.06528844073,64.99999999999997,0.7425696626293901,-718254.5920912881,-331256.2608403837,119,volume,Baseload / FixedFlat
Baseload,FixedEscalated,809347.8889394845,-809347.8889394845,445952.06528844073,71.17379605473556,0.7425696626293901,1338616.7885117163,-529268.8995722318,119,volume,Baseload / FixedEscalated
Baseload,IndexedWithFloorCap,-126533.96608891252,126533.96608891252,445952.06528844073,67.0662233737509,0.7425696626293901,-29868.4378156933,-96665.52827321921,119,volume,Baseload / IndexedWithFloorCap
Baseload,Floating,0.0,-0.0,445952.06528844073,67.15587489269691,0.7425696626293901,0.0,0.0,119,volume,Baseload / Floating
PayAsProduced,FixedFlat,4801923.89372926,-4801923.89372926,446638.7668303148,65.0,0.7367434020994776,5179747.690775799,-377823.79704653844,120,volume,PayAsProduced / FixedFlat
PayAsProduced,FixedEscalated,6649987.066066201,-6649987.066066201,446638.7668303148,71.1137037081193,0.7367434020994776,7219735.068026736,-569748.0019605355,120,volume,PayAsProduced / FixedEscalated
PayAsProduced,IndexedWithFloorCap,2934915.531937776,-2934915.531937776,446638.7668303148,58.96511990035071,0.7367434020994776,3166061.7461727406,-231146.21423496446,120,volume,PayAsProduced / IndexedWithFloorCap
PayAsProduced,Floating,0.0,-0.0,446638.7668303148,49.476647739412456,0.7367434020994776,0.0,0.0,120,volume,PayAsProduced / Floating
PayAsNominated,FixedFlat,1725889.2068411193,-1725889.2068411193,446638.7668303149,64.99999999999999,0.7367434020994776,2042508.6557190705,-316619.44887795113,120,volume,PayAsNominated / FixedFlat
PayAsNominated,FixedEscalated,3573976.3028725176,-3573976.3028725176,446638.7668303149,71.11370370811929,0.7367434020994776,4082496.032970009,-508519.7300974913,120,volume,PayAsNominated / FixedEscalated
PayAsNominated,IndexedWithFloorCap,601147.3853274803,-601147.3853274803,446638.7668303149,61.06649880706703,0.7367434020994776,729999.3871838484,-128852.00185636815,120,volume,PayAsNominated / IndexedWithFloorCap
PayAsNominated,Floating,0.0,-0.0,446638.7668303149,58.8787401914402,0.7367434020994776,0.0,0.0,120,volume,PayAsNominated / Floating
Baseload,FixedFlat,-1051126.947523488,1051126.947523488,446638.7668303146,65.0,0.7367434020994776,-719360.6000554723,-331766.3474680156,120,volume,Baseload / FixedFlat
Baseload,FixedEscalated,810594.167377253,-810594.167377253,446638.7668303146,71.17379605473562,0.7367434020994776,1340678.0643397642,-530083.8969625112,120,volume,Baseload / FixedEscalated
Baseload,IndexedWithFloorCap,-126728.81005618189,126728.81005618189,446638.7668303146,67.06622337375099,0.7367434020994776,-29914.430880634078,-96814.3791755478,120,volume,Baseload / IndexedWithFloorCap
Baseload,Floating,0.0,-0.0,446638.7668303146,67.15587489269699,0.7367434020994776,0.0,0.0,120,volume,Baseload / Floating
PayAsProduced,FixedFlat,4726937.862683424,-4726937.862683424,447871.3769561889,65.0,0.7407053614567989,5105017.069275076,-378079.2065916518,121,volume,PayAsProduced / FixedFlat
PayAsProduced,FixedEscalated,6578148.7050592145,-6578148.7050592145,447871.3769561889,71.1020839538948,0.7407053614567989,7146746.379677603,-568597.6746183885,121,volume,PayAsProduced / FixedEscalated
PayAsProduced,IndexedWithFloorCap,2883948.1320534223,-2883948.1320534223,447871.3769561889,59.03905562289572,0.7407053614567989,3110512.4140835097,-226564.28203008743,121,volume,PayAsProduced / IndexedWithFloorCap
PayAsProduced,Floating,0.0,-0.0,447871.3769561889,49.74271658634265,0.7407053614567989,0.0,0.0,121,volume,PayAsProduced / Floating
PayAsNominated,FixedFlat,1671973.3911552075,-1671973.3911552075,447871.37695618876,65.00000000000003,0.7407053614567989,1992163.8099771207,-320190.4188219132,121,volume,PayAsNominated / FixedFlat
PayAsNominated,FixedEscalated,3523208.187149006,-3523208.187149006,447871.37695618876,71.10208395389482,0.7407053614567989,4033893.1203796426,-510684.93323063664,121,volume,PayAsNominated / FixedEscalated
PayAsNominated,IndexedWithFloorCap,575960.8531227367,-575960.8531227367,447871.37695618876,61.14728984286145,0.7407053614567989,703064.6576630046,-127103.80454026791,121,volume,PayAsNominated / IndexedWithFloorCap
PayAsNominated,Floating,0.0,-0.0,447871.37695618876,59.04605166980012,0.7407053614567989,0.0,0.0,121,volume,PayAsNominated / Floating
Baseload,FixedFlat,-1054027.7922671975,1054027.7922671975,447871.37695618876,65.00000000000003,0.7407053614567989,-721345.8535211923,-332681.9387460052,121,volume,Baseload / FixedFlat
Baseload,FixedEscalated,812831.2024330643,-812831.2024330643,447871.37695618876,71.1737960547356,0.7407053614567989,1344377.9969931082,-531546.7945600438,121,volume,Baseload / FixedEscalated
Baseload,IndexedWithFloorCap,-127078.5495461589,127078.5495461589,447871.37695618876,67.06622337375096,0.7407053614567989,-29996.987150155663,-97081.56239600324,121,volume,Baseload / IndexedWithFloorCap
Baseload,Floating,0.0,-0.0,447871.37695618876,67.15587489269696,0.7407053614567989,0.0,0.0,121,volume,Baseload / Floating
PayAsProduced,FixedFlat,4755887.748625993,-4755887.748625993,446384.97523522365,65.0,0.7396493097011395,5111725.247538051,-355837.49891205784,122,volume,PayAsProduced / FixedFlat
PayAsProduced,FixedEscalated,6600866.01353427,-6600866.01353427,446384.97523522365,71.1046618936761,0.7396493097011395,7147538.142594432,-546672.1290601622,122,volume,PayAsProduced / FixedEscalated
PayAsProduced,IndexedWithFloorCap,2891286.2099142172,-2891286.2099142172,446384.97523522365,58.99212616871123,0.7396493097011395,3108189.715082168,-216903.50516795088,122,volume,PayAsProduced / IndexedWithFloorCap
PayAsProduced,Floating,0.0,-0.0,446384.97523522365,49.67179650675938,0.7396493097011395,0.0,0.0,122,volume,PayAsProduced / Floating
PayAsNominated,FixedFlat,1694861.3712181496,-1694861.3712181496,446384.97523522365,65.0,0.7396493097011395,2001861.0556988972,-306999.6844807477,122,volume,PayAsNominated / FixedFlat
PayAsNominated,FixedEscalated,3539863.4755090093,-3539863.4755090093,446384.97523522365,71.1046618936761,0.7396493097011395,4037673.9507552795,-497810.4752462702,122,volume,PayAsNominated / FixedEscalated
PayAsNominated,IndexedWithFloorCap,582887.6468799624,-582887.6468799624,446384.97523522365,61.115429170345664,0.7396493097011395,706415.1285522283,-123527.48167226592,122,volume,PayAsNominated / IndexedWithFloorCap
PayAsNominated,Floating,0.0,-0.0,446384.97523522365,58.997147315043016,0.7396493097011395,0.0,0.0,122,volume,PayAsNominated / Floating
Baseload,FixedFlat,-1050529.6702505178,1050529.6702505178,446384.9752352237,64.99999999999997,0.7396493097011395,-718951.8409246173,-331577.82932590053,122,volume,Baseload / FixedFlat
Baseload,FixedEscalated,810133.5669950468,-810133.5669950468,446384.9752352237,71.1737960547356,0.7396493097011395,1339916.2567007574,-529782.6897057106,122,volume,Baseload / FixedEscalated
Baseload,IndexedWithFloorCap,-126656.7994981274,126656.7994981274,446384.9752352237,67.06622337375093,0.7396493097011395,-29897.432734277023,-96759.36676385037,122,volume,Baseload / IndexedWithFloorCap
Baseload,Floating,0.0,-0.0,446384.9752352237,67.15587489269694,0.7396493097011395,0.0,0.0,122,volume,Baseload / Floating
PayAsProduced,FixedFlat,4710820.109127109,-4710820.109127109,445137.52326482016,65.00000000000001,0.7397142582417062,5095989.70894406,-385169.59981695097,123,volume,PayAsProduced / FixedFlat
PayAsProduced,FixedEscalated,6554557.40627954,-6554557.40627954,445137.52326482016,71.12287458067156,0.7397142582417062,7132170.075755486,-577612.6694759466,123,volume,PayAsProduced / FixedEscalated
PayAsProduced,IndexedWithFloorCap,2878714.11479461,-2878714.11479461,445137.52326482016,59.035044155451125,0.7397142582417062,3112325.6930407034,-233611.57824609336,123,volume,PayAsProduced / IndexedWithFloorCap
PayAsProduced,Floating,0.0,-0.0,445137.52326482016,49.67615818282415,0.7397142582417062,0.0,0.0,123,volume,PayAsProduced / Floating
PayAsNominated,FixedFlat,1684111.5455395114,-1684111.5455395114,445137.5232648202,65.0,0.7397142582417062,2004676.5805326682,-320565.0349931568,123,volume,PayAsNominated / FixedFlat
PayAsNominated,FixedEscalated,3527872.6734458185,-3527872.6734458185,445137.5232648202,71.12287458067154,0.7397142582417062,4040856.9473440885,-512984.27389827,123,volume,PayAsNominated / FixedEscalated
PayAsNominated,IndexedWithFloorCap,582314.6408222467,-582314.6408222467,445137.5232648202,61.11203194075296,0.7397142582417062,711721.102721713,-129406.46189946635,123,volume,PayAsNominated / IndexedWithFloorCap
PayAsNominated,Floating,0.0,-0.0,445137.5232648202,58.9718585457966,0.7397142582417062,0.0,0.0,123,volume,PayAsNominated / Floating
Baseload,FixedFlat,-1047593.8964681886,1047593.8964681886,445137.52326481993,65.00000000000004,0.7397142582417062,-716942.6830444301,-330651.2134237585,123,volume,Baseload / FixedFlat
Baseload,FixedEscalated,807869.5958255299,-807869.5958255299,445137.52326481993,71.17379605473565,0.7397142582417062,1336171.7732003515,-528302.1773748216,123,volume,Baseload / FixedEscalated
Baseload,IndexedWithFloorCap,-126302.84879892282,126302.84879892282,445137.52326481993,67.06622337375099,0.7397142582417062,-29813.882405646797,-96488.96639327602,123,volume,Baseload / IndexedWithFloorCap
Baseload,Floating,0.0,-0.0,445137.52326481993,67.15587489269699,0.7397142582417062,0.0,0.0,123,volume,Baseload / Floating
PayAsProduced,FixedFlat,4719136.725265846,-4719136.725265846,443256.7734312073,65.0,0.7388771285664888,5093075.184108429,-373938.458842583,124,volume,PayAsProduced / FixedFlat
PayAsProduced,FixedEscalated,6557992.129251346,-6557992.129251346,443256.7734312073,71.13091977519862,0.7388771285664888,7123316.63812165,-565324.5088703036,124,volume,PayAsProduced / FixedEscalated
PayAsProduced,IndexedWithFloorCap,2880510.0315656583,-2880510.0315656583,443256.7734312073,59.00632760394323,0.7388771285664888,3108282.9169718088,-227772.88540615048,124,volume,PayAsProduced / IndexedWithFloorCap
PayAsProduced,Floating,0.0,-0.0,443256.7734312073,49.61994000708628,0.7388771285664888,0.0,0.0,124,volume,PayAsProduced / Floating
PayAsNominated,FixedFlat,1687524.4386800868,-1687524.4386800868,443256.77343120734,65.0,0.7388771285664888,2002487.2764377065,-314962.8377576198,124,volume,PayAsNominated / FixedFlat
PayAsNominated,FixedEscalated,3526403.649014464,-3526403.649014464,443256.77343120734,71.1309197751986,0.7388771285664888,4032728.730450923,-506325.081436459,124,volume,PayAsNominated / FixedEscalated
PayAsNominated,IndexedWithFloorCap,581675.3993228325,-581675.3993228325,443256.77343120734,61.09375601572591,0.7388771285664888,708942.6278117825,-127267.22848895006,124,volume,PayAsNominated / IndexedWithFloorCap
PayAsNominated,Floating,0.0,-0.0,443256.77343120734,58.95289224420712,0.7388771285664888,0.0,0.0,124,volume,PayAsNominated / Floating
Baseload,FixedFlat,-1043167.7091811096,1043167.7091811096,443256.7734312075,64.99999999999997,0.7388771285664888,-713913.5296673886,-329254.1795137209,124,volume,Baseload / FixedFlat
Baseload,FixedEscalated,804456.2672955377,-804456.2672955377,443256.7734312075,71.17379605473555,0.7388771285664888,1330526.3159904156,-526070.0486948779,124,volume,Baseload / FixedEscalated
Baseload,IndexedWithFloorCap,-125769.2068356006,125769.2068356006,443256.7734312075,67.06622337375089,0.7388771285664888,-29687.91581905506,-96081.29101654555,124,volume,Baseload / IndexedWithFloorCap
Baseload,Floating,0.0,-0.0,443256.7734312075,67.15587489269691,0.7388771285664888,0.0,0.0,124,volume,Baseload / Floating
PayAsProduced,FixedFlat,4661975.271412399,-4661975.271412399,444503.1256317747,65.0,0.7418074634777103,5042046.350262047,-380071.0788496481,125,volume,PayAsProduced / FixedFlat
PayAsProduced,FixedEscalated,6496747.0371552,-6496747.0371552,444503.1256317747,71.09297661596764,0.7418074634777103,7065396.321244756,-568649.284089556,125,volume,PayAsProduced / FixedEscalated
PayAsProduced,IndexedWithFloorCap,2852192.500954524,-2852192.500954524,444503.1256317747,59.08939629574551,0.7418074634777103,3079258.605081388,-227066.10412686365,125,volume,PayAsProduced / IndexedWithFloorCap
PayAsProduced,Floating,0.0,-0.0,444503.1256317747,49.81672921177797,0.7418074634777103,0.0,0.0,125,volume,PayAsProduced / Floating
PayAsNominated,FixedFlat,1647271.9258496496,-1647271.9258496496,444503.1256317748,64.99999999999999,0.7418074634777103,1967239.4780730926,-319967.55222344305,125,volume,PayAsNominated / FixedFlat
PayAsNominated,FixedEscalated,3482067.4561581346,-3482067.4561581346,444503.1256317748,71.09297661596763,0.7418074634777103,3990589.449055801,-508521.9928976665,125,volume,PayAsNominated / FixedEscalated
PayAsNominated,IndexedWithFloorCap,569205.4126363986,-569205.4126363986,444503.1256317748,61.17455376091015,0.7418074634777103,696888.8720041597,-127683.45936776116,125,volume,PayAsNominated / IndexedWithFloorCap
PayAsNominated,Floating,0.0,-0.0,444503.1256317748,59.07599065420887,0.7418074634777103,0.0,0.0,125,volume,PayAsNominated / Floating
Baseload,FixedFlat,-1046100.8947471969,1046100.8947471969,444503.12563177466,65.00000000000001,0.7418074634777103,-715920.9162479204,-330179.97849927656,125,volume,Baseload / FixedFlat
Baseload,FixedEscalated,806718.2425187087,-806718.2425187087,444503.12563177466,71.17379605473559,0.7418074634777103,1334267.4983056015,-527549.2557868928,125,volume,Baseload / FixedEscalated
Baseload,IndexedWithFloorCap,-126122.84548727827,126122.84548727827,444503.12563177466,67.06622337375094,0.7418074634777103,-29771.39248862248,-96351.45299865579,125,volume,Baseload / IndexedWithFloorCap
Baseload,Floating,0.0,-0.0,444503.12563177466,67.15587489269696,0.7418074634777103,0.0,0.0,125,volume,Baseload / Floating
PayAsProduced,FixedFlat,4778305.843085694,-4778305.843085694,447955.20620974957,64.99999999999999,0.7383317455289754,5159317.834893977,-381011.99180828314,126,volume,PayAsProduced / FixedFlat
PayAsProduced,FixedEscalated,6640054.989598393,-6640054.989598393,447955.20620974957,71.14671329060046,0.7383317455289754,7216364.867519423,-576309.8779210299,126,volume,PayAsProduced / FixedEscalated
PayAsProduced,IndexedWithFloorCap,2899724.5550339683,-2899724.5550339683,447955.20620974957,58.944930617033776,0.7383317455289754,3132940.1729296846,-233215.61789571634,126,volume,PayAsProduced / IndexedWithFloorCap
PayAsProduced,Floating,0.0,-0.0,447955.20620974957,49.583314332050435,0.7383317455289754,0.0,0.0,126,volume,PayAsProduced / Floating
PayAsNominated,FixedFlat,1710794.4325684584,-1710794.4325684584,447955.2062097496,65.0,0.7383317455289754,2028844.7140908132,-318050.2815223548,126,volume,PayAsNominated / FixedFlat
PayAsNominated,FixedEscalated,3572567.6188857737,-3572567.6188857737,447955.2062097496,71.14671329060045,0.7383317455289754,4085891.7467162497,-513324.12783047603,126,volume,PayAsNominated / FixedEscalated
PayAsNominated,IndexedWithFloorCap,587063.4676667624,-587063.4676667624,447955.2062097496,61.07721754600259,0.7383317455289754,716054.0200836365,-128990.5524168741,126,volume,PayAsNominated / IndexedWithFloorCap
PayAsNominated,Floating,0.0,-0.0,447955.2062097496,58.937558757346494,0.7383317455289754,0.0,0.0,126,volume,PayAsNominated / Floating
Baseload,FixedFlat,-1054225.0773977153,1054225.0773977153,447955.20620974957,65.0,0.7383317455289754,-721480.8697056893,-332744.20769202604,126,volume,Baseload / FixedFlat
Baseload,FixedEscalated,812983.3421688831,-812983.3421688831,447955.20620974957,71.17379605473559,0.7383317455289754,1344629.627728605,-531646.2855597219,126,volume,Baseload / FixedEscalated
Baseload,IndexedWithFloorCap,-127102.3351696663,127102.3351696663,447955.20620974957,67.06622337375094,0.7383317455289754,-30002.601764465155,-97099.73340520114,126,volume,Baseload / IndexedWithFloorCap
Baseload,Floating,0.0,-0.0,447955.20620974957,67.15587489269694,0.7383317455289754,0.0,0.0,126,volume,Baseload / Floating
PayAsProduced,FixedFlat,4671595.210113792,-4671595.210113792,448467.19653016195,65.00000000000001,0.743038866637044,5059304.7312960755,-387709.52118228376,127,volume,PayAsProduced / FixedFlat
PayAsProduced,FixedEscalated,6524909.0568665285,-6524909.0568665285,448467.19653016195,71.10471971782124,0.743038866637044,7104633.316188699,-579724.2593221702,127,volume,PayAsProduced / FixedEscalated
PayAsProduced,IndexedWithFloorCap,2863797.99679167,-2863797.99679167,448467.19653016195,59.14418378279522,0.743038866637044,3097368.9094167096,-233570.91262503946,127,volume,PayAsProduced / IndexedWithFloorCap
PayAsProduced,Floating,0.0,-0.0,448467.19653016195,49.899425168288644,0.743038866637044,0.0,0.0,127,volume,PayAsProduced / Floating
PayAsNominated,FixedFlat,1631772.5337714537,-1631772.5337714537,448467.1965301619,65.0,0.743038866637044,1958028.4668631288,-326255.93309167516,127,volume,PayAsNominated / FixedFlat
PayAsNominated,FixedEscalated,3485110.3719220245,-3485110.3719220245,448467.1965301619,71.10471971782125,0.743038866637044,4003357.051755761,-518246.67983373627,127,volume,PayAsNominated / FixedEscalated
PayAsNominated,IndexedWithFloorCap,566720.0560355221,-566720.0560355221,448467.1965301619,61.23680941955261,0.743038866637044,697207.0663132672,-130487.01027774508,127,volume,PayAsNominated / IndexedWithFloorCap
PayAsNominated,Floating,0.0,-0.0,448467.1965301619,59.155846117829455,0.743038866637044,0.0,0.0,127,volume,PayAsNominated / Floating
Baseload,FixedFlat,-1055430.003755711,1055430.003755711,448467.1965301621,64.99999999999996,0.743038866637044,-722305.4861328088,-333124.5176229022,127,volume,Baseload / FixedFlat
Baseload,FixedEscalated,813912.5413300421,-813912.5413300421,448467.1965301621,71.17379605473558,0.743038866637044,1346166.4719139067,-532253.9305838647,127,volume,Baseload / FixedEscalated
Baseload,IndexedWithFloorCap,-127247.6067602328,127247.6067602328,448467.1965301621,67.0662233737509,0.743038866637044,-30036.893232629365,-97210.71352760342,127,volume,Baseload / IndexedWithFloorCap
Baseload,Floating,0.0,-0.0,448467.1965301621,67.15587489269691,0.743038866637044,0.0,0.0,127,volume,Baseload / Floating
PayAsProduced,FixedFlat,4774580.314859102,-4774580.314859102,445296.3233955274,65.0,0.7368791670417039,5161146.035142857,-386565.7202837551,128,volume,PayAsProduced / FixedFlat
PayAsProduced,FixedEscalated,6618297.128289623,-6618297.128289623,445296.3233955274,71.11293641237253,0.7368791670417039,7194746.650236596,-576449.5219469732,128,volume,PayAsProduced / FixedEscalated
PayAsProduced,IndexedWithFloorCap,2928332.611198322,-2928332.611198322,445296.3233955274,58.99493072024081,0.7368791670417039,3163429.7565501337,-235097.14535181178,128,volume,PayAsProduced / IndexedWithFloorCap
PayAsProduced,Floating,0.0,-0.0,445296.3233955274,49.4857651528874,0.7368791670417039,0.0,0.0,128,volume,PayAsProduced / Floating
PayAsNominated,FixedFlat,1705923.2207374233,-1705923.2207374233,445296.3233955274,64.99999999999999,0.7368791670417039,2027128.998182045,-321205.7774446218,128,volume,PayAsNominated / FixedFlat
PayAsNominated,FixedEscalated,3549663.7406506576,-3549663.7406506576,445296.3233955274,71.11293641237253,0.7368791670417039,4060729.613275789,-511065.8726251316,128,volume,PayAsNominated / FixedEscalated
PayAsNominated,IndexedWithFloorCap,594140.9128878943,-594140.9128878943,445296.3233955274,61.08221250020272,0.7368791670417039,723792.1839353438,-129651.27104744944,128,volume,PayAsNominated / IndexedWithFloorCap
PayAsNominated,Floating,0.0,-0.0,445296.3233955274,58.90651705473048,0.7368791670417039,0.0,0.0,128,volume,PayAsNominated / Floating
Baseload,FixedFlat,-1047967.6192819091,1047967.6192819091,445296.3233955274,64.99999999999999,0.7368791670417039,-717198.4480290271,-330769.171252882,128,volume,Baseload / FixedFlat
Baseload,FixedEscalated,808157.7984386698,-808157.7984386698,445296.3233955274,71.17379605473559,0.7368791670417039,1336648.4444337075,-528490.6459950377,128,volume,Baseload / FixedEscalated
Baseload,IndexedWithFloorCap,-126347.90657960795,126347.90657960795,445296.3233955274,67.06622337375094,0.7368791670417039,-29824.518328653903,-96523.38825095404,128,volume,Baseload / IndexedWithFloorCap
Baseload,Floating,0.0,-0.0,445296.3233955274,67.15587489269696,0.7368791670417039,0.0,0.0,128,volume,Baseload / Floating
PayAsProduced,FixedFlat,4741680.724984429,-4741680.724984429,443434.0428926352,65.00000000000001,0.7382122519106783,5109903.824613079,-368223.0996286506,129,volume,PayAsProduced / FixedFlat
PayAsProduced,FixedEscalated,6568543.519281717,-6568543.519281717,443434.0428926352,71.0748275257814,0.7382122519106783,7122374.961537176,-553831.4422554588,129,volume,PayAsProduced / FixedEscalated
PayAsProduced,IndexedWithFloorCap,2894699.9455074184,-2894699.9455074184,443434.0428926352,58.99282304896513,0.7382122519106783,3119843.995416793,-225144.04990937468,129,volume,PayAsProduced / IndexedWithFloorCap
PayAsProduced,Floating,0.0,-0.0,443434.0428926352,49.5752896335696,0.7382122519106783,0.0,0.0,129,volume,PayAsProduced / Floating
PayAsNominated,FixedFlat,1696789.3377159166,-1696789.3377159166,443434.04289263533,64.99999999999999,0.7382122519106783,2011147.394208753,-314358.05649283645,129,volume,PayAsNominated / FixedFlat
PayAsNominated,FixedEscalated,3523675.8034598627,-3523675.8034598627,443434.04289263533,71.07482752578139,0.7382122519106783,4023618.531132855,-499942.7276729923,129,volume,PayAsNominated / FixedEscalated
PayAsNominated,IndexedWithFloorCap,586609.3267728346,-586609.3267728346,443434.04289263533,61.08513246098899,0.7382122519106783,714228.6103084133,-127619.28353557864,129,volume,PayAsNominated / IndexedWithFloorCap
PayAsNominated,Floating,0.0,-0.0,443434.04289263533,58.92916831223917,0.7382122519106783,0.0,0.0,129,volume,PayAsNominated / Floating
Baseload,FixedFlat,-1043584.8980185282,1043584.8980185282,443434.0428926353,64.99999999999997,0.7382122519106783,-714199.0415298077,-329385.8564887205,129,volume,Baseload / FixedFlat
Baseload,FixedEscalated,804777.9894615456,-804777.9894615456,443434.0428926353,71.17379605473559,0.7382122519106783,1331058.426716281,-526280.4372547355,129,volume,Baseload / FixedEscalated
Baseload,IndexedWithFloorCap,-125819.5050845984,125819.5050845984,443434.0428926353,67.06622337375093,0.7382122519106783,-29699.788758532653,-96119.71632606574,129,volume,Baseload / IndexedWithFloorCap
Baseload,Floating,0.0,-0.0,443434.0428926353,67.15587489269693,0.7382122519106783,0.0,0.0,129,volume,Baseload / Floating
PayAsProduced,FixedFlat,4712099.404362769,-4712099.404362769,445634.67567590653,65.0,0.740444341782345,5085358.087286788,-373258.6829240192,130,volume,PayAsProduced / FixedFlat
PayAsProduced,FixedEscalated,6553689.9386310205,-6553689.9386310205,445634.67567590653,71.10181013237866,0.740444341782345,7116799.695478794,-563109.7568477737,130,volume,PayAsProduced / FixedEscalated
PayAsProduced,IndexedWithFloorCap,2870163.7975178203,-2870163.7975178203,445634.67567590653,59.02668757577811,0.740444341782345,3096696.5042420444,-226532.70672422415,130,volume,PayAsProduced / IndexedWithFloorCap
PayAsProduced,Floating,0.0,-0.0,445634.67567590653,49.72518758174051,0.740444341782345,0.0,0.0,130,volume,PayAsProduced / Floating
PayAsNominated,FixedFlat,1659888.4872989687,-1659888.4872989687,445634.6756759066,65.0,0.740444341782345,1975438.8523569934,-315550.36505802465,130,volume,PayAsNominated / FixedFlat
PayAsNominated,FixedEscalated,3501502.8761718385,-3501502.8761718385,445634.6756759066,71.10181013237865,0.740444341782345,4006880.4605489946,-505377.5843771561,130,volume,PayAsNominated / FixedEscalated
PayAsNominated,IndexedWithFloorCap,571757.2891933878,-571757.2891933878,445634.6756759066,61.165571106206876,0.740444341782345,698863.8312544503,-127106.54206106241,130,volume,PayAsNominated / IndexedWithFloorCap
PayAsNominated,Floating,0.0,-0.0,445634.6756759066,59.06640448999453,0.740444341782345,0.0,0.0,130,volume,PayAsNominated / Floating
Baseload,FixedFlat,-1048763.903048736,1048763.903048736,445634.67567590653,65.00000000000003,0.740444341782345,-717743.4013951726,-331020.50165356346,130,volume,Baseload / FixedFlat
Baseload,FixedEscalated,808771.8660148913,-808771.8660148913,445634.67567590653,71.17379605473559,0.740444341782345,1337664.0783508997,-528892.2123360084,130,volume,Baseload / FixedEscalated
Baseload,IndexedWithFloorCap,-126443.91029683239,126443.91029683239,445634.67567590653,67.06622337375093,0.740444341782345,-29847.180078274385,-96596.730218558,130,volume,Baseload / IndexedWithFloorCap
Baseload,Floating,0.0,-0.0,445634.67567590653,67.15587489269694,0.740444341782345,0.0,0.0,130,volume,Baseload / Floating
PayAsProduced,FixedFlat,4806873.408367682,-4806873.408367682,447651.4192580282,65.0,0.7366036497075451,5194630.2983247675,-387756.88995708525,131,volume,PayAsProduced / FixedFlat
PayAsProduced,FixedEscalated,6658098.118313163,-6658098.118313163,447651.4192580282,71.11012996080748,0.7366036497075451,7238047.713548934,-579949.5952357715,131,volume,PayAsProduced / FixedEscalated
PayAsProduced,IndexedWithFloorCap,2934609.3333275253,-2934609.3333275253,447651.4192580282,58.946882250001075,0.7366036497075451,3170279.538833608,-235670.20550608262,131,volume,PayAsProduced / IndexedWithFloorCap
PayAsProduced,Floating,0.0,-0.0,447651.4192580282,49.46726254526387,0.7366036497075451,0.0,0.0,131,volume,PayAsProduced / Floating
PayAsNominated,FixedFlat,1722632.2659187384,-1722632.2659187384,447651.41925802815,65.00000000000001,0.7366036497075451,2048456.7234376587,-325824.4575189203,131,volume,PayAsNominated / FixedFlat
PayAsNominated,FixedEscalated,3573880.928208514,-3573880.928208514,447651.41925802815,71.1101299608075,0.7366036497075451,4091874.138661824,-517993.21045331005,131,volume,PayAsNominated / FixedEscalated
PayAsNominated,IndexedWithFloorCap,599815.2713118689,-599815.2713118689,447651.41925802815,61.0616936826593,0.7366036497075451,731364.6538807901,-131549.3825689212,131,volume,PayAsNominated / IndexedWithFloorCap
PayAsNominated,Floating,0.0,-0.0,447651.41925802815,58.87480173847844,0.7366036497075451,0.0,0.0,131,volume,PayAsNominated / Floating
Baseload,FixedFlat,-1053510.1402382604,1053510.1402382604,447651.4192580284,64.99999999999997,0.7366036497075451,-720991.5875830739,-332518.5526551865,131,volume,Baseload / FixedFlat
Baseload,FixedEscalated,812432.0063926843,-812432.0063926843,447651.4192580284,71.17379605473555,0.7366036497075451,1343717.7487502086,-531285.7423575243,131,volume,Baseload / FixedEscalated
Baseload,IndexedWithFloorCap,-127016.13898213996,127016.13898213996,447651.4192580284,67.06622337375092,0.7366036497075451,-29982.255089607366,-97033.8838925326,131,volume,Baseload / IndexedWithFloorCap
Baseload,Floating,0.0,-0.0,447651.4192580284,67.15587489269693,0.7366036497075451,0.0,0.0,131,volume,Baseload / Floating
PayAsProduced,FixedFlat,4763493.568230596,-4763493.568230596,446676.7500379377,65.0,0.737878105239755,5154759.363677913,-391265.79544731695,132,volume,PayAsProduced / FixedFlat
PayAsProduced,FixedEscalated,6616063.499622975,-6616063.499622975,446676.7500379377,71.13032087625241,0.737878105239755,7200465.4239911465,-584401.924368172,132,volume,PayAsProduced / FixedEscalated
PayAsProduced,IndexedWithFloorCap,2901614.000120228,-2901614.000120228,446676.7500379377,58.954306929009334,0.737878105239755,3137293.850244634,-235679.8501244057,132,volume,PayAsProduced / IndexedWithFloorCap
PayAsProduced,Floating,0.0,-0.0,446676.7500379377,49.55284972154125,0.737878105239755,0.0,0.0,132,volume,PayAsProduced / Floating
PayAsNominated,FixedFlat,1708576.627761402,-1708576.627761402,446676.7500379377,65.0,0.737878105239755,2033403.0383367224,-324826.4105753205,132,volume,PayAsNominated / FixedFlat
PayAsNominated,FixedEscalated,3561170.588867007,-3561170.588867007,446676.7500379377,71.13032087625241,0.737878105239755,4079109.0986499554,-517938.50978294853,132,volume,PayAsNominated / FixedEscalated
PayAsNominated,IndexedWithFloorCap,587707.5410005816,-587707.5410005816,446676.7500379377,61.058056221262646,0.737878105239755,717964.8352867749,-130257.29428619333,132,volume,PayAsNominated / IndexedWithFloorCap
PayAsNominated,Floating,0.0,-0.0,446676.7500379377,58.90654731020251,0.737878105239755,0.0,0.0,132,volume,PayAsNominated / Floating
Baseload,FixedFlat,-1051216.3378228778,1051216.3378228778,446676.7500379378,64.99999999999999,0.737878105239755,-719421.7761670256,-331794.56165585225,132,volume,Baseload / FixedFlat
Baseload,FixedEscalated,810663.1022052257,-810663.1022052257,446676.7500379378,71.17379605473559,0.737878105239755,1340792.078744822,-530128.9765395962,132,volume,Baseload / FixedEscalated
Baseload,IndexedWithFloorCap,-126739.58737123296,126739.58737123296,446676.7500379378,67.06622337375093,0.737878105239755,-29916.97487395837,-96822.61249727459,132,volume,Baseload / IndexedWithFloorCap
Baseload,Floating,0.0,-0.0,446676.7500379378,67.15587489269694,0.737878105239755,0.0,0.0,132,volume,Baseload / Floating
PayAsProduced,FixedFlat,4697117.998672737,-4697117.998672737,446417.4974617603,65.00000000000001,0.7410371615502457,5081013.807637462,-383895.8089647256,133,volume,PayAsProduced / FixedFlat
PayAsProduced,FixedEscalated,6539641.469287321,-6539641.469287321,446417.4974617603,71.09202986981126,0.7410371615502457,7112762.128892515,-573120.6596051939,133,volume,PayAsProduced / FixedEscalated
PayAsProduced,IndexedWithFloorCap,2872347.0998309758,-2872347.0998309758,446417.4974617603,59.07569294951953,0.7410371615502457,3105202.598296468,-232855.4984654924,133,volume,PayAsProduced / IndexedWithFloorCap
PayAsProduced,Floating,0.0,-0.0,446417.4974617603,49.764998911907554,0.7410371615502457,0.0,0.0,133,volume,PayAsProduced / Floating
PayAsNominated,FixedFlat,1673640.6394845843,-1673640.6394845843,446417.4974617604,65.0,0.7410371615502457,1993937.3912120129,-320296.7517274285,133,volume,PayAsNominated / FixedFlat
PayAsNominated,FixedEscalated,3516187.863222683,-3516187.863222683,446417.4974617604,71.09202986981126,0.7410371615502457,4025685.7124670716,-509497.84924438875,133,volume,PayAsNominated / FixedEscalated
PayAsNominated,IndexedWithFloorCap,577759.7343754637,-577759.7343754637,446417.4974617604,61.14287900099997,0.7410371615502457,707551.8543599511,-129792.11998448742,133,volume,PayAsNominated / IndexedWithFloorCap
PayAsNominated,Floating,0.0,-0.0,446417.4974617604,59.02134308727099,0.7410371615502457,0.0,0.0,133,volume,PayAsNominated / Floating
Baseload,FixedFlat,-1050606.2085880847,1050606.2085880847,446417.4974617603,64.99999999999999,0.7410371615502457,-719004.2215286576,-331601.9870594271,133,volume,Baseload / FixedFlat
Baseload,FixedEscalated,810192.5908172012,-810192.5908172012,446417.4974617603,71.17379605473559,0.7410371615502457,1340013.8788485804,-529821.2880313792,133,volume,Baseload / FixedEscalated
Baseload,IndexedWithFloorCap,-126666.0273201962,126666.0273201962,446417.4974617603,67.06622337375093,0.7410371615502457,-29899.61096861328,-96766.41635158291,133,volume,Baseload / IndexedWithFloorCap
Baseload,Floating,0.0,-0.0,446417.4974617603,67.15587489269694,0.7410371615502457,0.0,0.0,133,volume,Baseload / Floating
PayAsProduced,FixedFlat,4716378.457333368,-4716378.457333368,445943.88975722535,65.0,0.7397803418749236,5103742.580923519,-387364.12359015085,134,volume,PayAsProduced / FixedFlat
PayAsProduced,FixedEscalated,6564509.272318237,-6564509.272318237,445943.88975722535,71.12342786800203,0.7397803418749236,7143795.818548126,-579286.5462298887,134,volume,PayAsProduced / FixedEscalated
PayAsProduced,IndexedWithFloorCap,2873213.1269406783,-2873213.1269406783,445943.88975722535,59.00605945924698,0.7397803418749236,3106828.749344022,-233615.62240334367,134,volume,PayAsProduced / IndexedWithFloorCap
PayAsProduced,Floating,0.0,-0.0,445943.88975722535,49.68059608702895,0.7397803418749236,0.0,0.0,134,volume,PayAsProduced / Floating
PayAsNominated,FixedFlat,1704445.4613089734,-1704445.4613089734,445943.88975722535,64.99999999999999,0.7397803418749236,2026266.7664446102,-321821.3051356368,134,volume,PayAsNominated / FixedFlat
PayAsNominated,FixedEscalated,3552600.205823106,-3552600.205823106,445943.88975722535,71.12342786800203,0.7397803418749236,4066320.0040692217,-513719.79824611545,134,volume,PayAsNominated / FixedEscalated
PayAsNominated,IndexedWithFloorCap,582487.2599203987,-582487.2599203987,445943.88975722535,61.054901994110764,0.7397803418749236,711935.9482901888,-129448.68836979009,134,volume,PayAsNominated / IndexedWithFloorCap
PayAsNominated,Floating,0.0,-0.0,445943.88975722535,58.91795363139613,0.7397803418749236,0.0,0.0,134,volume,PayAsNominated / Floating
Baseload,FixedFlat,-1049491.6125033689,1049491.6125033689,445943.88975722535,65.00000000000001,0.7397803418749236,-718241.4245037932,-331250.18799957563,134,volume,Baseload / FixedFlat
Baseload,FixedEscalated,809333.0513606392,-809333.0513606392,445943.88975722535,71.1737960547356,0.7397803418749236,1338592.2479743094,-529259.1966136702,134,volume,Baseload / FixedEscalated
Baseload,IndexedWithFloorCap,-126531.64637235529,126531.64637235529,445943.88975722535,67.06622337375094,0.7397803418749236,-29867.890244856153,-96663.75612749913,134,volume,Baseload / IndexedWithFloorCap
Baseload,Floating,0.0,-0.0,445943.88975722535,67.15587489269696,0.7397803418749236,0.0,0.0,134,volume,Baseload / Floating
PayAsProduced,FixedFlat,4672216.208665805,-4672216.208665805,443432.83626565995,65.0,0.7412786358499754,5041670.963972804,-369454.7553069992,135,volume,PayAsProduced / FixedFlat
PayAsProduced,FixedEscalated,6506738.940710783,-6506738.940710783,443432.83626565995,71.11088138266928,0.7412786358499754,7066080.52747444,-559341.5867636567,135,volume,PayAsProduced / FixedEscalated
PayAsProduced,IndexedWithFloorCap,2844826.1251691044,-2844826.1251691044,443432.83626565995,59.051314938063584,0.7412786358499754,3070993.712112432,-226167.58694332745,135,volume,PayAsProduced / IndexedWithFloorCap
PayAsProduced,Floating,0.0,-0.0,443432.83626565995,49.78121532977001,0.7412786358499754,0.0,0.0,135,volume,PayAsProduced / Floating
PayAsNominated,FixedFlat,1664508.9322156627,-1664508.9322156627,443432.83626565995,65.00000000000001,0.7412786358499754,1977642.313835175,-313133.38161951234,135,volume,PayAsNominated / FixedFlat
PayAsNominated,FixedEscalated,3499055.424734976,-3499055.424734976,443432.83626565995,71.11088138266929,0.7412786358499754,4002051.877336811,-502996.45260183467,135,volume,PayAsNominated / FixedEscalated
PayAsNominated,IndexedWithFloorCap,570578.5321394091,-570578.5321394091,443432.83626565995,61.13529739600317,0.7412786358499754,697345.6722067908,-126767.14006738167,135,volume,PayAsNominated / IndexedWithFloorCap
PayAsNominated,Floating,0.0,-0.0,443432.83626565995,59.03029020654764,0.7412786358499754,0.0,0.0,135,volume,PayAsNominated / Floating
Baseload,FixedFlat,-1043582.0583229542,1043582.0583229542,443432.8362656597,65.00000000000003,0.7412786358499754,-714197.0981250484,-329384.9601979058,135,volume,Baseload / FixedFlat
Baseload,FixedEscalated,804775.7995826975,-804775.7995826975,443432.8362656597,71.17379605473563,0.7412786358499754,1331054.8047773894,-526279.0051946919,135,volume,Baseload / FixedEscalated
Baseload,IndexedWithFloorCap,-125819.16271753996,125819.16271753996,443432.8362656597,67.06622337375097,0.7412786358499754,-29699.707942535842,-96119.45477500412,135,volume,Baseload / IndexedWithFloorCap
Baseload,Floating,0.0,-0.0,443432.8362656597,67.15587489269699,0.7412786358499754,0.0,0.0,135,volume,Baseload / Floating
PayAsProduced,FixedFlat,4752736.296637612,-4752736.296637612,445429.85666213813,65.00000000000001,0.7385102248358102,5126243.580625825,-373507.28398821224,136,volume,PayAsProduced / FixedFlat
PayAsProduced,FixedEscalated,6594759.738629762,-6594759.738629762,445429.85666213813,71.10771046723916,0.7385102248358102,7158714.976741761,-563955.2381119989,136,volume,PayAsProduced / FixedEscalated
PayAsProduced,IndexedWithFloorCap,2886512.326926605,-2886512.326926605,445429.85666213813,58.95404684531689,0.7385102248358102,3114323.252204464,-227810.92527785897,136,volume,PayAsProduced / IndexedWithFloorCap
PayAsProduced,Floating,0.0,-0.0,445429.85666213813,49.59530026605116,0.7385102248358102,0.0,0.0,136,volume,PayAsProduced / Floating
PayAsNominated,FixedFlat,1681864.2764116817,-1681864.2764116817,445429.8566621382,65.0,0.7385102248358102,1995989.8687017474,-314125.5922900657,136,volume,PayAsNominated / FixedFlat
PayAsNominated,FixedEscalated,3523911.50054052,-3523911.50054052,445429.8566621382,71.10771046723916,0.7385102248358102,4028461.2648176886,-504549.76427716855,136,volume,PayAsNominated / FixedEscalated
PayAsNominated,IndexedWithFloorCap,576849.4762823661,-576849.4762823661,445429.8566621382,61.11844174984834,0.7385102248358102,704318.2745573706,-127468.79827500449,136,volume,PayAsNominated / IndexedWithFloorCap
PayAsNominated,Floating,0.0,-0.0,445429.8566621382,59.001918926450884,0.7385102248358102,0.0,0.0,136,volume,PayAsNominated / Floating
Baseload,FixedFlat,-1048281.8786461859,1048281.8786461859,445429.8566621381,65.00000000000001,0.7385102248358102,-717413.5179645679,-330868.360681618,136,volume,Baseload / FixedFlat
Baseload,FixedEscalated,808400.1448158857,-808400.1448158857,445429.8566621381,71.17379605473559,0.7385102248358102,1337049.2719809334,-528649.1271650477,136,volume,Baseload / FixedEscalated
Baseload,IndexedWithFloorCap,-126385.79516706875,126385.79516706875,445429.8566621381,67.06622337375094,0.7385102248358102,-29833.46195820635,-96552.3332088624,136,volume,Baseload / IndexedWithFloorCap
Baseload,Floating,0.0,-0.0,445429.8566621381,67.15587489269696,0.7385102248358102,0.0,0.0,136,volume,Baseload / Floating
PayAsProduced,FixedFlat,4673438.824618525,-4673438.824618525,444851.8161585662,64.99999999999999,0.7411078573932308,5061615.780359627,-388176.9557411019,137,volume,PayAsProduced / FixedFlat
PayAsProduced,FixedEscalated,6518802.259641018,-6518802.259641018,444851.8161585662,71.13172415630602,0.7411078573932308,7099430.309091383,-580628.0494503649,137,volume,PayAsProduced / FixedEscalated
PayAsProduced,IndexedWithFloorCap,2872341.521168275,-2872341.521168275,444851.8161585662,59.11089008314684,0.7411078573932308,3104431.5620318134,-232090.04086353863,137,volume,PayAsProduced / IndexedWithFloorCap
PayAsProduced,Floating,0.0,-0.0,444851.8161585662,49.76974655309448,0.7411078573932308,0.0,0.0,137,volume,PayAsProduced / Floating
PayAsNominated,FixedFlat,1666248.5563370264,-1666248.5563370264,444851.81615856616,65.00000000000001,0.7411078573932308,1990420.778233443,-324172.2218964165,137,volume,PayAsNominated / FixedFlat
PayAsNominated,FixedEscalated,3511635.9055560995,-3511635.9055560995,444851.81615856616,71.13172415630603,0.7411078573932308,4028235.3069651932,-516599.40140909376,137,volume,PayAsNominated / FixedEscalated
PayAsNominated,IndexedWithFloorCap,580327.6984278753,-580327.6984278753,444851.81615856616,61.145241866873924,0.7411078573932308,709332.1434238263,-129004.44499595102,137,volume,PayAsNominated / IndexedWithFloorCap
PayAsNominated,Floating,0.0,-0.0,444851.81615856616,59.01088224908128,0.7411078573932308,0.0,0.0,137,volume,PayAsNominated / Floating
Baseload,FixedFlat,-1046921.5087114924,1046921.5087114924,444851.8161585662,64.99999999999997,0.7411078573932308,-716482.5204910334,-330438.98822045897,137,volume,Baseload / FixedFlat
Baseload,FixedEscalated,807351.0727345964,-807351.0727345964,444851.8161585662,71.17379605473559,0.7411078573932308,1335314.1645944063,-527963.0918598098,137,volume,Baseload / FixedEscalated
Baseload,IndexedWithFloorCap,-126221.78256757637,126221.78256757637,444851.8161585662,67.06622337375094,0.7411078573932308,-29794.74666079691,-96427.03590677946,137,volume,Baseload / IndexedWithFloorCap
Baseload,Floating,0.0,-0.0,444851.8161585662,67.15587489269694,0.7411078573932308,0.0,0.0,137,volume,Baseload / Floating
PayAsProduced,FixedFlat,4802960.549591046,-4802960.549591046,445905.59188595606,64.99999999999999,0.7360222038022679,5187379.165129905,-384418.6155388588,138,volume,PayAsProduced / FixedFlat
PayAsProduced,FixedEscalated,6653239.191898002,-6653239.191898002,445905.59188595606,71.12707232396083,0.7360222038022679,7228471.268036208,-575232.0761382058,138,volume,PayAsProduced / FixedEscalated
PayAsProduced,IndexedWithFloorCap,2929520.631823021,-2929520.631823021,445905.59188595606,58.92767589154798,0.7360222038022679,3164525.1610112237,-235004.5291882027,138,volume,PayAsProduced / IndexedWithFloorCap
PayAsProduced,Floating,0.0,-0.0,445905.59188595606,49.42821503679219,0.7360222038022679,0.0,0.0,138,volume,PayAsProduced / Floating
PayAsNominated,FixedFlat,1726050.647357815,-1726050.647357815,445905.591885956,65.0,0.7360222038022679,2047680.7576146682,-321630.1102568533,138,volume,PayAsNominated / FixedFlat
PayAsNominated,FixedEscalated,3576353.2380168005,-3576353.2380168005,445905.591885956,71.12707232396083,0.7360222038022679,4088772.8605209673,-512419.6225041668,138,volume,PayAsNominated / FixedEscalated
PayAsNominated,IndexedWithFloorCap,600862.4440844925,-600862.4440844925,445905.591885956,61.047450286929276,0.7360222038022679,730980.451312754,-130118.00722826144,138,volume,PayAsNominated / IndexedWithFloorCap
PayAsNominated,Floating,0.0,-0.0,445905.591885956,58.853149458359376,0.7360222038022679,0.0,0.0,138,volume,PayAsNominated / Floating
Baseload,FixedFlat,-1049401.4816694297,1049401.4816694297,445905.5918859561,64.99999999999999,0.7360222038022679,-718179.7415920112,-331221.7400774185,138,volume,Baseload / FixedFlat
Baseload,FixedEscalated,809263.5454570336,-809263.5454570336,445905.5918859561,71.17379605473558,0.7360222038022679,1338477.289041635,-529213.7435846016,138,volume,Baseload / FixedEscalated
Baseload,IndexedWithFloorCap,-126520.77977497494,126520.77977497494,445905.5918859561,67.06622337375094,0.7360222038022679,-29865.325176375667,-96655.45459859927,138,volume,Baseload / IndexedWithFloorCap
Baseload,Floating,0.0,-0.0,445905.5918859561,67.15587489269696,0.7360222038022679,0.0,0.0,138,volume,Baseload / Floating
PayAsProduced,FixedFlat,4764574.624327824,-4764574.624327824,446400.16274119494,65.00000000000001,0.7372494958169067,5165645.963266761,-401071.3389389366,139,volume,PayAsProduced / FixedFlat
PayAsProduced,FixedEscalated,6615065.453068252,-6615065.453068252,446400.16274119494,71.13102252263997,0.7372494958169067,7210319.295719826,-595253.8426515739,139,volume,PayAsProduced / FixedEscalated
PayAsProduced,IndexedWithFloorCap,2917260.2119219424,-2917260.2119219424,446400.16274119494,58.981647804268476,0.7372494958169067,3158547.7680665297,-241287.55614458723,139,volume,PayAsProduced / IndexedWithFloorCap
PayAsProduced,Floating,0.0,-0.0,446400.16274119494,49.51063490578408,0.7372494958169067,0.0,0.0,139,volume,PayAsProduced / Floating
PayAsNominated,FixedFlat,1699886.21896801,-1699886.21896801,446400.16274119494,65.0,0.7372494958169067,2034406.4938272615,-334520.27485925145,139,volume,PayAsNominated / FixedFlat
PayAsNominated,FixedEscalated,3550401.095922939,-3550401.095922939,446400.16274119494,71.13102252263997,0.7372494958169067,4079079.826280331,-528678.7303573918,139,volume,PayAsNominated / FixedEscalated
PayAsNominated,IndexedWithFloorCap,598417.9951794691,-598417.9951794691,446400.16274119494,61.095760000214824,0.7372494958169067,732356.8958068717,-133938.9006274026,139,volume,PayAsNominated / IndexedWithFloorCap
PayAsNominated,Floating,0.0,-0.0,446400.16274119494,58.89976294213431,0.7372494958169067,0.0,0.0,139,volume,PayAsNominated / Floating
Baseload,FixedFlat,-1050565.4127744043,1050565.4127744043,446400.1627411949,64.99999999999999,0.7372494958169067,-718976.3020646212,-331589.11070978304,139,volume,Baseload / FixedFlat
Baseload,FixedEscalated,810161.1304415534,-810161.1304415534,446400.1627411949,71.1737960547356,0.7372494958169067,1339961.8451216912,-529800.7146801378,139,volume,Baseload / FixedEscalated
Baseload,IndexedWithFloorCap,-126661.10878496592,126661.10878496592,446400.1627411949,67.06622337375096,0.7372494958169067,-29898.449944665215,-96762.6588403007,139,volume,Baseload / IndexedWithFloorCap
Baseload,Floating,0.0,-0.0,446400.1627411949,67.15587489269694,0.7372494958169067,0.0,0.0,139,volume,Baseload / Floating
PayAsProduced,FixedFlat,4833946.094075722,-4833946.094075722,446418.9188069702,65.0,0.7354289374545506,5206638.372041925,-372692.27796620317,140,volume,PayAsProduced / FixedFlat
PayAsProduced,FixedEscalated,6687762.508234233,-6687762.508234233,446418.9188069702,71.13413280853278,0.7354289374545506,7252434.926445879,-564672.4182116464,140,volume,PayAsProduced / FixedEscalated
PayAsProduced,IndexedWithFloorCap,2924257.707032416,-2924257.707032416,446418.9188069702,58.84635058241292,0.7354289374545506,3154332.8272389686,-230075.12020655256,140,volume,PayAsProduced / IndexedWithFloorCap
PayAsProduced,Floating,0.0,-0.0,446418.9188069702,49.388373716166846,0.7354289374545506,0.0,0.0,140,volume,PayAsProduced / Floating
PayAsNominated,FixedFlat,1759477.7952605614,-1759477.7952605614,446418.9188069701,65.0,0.7354289374545506,2072366.8528479931,-312889.05758743174,140,volume,PayAsNominated / FixedFlat
PayAsNominated,FixedEscalated,3613318.1545375735,-3613318.1545375735,446418.9188069701,71.13413280853275,0.7354289374545506,4118163.4072519387,-504845.25271436526,140,volume,PayAsNominated / FixedEscalated
PayAsNominated,IndexedWithFloorCap,599616.7978508533,-599616.7978508533,446418.9188069701,60.96596613715584,0.7354289374545506,726974.9556468882,-127358.15779603494,140,volume,PayAsNominated / IndexedWithFloorCap
PayAsNominated,Floating,0.0,-0.0,446418.9188069701,58.78619859535622,0.7354289374545506,0.0,0.0,140,volume,PayAsNominated / Floating
Baseload,FixedFlat,-1050609.5536050487,1050609.5536050487,446418.9188069702,65.00000000000003,0.7354289374545506,-719006.5107606112,-331603.0428444375,140,volume,Baseload / FixedFlat
Baseload,FixedEscalated,810195.1703831111,-810195.1703831111,446418.9188069702,71.17379605473558,0.7354289374545506,1340018.1453083777,-529822.9749252666,140,volume,Baseload / FixedEscalated
Baseload,IndexedWithFloorCap,-126666.4306111788,126666.4306111788,446418.9188069702,67.06622337375094,0.7354289374545506,-29899.706165748143,-96766.72444543066,140,volume,Baseload / IndexedWithFloorCap
Baseload,Floating,0.0,-0.0,446418.9188069702,67.15587489269694,0.7354289374545506,0.0,0.0,140,volume,Baseload / Floating
PayAsProduced,FixedFlat,4821077.701839926,-4821077.701839926,446632.2165458857,65.0,0.7361389003601831,5193217.3273189375,-372139.6254790118,141,volume,PayAsProduced / FixedFlat
PayAsProduced,FixedEscalated,6664881.516211712,-6664881.516211712,446632.2165458857,71.09541492419548,0.7361389003601831,7227072.374283205,-562190.858071493,141,volume,PayAsProduced / FixedEscalated
PayAsProduced,IndexedWithFloorCap,2932001.453925428,-2932001.453925428,446632.2165458857,58.91005663844553,0.7361389003601831,3161187.9748201985,-229186.5208947705,141,volume,PayAsProduced / IndexedWithFloorCap
PayAsProduced,Floating,0.0,-0.0,446632.2165458857,49.436051896235966,0.7361389003601831,0.0,0.0,141,volume,PayAsProduced / Floating
PayAsNominated,FixedFlat,1741581.3550088657,-1741581.3550088657,446632.21654588566,65.0,0.7361389003601831,2055415.8774340071,-313834.5224251414,141,volume,PayAsNominated / FixedFlat
PayAsNominated,FixedEscalated,3585409.072815094,-3585409.072815094,446632.21654588566,71.0954149241955,0.7361389003601831,4089270.924398279,-503861.8515831847,141,volume,PayAsNominated / FixedEscalated
PayAsNominated,IndexedWithFloorCap,601882.9750312221,-601882.9750312221,446632.21654588566,61.029636004487664,0.7361389003601831,730625.858873655,-128742.88384243287,141,volume,PayAsNominated / IndexedWithFloorCap
PayAsNominated,Floating,0.0,-0.0,446632.21654588566,58.83996778264026,0.7361389003601831,0.0,0.0,141,volume,PayAsNominated / Floating
Baseload,FixedFlat,-1051111.531977439,1051111.531977439,446632.2165458857,64.99999999999997,0.7361389003601831,-719350.0501057382,-331761.48187170085,141,volume,Baseload / FixedFlat
Baseload,FixedEscalated,810582.2794204807,-810582.2794204807,446632.2165458857,71.17379605473559,0.7361389003601831,1340658.402314658,-530076.1228941773,141,volume,Baseload / FixedEscalated
Baseload,IndexedWithFloorCap,-126726.95148542429,126726.95148542429,446632.2165458857,67.06622337375093,0.7361389003601831,-29913.992163614348,-96812.95932180993,141,volume,Baseload / IndexedWithFloorCap
Baseload,Floating,0.0,-0.0,446632.2165458857,67.15587489269694,0.7361389003601831,0.0,0.0,141,volume,Baseload / Floating
PayAsProduced,FixedFlat,4712736.4375284305,-4712736.4375284305,443070.9103161774,64.99999999999999,0.7382380714792011,5105145.3247465165,-392408.88721808605,142,volume,PayAsProduced / FixedFlat
PayAsProduced,FixedEscalated,6551078.819994416,-6551078.819994416,443070.9103161774,71.12876245861902,0.7382380714792011,7133821.381709575,-582742.5617151586,142,volume,PayAsProduced / FixedEscalated
PayAsProduced,IndexedWithFloorCap,2876532.6950735473,-2876532.6950735473,443070.9103161774,58.9836543019734,0.7382380714792011,3113680.236907336,-237147.54183378862,142,volume,PayAsProduced / IndexedWithFloorCap
PayAsProduced,Floating,0.0,-0.0,443070.9103161774,49.57702356928309,0.7382380714792011,0.0,0.0,142,volume,PayAsProduced / Floating
PayAsNominated,FixedFlat,1669497.1503234298,-1669497.1503234298,443070.9103161773,65.00000000000001,0.7382380714792011,1996996.7668208012,-327499.61649737135,142,volume,PayAsNominated / FixedFlat
PayAsNominated,FixedEscalated,3507863.195403497,-3507863.195403497,443070.9103161773,71.12876245861902,0.7382380714792011,4025672.8237838503,-517809.6283803531,142,volume,PayAsNominated / FixedEscalated
PayAsNominated,IndexedWithFloorCap,580257.4824077346,-580257.4824077346,443070.9103161773,61.11608321962104,0.7382380714792011,711385.0250064094,-131127.54259867477,142,volume,PayAsNominated / IndexedWithFloorCap
PayAsNominated,Floating,0.0,-0.0,443070.9103161773,58.966942739592966,0.7382380714792011,0.0,0.0,142,volume,PayAsNominated / Floating
Baseload,FixedFlat,-1042730.2958993542,1042730.2958993542,443070.91031617764,64.99999999999996,0.7382380714792011,-713614.1767856388,-329116.11911371537,142,volume,Baseload / FixedFlat
Baseload,FixedEscalated,804118.9487102234,-804118.9487102234,443070.91031617764,71.17379605473553,0.7382380714792011,1329968.4096468552,-525849.4609366318,142,volume,Baseload / FixedEscalated
Baseload,IndexedWithFloorCap,-125716.4702324432,125716.4702324432,443070.91031617764,67.0662233737509,0.7382380714792011,-29675.467304235623,-96041.00292820757,142,volume,Baseload / IndexedWithFloorCap
Baseload,Floating,0.0,-0.0,443070.91031617764,67.15587489269693,0.7382380714792011,0.0,0.0,142,volume,Baseload / Floating
PayAsProduced,FixedFlat,4710932.3740011,-4710932.3740011,446899.9720516661,65.0,0.7403353080633589,5102241.690156702,-391309.3161556022,143,volume,PayAsProduced / FixedFlat
PayAsProduced,FixedEscalated,6562377.162330758,-6562377.162330758,446899.9720516661,71.12071022815618,0.7403353080633589,7145761.366405743,-583384.2040749853,143,volume,PayAsProduced / FixedEscalated
PayAsProduced,IndexedWithFloorCap,2883818.9428689587,-2883818.9428689587,446899.9720516661,59.059681277055695,0.7403353080633589,3118949.27129895,-235130.32842999138,143,volume,PayAsProduced / IndexedWithFloorCap
PayAsProduced,Floating,0.0,-0.0,446899.9720516661,49.717865326949195,0.7403353080633589,0.0,0.0,143,volume,PayAsProduced / Floating
PayAsNominated,FixedFlat,1670680.6107889889,-1670680.6107889889,446899.9720516662,65.0,0.7403353080633589,1996615.7476861984,-325935.13689720957,143,volume,PayAsNominated / FixedFlat
PayAsNominated,FixedEscalated,3522149.315302871,-3522149.315302871,446899.9720516662,71.12071022815616,0.7403353080633589,4040135.42393523,-517986.1086323587,143,volume,PayAsNominated / FixedEscalated
PayAsNominated,IndexedWithFloorCap,579733.0916987876,-579733.0916987876,446899.9720516662,61.14608716410854,0.7403353080633589,709911.0325267978,-130177.9408280102,143,volume,PayAsNominated / IndexedWithFloorCap
PayAsNominated,Floating,0.0,-0.0,446899.9720516662,59.019775502728606,0.7403353080633589,0.0,0.0,143,volume,PayAsNominated / Floating
Baseload,FixedFlat,-1051741.6721452326,1051741.6721452326,446899.97205166623,64.99999999999999,0.7403353080633589,-719781.2996425151,-331960.3725027174,143,volume,Baseload / FixedFlat
Baseload,FixedEscalated,811068.2225749658,-811068.2225749658,446899.97205166623,71.17379605473558,0.7403353080633589,1341462.125501863,-530393.9029268972,143,volume,Baseload / FixedEscalated
Baseload,IndexedWithFloorCap,-126802.92414868934,126802.92414868934,446899.97205166623,67.06622337375093,0.7403353080633589,-29931.925567884886,-96870.99858080446,143,volume,Baseload / IndexedWithFloorCap
Baseload,Floating,0.0,-0.0,446899.97205166623,67.15587489269693,0.7403353080633589,0.0,0.0,143,volume,Baseload / Floating
PayAsProduced,FixedFlat,4695955.538321602,-4695955.538321602,448288.39685851586,65.0,0.7419212842469298,5082423.14589392,-386467.60757231805,144,volume,PayAsProduced / FixedFlat
PayAsProduced,FixedEscalated,6550937.194342942,-6550937.194342942,448288.39685851586,71.1139646749969,0.7419212842469298,7130032.477949902,-579095.2836069604,144,volume,PayAsProduced / FixedEscalated
PayAsProduced,IndexedWithFloorCap,2878333.096630304,-2878333.096630304,448288.39685851586,59.10628842257305,0.7419212842469298,3108578.1095072925,-230245.0128769884,144,volume,PayAsProduced / IndexedWithFloorCap
PayAsProduced,Floating,0.0,-0.0,448288.39685851586,49.824372945115854,0.7419212842469298,0.0,0.0,144,volume,PayAsProduced / Floating
PayAsNominated,FixedFlat,1657422.120655635,-1657422.120655635,448288.3968585159,65.0,0.7419212842469298,1981723.860837733,-324301.740182098,144,volume,PayAsNominated / FixedFlat
PayAsNominated,FixedEscalated,3512427.7170798625,-3512427.7170798625,448288.3968585159,71.11396467499688,0.7419212842469298,4029333.1928937105,-516905.47581384797,144,volume,PayAsNominated / FixedEscalated
PayAsNominated,IndexedWithFloorCap,574296.307653545,-574296.307653545,448288.3968585159,61.182792620582475,0.7419212842469298,703314.5359601314,-129018.22830658639,144,volume,PayAsNominated / IndexedWithFloorCap
PayAsNominated,Floating,0.0,-0.0,448288.3968585159,59.08276300997582,0.7419212842469298,0.0,0.0,144,volume,PayAsNominated / Floating
Baseload,FixedFlat,-1055009.2136966453,1055009.2136966453,448288.3968585159,65.00000000000003,0.7419212842469298,-722017.5096994006,-332991.7039972447,144,volume,Baseload / FixedFlat
Baseload,FixedEscalated,813588.0420215878,-813588.0420215878,448288.3968585159,71.17379605473559,0.7419212842469298,1345629.7679475485,-532041.7259259607,144,volume,Baseload / FixedEscalated
Baseload,IndexedWithFloorCap,-127196.8743310105,127196.8743310105,448288.3968585159,67.06622337375092,0.7419212842469298,-30024.917804573935,-97171.95652643657,144,volume,Baseload / IndexedWithFloorCap
Baseload,Floating,0.0,-0.0,448288.3968585159,67.15587489269693,0.7419212842469298,0.0,0.0,144,volume,Baseload / Floating
PayAsProduced,FixedFlat,4660975.541546541,-4660975.541546541,443525.0223402372,65.00000000000001,0.7411219503267729,5046205.65066192,-385230.10911537893,145,volume,PayAsProduced / FixedFlat
PayAsProduced,FixedEscalated,6498654.743697313,-6498654.743697313,443525.0223402372,71.12060751933697,0.7411219503267729,7074258.811692286,-575604.0679949736,145,volume,PayAsProduced / FixedEscalated
PayAsProduced,IndexedWithFloorCap,2863159.475272905,-2863159.475272905,443525.0223402372,59.10772391571034,0.7411219503267729,3093809.7323394474,-230650.25706654228,145,volume,PayAsProduced / IndexedWithFloorCap
PayAsProduced,Floating,0.0,-0.0,443525.0223402372,49.770692976376324,0.7411219503267729,0.0,0.0,145,volume,PayAsProduced / Floating
PayAsNominated,FixedFlat,1647897.4855412333,-1647897.4855412333,443525.0223402373,65.0,0.7411219503267729,1971006.1633808548,-323108.67783962144,145,volume,PayAsNominated / FixedFlat
PayAsNominated,FixedEscalated,3485600.4461323656,-3485600.4461323656,443525.0223402373,71.12060751933694,0.7411219503267729,3999059.3244112167,-513458.87827885104,145,volume,PayAsNominated / FixedEscalated
PayAsNominated,IndexedWithFloorCap,575814.7121434697,-575814.7121434697,443525.0223402373,61.17804678407575,0.7411219503267729,704608.2974211313,-128793.58527766156,145,volume,PayAsNominated / IndexedWithFloorCap
PayAsNominated,Floating,0.0,-0.0,443525.0223402373,59.05155871845131,0.7411219503267729,0.0,0.0,145,volume,PayAsNominated / Floating
Baseload,FixedFlat,-1043799.0105321459,1043799.0105321459,443525.0223402373,65.00000000000003,0.7411219503267729,-714345.5738840811,-329453.43664806476,145,volume,Baseload / FixedFlat
Baseload,FixedEscalated,804943.1059159474,-804943.1059159474,443525.0223402373,71.17379605473559,0.7411219503267729,1331331.520228896,-526388.4143129487,145,volume,Baseload / FixedEscalated
Baseload,IndexedWithFloorCap,-125845.31949658057,125845.31949658057,443525.0223402373,67.06622337375093,0.7411219503267729,-29705.88226989143,-96139.43722668914,145,volume,Baseload / IndexedWithFloorCap
Baseload,Floating,0.0,-0.0,443525.0223402373,67.15587489269694,0.7411219503267729,0.0,0.0,145,volume,Baseload / Floating
PayAsProduced,FixedFlat,4730048.148257257,-4730048.148257257,444507.68307561456,64.99999999999999,0.7382045263657039,5122448.186608472,-392400.0383512145,146,volume,PayAsProduced / FixedFlat
PayAsProduced,FixedEscalated,6577237.859427268,-6577237.859427268,444507.68307561456,71.14726165971027,0.7382045263657039,7163846.014123724,-586608.1546964562,146,volume,PayAsProduced / FixedEscalated
PayAsProduced,IndexedWithFloorCap,2882873.186199552,-2882873.186199552,444507.68307561456,58.96310281759812,0.7382045263657039,3117700.4671712425,-234827.28097169055,146,volume,PayAsProduced / IndexedWithFloorCap
PayAsProduced,Floating,0.0,-0.0,444507.68307561456,49.57477081783781,0.7382045263657039,0.0,0.0,146,volume,PayAsProduced / Floating
PayAsNominated,FixedFlat,1682095.3357740948,-1682095.3357740948,444507.68307561456,65.00000000000001,0.7382045263657039,2009077.0932640121,-326981.75748991733,146,volume,PayAsNominated / FixedFlat
PayAsNominated,FixedEscalated,3529308.891237679,-3529308.891237679,444507.68307561456,71.14726165971025,0.7382045263657039,4050474.9207792496,-521166.0295415707,146,volume,PayAsNominated / FixedEscalated
PayAsNominated,IndexedWithFloorCap,580379.787213451,-580379.787213451,444507.68307561456,61.08831517435399,0.7382045263657039,710075.1397056341,-129695.3524921831,146,volume,PayAsNominated / IndexedWithFloorCap
PayAsNominated,Floating,0.0,-0.0,444507.68307561456,58.950065773384026,0.7382045263657039,0.0,0.0,146,volume,PayAsNominated / Floating
Baseload,FixedFlat,-1046111.6203097493,1046111.6203097493,444507.6830756145,64.99999999999997,0.7382045263657039,-715928.2565098618,-330183.3637998875,146,volume,Baseload / FixedFlat
Baseload,FixedEscalated,806726.5137160819,-806726.5137160819,444507.6830756145,71.1737960547356,0.7382045263657039,1334281.178410065,-527554.664693983,146,volume,Baseload / FixedEscalated
Baseload,IndexedWithFloorCap,-126124.1386115604,126124.1386115604,444507.6830756145,67.06622337375094,0.7382045263657039,-29771.697731581367,-96352.44087997903,146,volume,Baseload / IndexedWithFloorCap
Baseload,Floating,0.0,-0.0,444507.6830756145,67.15587489269696,0.7382045263657039,0.0,0.0,146,volume,Baseload / Floating
PayAsProduced,FixedFlat,4631138.2745988695,-4631138.2745988695,436036.91946268687,65.0,0.739608175497246,4994125.563540272,-362987.2889414029,147,volume,PayAsProduced / FixedFlat
PayAsProduced,FixedEscalated,6427948.344866723,-6427948.344866723,436036.91946268687,71.0816925309622,0.739608175497246,6975262.064863102,-547313.7199963788,147,volume,PayAsProduced / FixedEscalated
PayAsProduced,IndexedWithFloorCap,2808832.400544187,-2808832.400544187,436036.91946268687,58.97195142488676,0.739608175497246,3030463.8027549945,-221631.40221080743,147,volume,PayAsProduced / IndexedWithFloorCap
PayAsProduced,Floating,0.0,-0.0,436036.91946268687,49.669034103308874,0.739608175497246,0.0,0.0,147,volume,PayAsProduced / Floating
PayAsNominated,FixedFlat,1666132.7900110614,-1666132.7900110614,436036.91946268687,65.0,0.739608175497246,1972557.490760722,-306424.7007496606,147,volume,PayAsNominated / FixedFlat
PayAsNominated,FixedEscalated,3462966.1857464015,-3462966.1857464015,436036.91946268687,71.08169253096219,0.739608175497246,3953693.9920835462,-490727.8063371447,147,volume,PayAsNominated / FixedEscalated
PayAsNominated,IndexedWithFloorCap,566144.8915471709,-566144.8915471709,436036.91946268687,61.06454198893153,0.739608175497246,690565.763053706,-124420.8715065351,147,volume,PayAsNominated / IndexedWithFloorCap
PayAsNominated,Floating,0.0,-0.0,436036.91946268687,58.94464331435879,0.739608175497246,0.0,0.0,147,volume,PayAsNominated / Floating
Baseload,FixedFlat,-1026176.3872738032,1026176.3872738032,436036.919462687,64.99999999999999,0.739608175497246,-702285.1649377303,-323891.22233607294,147,volume,Baseload / FixedFlat
Baseload,FixedEscalated,791353.1245528446,-791353.1245528446,436036.919462687,71.17379605473558,0.739608175497246,1308854.4402774703,-517501.3157246257,147,volume,Baseload / FixedEscalated
Baseload,IndexedWithFloorCap,-123720.6531269665,123720.6531269665,436036.919462687,67.06622337375092,0.739608175497246,-29204.35317615136,-94516.29995081514,147,volume,Baseload / IndexedWithFloorCap
Baseload,Floating,0.0,-0.0,436036.919462687,67.15587489269693,0.739608175497246,0.0,0.0,147,volume,Baseload / Floating
PayAsProduced,FixedFlat,4757030.7432297375,-4757030.7432297375,446500.4942694654,65.0,0.7386686965618917,5135015.079505219,-377984.3362754816,148,volume,PayAsProduced / FixedFlat
PayAsProduced,FixedEscalated,6598905.549104242,-6598905.549104242,446500.4942694654,71.09011561091766,0.7386686965618917,7166502.596505159,-567597.0474009169,148,volume,PayAsProduced / FixedEscalated
PayAsProduced,IndexedWithFloorCap,2911546.010372988,-2911546.010372988,446500.4942694654,59.01933237588033,0.7386686965618917,3140036.2649907153,-228490.25461772736,148,volume,PayAsProduced / IndexedWithFloorCap
PayAsProduced,Floating,0.0,-0.0,446500.4942694654,49.60594257346191,0.7386686965618917,0.0,0.0,148,volume,PayAsProduced / Floating
PayAsNominated,FixedFlat,1673771.7820754857,-1673771.7820754857,446500.4942694654,64.99999999999999,0.7386686965618917,1995550.1556458184,-321778.37357033277,148,volume,PayAsNominated / FixedFlat
PayAsNominated,FixedEscalated,3515670.3360466915,-3515670.3360466915,446500.4942694654,71.09011561091764,0.7386686965618917,4027037.6726457537,-511367.3365990622,148,volume,PayAsNominated / FixedEscalated
PayAsNominated,IndexedWithFloorCap,585534.1445500577,-585534.1445500577,446500.4942694654,61.15980487111587,0.7386686965618917,714571.4410239212,-129037.29647386353,148,volume,PayAsNominated / IndexedWithFloorCap
PayAsNominated,Floating,0.0,-0.0,446500.4942694654,59.017619575031745,0.7386686965618917,0.0,0.0,148,volume,PayAsNominated / Floating
Baseload,FixedFlat,-1050801.5346269691,1050801.5346269691,446500.4942694655,64.99999999999999,0.7386686965618917,-719137.8969680179,-331663.6376589512,148,volume,Baseload / FixedFlat
Baseload,FixedEscalated,810343.2197666634,-810343.2197666634,446500.4942694655,71.17379605473556,0.7386686965618917,1340263.0108267295,-529919.7910600661,148,volume,Baseload / FixedEscalated
Baseload,IndexedWithFloorCap,-126689.5767463994,126689.5767463994,446500.4942694655,67.06622337375093,0.7386686965618917,-29905.169828366797,-96784.4069180326,148,volume,Baseload / IndexedWithFloorCap
Baseload,Floating,0.0,-0.0,446500.4942694655,67.15587489269693,0.7386686965618917,0.0,0.0,148,volume,Baseload / Floating
PayAsProduced,FixedFlat,4699926.452473231,-4699926.452473231,442817.4946664428,65.00000000000001,0.7393317349359129,5077928.058566224,-378001.60609299317,149,volume,PayAsProduced / FixedFlat
PayAsProduced,FixedEscalated,6530407.1473674,-6530407.1473674,442817.4946664428,71.10713861721793,0.7393317349359129,7098290.214460646,-567883.0670932457,149,volume,PayAsProduced / FixedEscalated
PayAsProduced,IndexedWithFloorCap,2883943.7773529906,-2883943.7773529906,442817.4946664428,59.05921609347653,0.7393317349359129,3112599.3287994205,-228655.55144642992,149,volume,PayAsProduced / IndexedWithFloorCap
PayAsProduced,Floating,0.0,-0.0,442817.4946664428,49.650469495556756,0.7393317349359129,0.0,0.0,149,volume,PayAsProduced / Floating
PayAsNominated,FixedFlat,1666714.3734720203,-1666714.3734720203,442817.49466644286,64.99999999999999,0.7393317349359129,1985234.7505147706,-318520.37704275036,149,volume,PayAsNominated / FixedFlat
PayAsNominated,FixedEscalated,3497218.7993476037,-3497218.7993476037,442817.49466644286,71.10713861721791,0.7393317349359129,4005596.9064091975,-508378.1070615938,149,volume,PayAsNominated / FixedEscalated
PayAsNominated,IndexedWithFloorCap,582439.7689906248,-582439.7689906248,442817.49466644286,61.14732321343476,0.7393317349359129,710693.1253215307,-128253.35633090592,149,volume,PayAsNominated / IndexedWithFloorCap
PayAsNominated,Floating,0.0,-0.0,442817.49466644286,58.99904429325228,0.7393317349359129,0.0,0.0,149,volume,PayAsNominated / Floating
Baseload,FixedFlat,-1042133.9033823076,1042133.9033823076,442817.4946664427,65.00000000000001,0.7393317349359129,-713206.0231559111,-328927.8802263965,149,volume,Baseload / FixedFlat
Baseload,FixedEscalated,803659.0306223807,-803659.0306223807,442817.4946664427,71.17379605473559,0.7393317349359129,1329207.7304851043,-525548.6998627236,149,volume,Baseload / FixedEscalated
Baseload,IndexedWithFloorCap,-125644.56634472561,125644.56634472561,442817.4946664427,67.06622337375096,0.7393317349359129,-29658.49433748227,-95986.07200724335,149,volume,Baseload / IndexedWithFloorCap
Baseload,Floating,0.0,-0.0,442817.4946664427,67.15587489269697,0.7393317349359129,0.0,0.0,149,volume,Baseload / Floating
